epoch,step,test/AP/B1,test/AP/B2,test/AP/B3,test/AP/B4,test/F1,test/loss,test/mAP_50,test/mAP_50_95,test/mAP_75,test/mAR,test/precision,test/recall,train/cardinality_error,train/cardinality_error_0,train/cardinality_error_1,train/cardinality_error_2,train/cardinality_error_enc,train/class_error,train/loss,train/loss_bbox,train/loss_bbox_0,train/loss_bbox_1,train/loss_bbox_2,train/loss_bbox_enc,train/loss_ce,train/loss_ce_0,train/loss_ce_1,train/loss_ce_2,train/loss_ce_enc,train/loss_giou,train/loss_giou_0,train/loss_giou_1,train/loss_giou_2,train/loss_giou_enc,train/lr,train/lr_max,train/lr_min,val/AP/B1,val/AP/B2,val/AP/B3,val/AP/B4,val/F1,val/cardinality_error,val/cardinality_error_0,val/cardinality_error_1,val/cardinality_error_2,val/cardinality_error_enc,val/class_error,val/ema_mAP_50,val/ema_mAP_50_95,val/ema_mAR,val/loss,val/loss_bbox,val/loss_bbox_0,val/loss_bbox_1,val/loss_bbox_2,val/loss_bbox_enc,val/loss_ce,val/loss_ce_0,val/loss_ce_1,val/loss_ce_2,val/loss_ce_enc,val/loss_giou,val/loss_giou_0,val/loss_giou_1,val/loss_giou_2,val/loss_giou_enc,val/mAP_50,val/mAP_50_95,val/mAP_75,val/mAR,val/precision,val/recall
0,49,,,,,,,,,,,,,,,,,,,,,,,,,,,,,,,,,,,9.999999747378752e-05,9.999999747378752e-05,3.232564267818816e-06,,,,,,,,,,,,,,,,,,,,,,,,,,,,,,,,,,,,
0,99,,,,,,,,,,,,,,,,,,,,,,,,,,,,,,,,,,,9.999999747378752e-05,9.999999747378752e-05,3.232564267818816e-06,,,,,,,,,,,,,,,,,,,,,,,,,,,,,,,,,,,,
0,149,,,,,,,,,,,,,,,,,,,,,,,,,,,,,,,,,,,9.999999747378752e-05,9.999999747378752e-05,3.232564267818816e-06,,,,,,,,,,,,,,,,,,,,,,,,,,,,,,,,,,,,
0,187,,,,,,,,,,,,,,,,,,,,,,,,,,,,,,,,,,,,,,0.3373658061027527,0.1663753092288971,0.2356988489627838,0.1384086161851883,0.5191199779510498,295.3291931152344,295.3291931152344,295.30694580078125,295.32672119140625,295.3291931152344,32.397743225097656,0.5118157863616943,0.22469820082187653,0.5539921522140503,8.727861404418945,0.041525423526763916,0.04252999275922775,0.042339026927948,0.041958220303058624,0.04544047638773918,0.8945302963256836,0.9110532999038696,0.8888741731643677,0.892814040184021,0.8985251188278198,0.3110584616661072,0.3158452808856964,0.31551167368888855,0.3128425180912018,0.33129191398620605,0.4965793788433075,0.21946214139461517,0.1649332046508789,0.5524436235427856,0.48301976919174194,0.5806460976600647
0,187,,,,,,,,,,,,,3894.62890625,3895.037841796875,3894.310546875,3894.678955078125,3895.0810546875,40.58573913574219,9.15325927734375,0.047293536365032196,0.04846198111772537,0.048254240304231644,0.04746013507246971,0.051141053438186646,0.9385020732879639,0.9614160656929016,0.9379445314407349,0.9390596151351929,0.9505418539047241,0.3164331912994385,0.31955692172050476,0.32049858570098877,0.31729456782341003,0.33258751034736633,,,,,,,,,,,,,,,,,,,,,,,,,,,,,,,,,,,,,,,
1,199,,,,,,,,,,,,,,,,,,,,,,,,,,,,,,,,,,,9.999999747378752e-05,9.999999747378752e-05,3.232564267818816e-06,,,,,,,,,,,,,,,,,,,,,,,,,,,,,,,,,,,,
1,249,,,,,,,,,,,,,,,,,,,,,,,,,,,,,,,,,,,9.999999747378752e-05,9.999999747378752e-05,3.232564267818816e-06,,,,,,,,,,,,,,,,,,,,,,,,,,,,,,,,,,,,
1,299,,,,,,,,,,,,,,,,,,,,,,,,,,,,,,,,,,,9.999999747378752e-05,9.999999747378752e-05,3.232564267818816e-06,,,,,,,,,,,,,,,,,,,,,,,,,,,,,,,,,,,,
1,349,,,,,,,,,,,,,,,,,,,,,,,,,,,,,,,,,,,9.999999747378752e-05,9.999999747378752e-05,3.232564267818816e-06,,,,,,,,,,,,,,,,,,,,,,,,,,,,,,,,,,,,
1,375,,,,,,,,,,,,,,,,,,,,,,,,,,,,,,,,,,,,,,0.3844473659992218,0.20514370501041412,0.24283947050571442,0.15352492034435272,0.5423400402069092,295.3291931152344,295.32672119140625,295.28466796875,295.32672119140625,295.3291931152344,32.152732849121094,0.5394156575202942,0.25020140409469604,0.5529839396476746,8.578018188476562,0.04014179855585098,0.041996508836746216,0.041192881762981415,0.04038894921541214,0.044503193348646164,0.8841352462768555,0.889525830745697,0.8784645199775696,0.8792266249656677,0.8805078268051147,0.30536195635795593,0.31321290135383606,0.3111102879047394,0.30769461393356323,0.3251413106918335,0.5330678820610046,0.24648886919021606,0.18904338777065277,0.5414357781410217,0.49062231183052063,0.6403486728668213
1,375,,,,,,,,,,,,,3895.402587890625,3895.3125,3894.9052734375,3895.243896484375,3895.38525390625,31.446786880493164,8.572141647338867,0.04385630786418915,0.044787533581256866,0.04452705755829811,0.04407816380262375,0.047577012330293655,0.8829323053359985,0.8974345326423645,0.882539689540863,0.8831422924995422,0.8917936086654663,0.29645490646362305,0.2994820475578308,0.298946738243103,0.2973387837409973,0.3128614127635956,,,,,,,,,,,,,,,,,,,,,,,,,,,,,,,,,,,,,,,
2,399,,,,,,,,,,,,,,,,,,,,,,,,,,,,,,,,,,,9.999999747378752e-05,9.999999747378752e-05,3.232564267818816e-06,,,,,,,,,,,,,,,,,,,,,,,,,,,,,,,,,,,,
2,449,,,,,,,,,,,,,,,,,,,,,,,,,,,,,,,,,,,9.999999747378752e-05,9.999999747378752e-05,3.232564267818816e-06,,,,,,,,,,,,,,,,,,,,,,,,,,,,,,,,,,,,
2,499,,,,,,,,,,,,,,,,,,,,,,,,,,,,,,,,,,,9.999999747378752e-05,9.999999747378752e-05,3.232564267818816e-06,,,,,,,,,,,,,,,,,,,,,,,,,,,,,,,,,,,,
2,549,,,,,,,,,,,,,,,,,,,,,,,,,,,,,,,,,,,9.999999747378752e-05,9.999999747378752e-05,3.232564267818816e-06,,,,,,,,,,,,,,,,,,,,,,,,,,,,,,,,,,,,
2,563,,,,,,,,,,,,,,,,,,,,,,,,,,,,,,,,,,,,,,0.3817780911922455,0.21973460912704468,0.25061503052711487,0.1448078602552414,0.5485016107559204,295.3291931152344,295.3291931152344,295.2747497558594,295.3193054199219,295.3291931152344,30.121904373168945,0.5575831532478333,0.25560304522514343,0.5472644567489624,8.50579833984375,0.03961823880672455,0.04127417877316475,0.041072238236665726,0.03996655344963074,0.042725250124931335,0.8710422515869141,0.8782733082771301,0.8659214973449707,0.8696384429931641,0.8779011964797974,0.305968314409256,0.31332069635391235,0.3130834698677063,0.30743810534477234,0.32005971670150757,0.5359046459197998,0.2492339015007019,0.1944732815027237,0.5402712821960449,0.4788435995578766,0.6443136930465698
2,563,,,,,,,,,,,,,3895.377685546875,3895.28125,3894.45068359375,3895.27587890625,3895.356689453125,29.349544525146484,8.468698501586914,0.04325862601399422,0.04477990046143532,0.0443815179169178,0.04371539130806923,0.047891128808259964,0.8741036057472229,0.8834463953971863,0.8692565560340881,0.8718535900115967,0.8800126910209656,0.29034942388534546,0.29617491364479065,0.2956831157207489,0.29239141941070557,0.3103448450565338,,,,,,,,,,,,,,,,,,,,,,,,,,,,,,,,,,,,,,,
3,599,,,,,,,,,,,,,,,,,,,,,,,,,,,,,,,,,,,9.999999747378752e-05,9.999999747378752e-05,3.232564267818816e-06,,,,,,,,,,,,,,,,,,,,,,,,,,,,,,,,,,,,
3,649,,,,,,,,,,,,,,,,,,,,,,,,,,,,,,,,,,,9.999999747378752e-05,9.999999747378752e-05,3.232564267818816e-06,,,,,,,,,,,,,,,,,,,,,,,,,,,,,,,,,,,,
3,699,,,,,,,,,,,,,,,,,,,,,,,,,,,,,,,,,,,9.999999747378752e-05,9.999999747378752e-05,3.232564267818816e-06,,,,,,,,,,,,,,,,,,,,,,,,,,,,,,,,,,,,
3,749,,,,,,,,,,,,,,,,,,,,,,,,,,,,,,,,,,,9.999999747378752e-05,9.999999747378752e-05,3.232564267818816e-06,,,,,,,,,,,,,,,,,,,,,,,,,,,,,,,,,,,,
3,751,,,,,,,,,,,,,,,,,,,,,,,,,,,,,,,,,,,,,,0.39475107192993164,0.2139207422733307,0.25571209192276,0.15770509839057922,0.5718339085578918,295.3291931152344,295.3291931152344,295.2698059082031,295.3118896484375,295.3291931152344,29.85194206237793,0.5630279779434204,0.2585774064064026,0.5512207746505737,8.462475776672363,0.03974826633930206,0.04117073863744736,0.04014529287815094,0.04048305004835129,0.04241931438446045,0.8694441318511963,0.8754274249076843,0.8688787817955017,0.8650895953178406,0.870396077632904,0.3047615885734558,0.31009939312934875,0.30637070536613464,0.3074026107788086,0.3180690109729767,0.5634669065475464,0.2555222511291504,0.19402724504470825,0.5411975979804993,0.5226371884346008,0.6412208080291748
3,751,,,,,,,,,,,,,3895.41259765625,3895.25244140625,3893.972412109375,3895.31494140625,3895.411865234375,28.73794937133789,8.362858772277832,0.04188701882958412,0.043452512472867966,0.042655229568481445,0.04224221780896187,0.045515794306993484,0.8698211908340454,0.877336859703064,0.8683230876922607,0.8680503368377686,0.8787475228309631,0.2867782413959503,0.29279205203056335,0.290039986371994,0.28836992383003235,0.3029262125492096,,,,,,,,,,,,,,,,,,,,,,,,,,,,,,,,,,,,,,,
4,799,,,,,,,,,,,,,,,,,,,,,,,,,,,,,,,,,,,9.999999747378752e-05,9.999999747378752e-05,3.232564267818816e-06,,,,,,,,,,,,,,,,,,,,,,,,,,,,,,,,,,,,
4,849,,,,,,,,,,,,,,,,,,,,,,,,,,,,,,,,,,,9.999999747378752e-05,9.999999747378752e-05,3.232564267818816e-06,,,,,,,,,,,,,,,,,,,,,,,,,,,,,,,,,,,,
4,899,,,,,,,,,,,,,,,,,,,,,,,,,,,,,,,,,,,9.999999747378752e-05,9.999999747378752e-05,3.232564267818816e-06,,,,,,,,,,,,,,,,,,,,,,,,,,,,,,,,,,,,
4,939,,,,,,,,,,,,,,,,,,,,,,,,,,,,,,,,,,,,,,0.3954448699951172,0.22342708706855774,0.2545519769191742,0.15988434851169586,0.5605649352073669,295.3291931152344,295.3291931152344,295.28216552734375,295.32177734375,295.3291931152344,30.70288848876953,0.5660876035690308,0.25932958722114563,0.5466158986091614,8.428156852722168,0.03846108168363571,0.03988216072320938,0.039251282811164856,0.03876321017742157,0.0413459837436676,0.8878303170204163,0.8888975381851196,0.8813369870185852,0.8833996057510376,0.891818642616272,0.2951354384422302,0.30294981598854065,0.29918864369392395,0.29619696736335754,0.3097074627876282,0.5578766465187073,0.25832706689834595,0.2012924998998642,0.5512353777885437,0.5622104406356812,0.5753258466720581
4,939,,,,,,,,,,,,,3895.359619140625,3895.060791015625,3893.523193359375,3895.07080078125,3895.3720703125,27.851524353027344,8.29133415222168,0.04152531549334526,0.04300306364893913,0.042285528033971786,0.042032402008771896,0.0456979013979435,0.8613865375518799,0.8692411780357361,0.8604316711425781,0.8586403727531433,0.868677020072937,0.28441858291625977,0.2896095812320709,0.2874329686164856,0.2865128517150879,0.3021447956562042,,,,,,,,,,,,,,,,,,,,,,,,,,,,,,,,,,,,,,,
5,949,,,,,,,,,,,,,,,,,,,,,,,,,,,,,,,,,,,9.999999747378752e-05,9.999999747378752e-05,3.232564267818816e-06,,,,,,,,,,,,,,,,,,,,,,,,,,,,,,,,,,,,
5,999,,,,,,,,,,,,,,,,,,,,,,,,,,,,,,,,,,,9.999999747378752e-05,9.999999747378752e-05,3.232564267818816e-06,,,,,,,,,,,,,,,,,,,,,,,,,,,,,,,,,,,,
5,1049,,,,,,,,,,,,,,,,,,,,,,,,,,,,,,,,,,,9.999999747378752e-05,9.999999747378752e-05,3.232564267818816e-06,,,,,,,,,,,,,,,,,,,,,,,,,,,,,,,,,,,,
5,1099,,,,,,,,,,,,,,,,,,,,,,,,,,,,,,,,,,,9.999999747378752e-05,9.999999747378752e-05,3.232564267818816e-06,,,,,,,,,,,,,,,,,,,,,,,,,,,,,,,,,,,,
5,1127,,,,,,,,,,,,,,,,,,,,,,,,,,,,,,,,,,,,,,0.39740151166915894,0.21938776969909668,0.253328412771225,0.1430182307958603,0.5685985684394836,295.12127685546875,295.31683349609375,294.5296936035156,295.22772216796875,295.3291931152344,31.436975479125977,0.563830554485321,0.25768372416496277,0.5427031517028809,8.420381546020508,0.03945610299706459,0.04050491377711296,0.0401669479906559,0.039747223258018494,0.04207242652773857,0.8697736859321594,0.8811930418014526,0.8666927814483643,0.8687509894371033,0.8736352920532227,0.30100369453430176,0.3038210868835449,0.3050220310688019,0.3021956980228424,0.3132566809654236,0.549138605594635,0.2532839775085449,0.19404390454292297,0.5299111008644104,0.5105045437812805,0.6445387601852417
5,1127,,,,,,,,,,,,,3895.295166015625,3894.828125,3891.88671875,3894.471435546875,3895.3623046875,27.67206382751465,8.27824878692627,0.041733887046575546,0.043026600033044815,0.04215679690241814,0.042004212737083435,0.04558532312512398,0.8600258231163025,0.8713354468345642,0.8609259724617004,0.8593900203704834,0.8676878213882446,0.2837638854980469,0.28823232650756836,0.28564006090164185,0.28447961807250977,0.3010563850402832,,,,,,,,,,,,,,,,,,,,,,,,,,,,,,,,,,,,,,,
6,1149,,,,,,,,,,,,,,,,,,,,,,,,,,,,,,,,,,,9.999999747378752e-05,9.999999747378752e-05,3.232564267818816e-06,,,,,,,,,,,,,,,,,,,,,,,,,,,,,,,,,,,,
6,1199,,,,,,,,,,,,,,,,,,,,,,,,,,,,,,,,,,,9.999999747378752e-05,9.999999747378752e-05,3.232564267818816e-06,,,,,,,,,,,,,,,,,,,,,,,,,,,,,,,,,,,,
6,1249,,,,,,,,,,,,,,,,,,,,,,,,,,,,,,,,,,,9.999999747378752e-05,9.999999747378752e-05,3.232564267818816e-06,,,,,,,,,,,,,,,,,,,,,,,,,,,,,,,,,,,,
6,1299,,,,,,,,,,,,,,,,,,,,,,,,,,,,,,,,,,,9.999999747378752e-05,9.999999747378752e-05,3.232564267818816e-06,,,,,,,,,,,,,,,,,,,,,,,,,,,,,,,,,,,,
6,1315,,,,,,,,,,,,,,,,,,,,,,,,,,,,,,,,,,,,,,0.37836724519729614,0.2134009152650833,0.24112270772457123,0.14460551738739014,0.5712487101554871,295.31683349609375,295.3193054199219,295.2796936035156,295.3242492675781,295.3291931152344,30.62363624572754,0.5636255145072937,0.2558642327785492,0.5365020036697388,8.618038177490234,0.04262696951627731,0.043365731835365295,0.04260540381073952,0.042579133063554764,0.04826819524168968,0.864009439945221,0.8832182884216309,0.8654618859291077,0.8654794692993164,0.8723920583724976,0.3135251998901367,0.31374475359916687,0.3128548562526703,0.3119570016860962,0.3330436646938324,0.5510389804840088,0.2443740963935852,0.18337412178516388,0.5201966762542725,0.5360895991325378,0.6152754426002502
6,1315,,,,,,,,,,,,,3895.170166015625,3894.96435546875,3891.56494140625,3894.951171875,3895.403564453125,27.032262802124023,8.246261596679688,0.041679464280605316,0.04299360513687134,0.04239627718925476,0.04179728403687477,0.04567316174507141,0.8534728288650513,0.863634467124939,0.8534189462661743,0.8548945784568787,0.864972710609436,0.2830509543418884,0.288146436214447,0.28605547547340393,0.28316017985343933,0.3011718988418579,,,,,,,,,,,,,,,,,,,,,,,,,,,,,,,,,,,,,,,
7,1349,,,,,,,,,,,,,,,,,,,,,,,,,,,,,,,,,,,9.999999747378752e-05,9.999999747378752e-05,3.232564267818816e-06,,,,,,,,,,,,,,,,,,,,,,,,,,,,,,,,,,,,
7,1399,,,,,,,,,,,,,,,,,,,,,,,,,,,,,,,,,,,9.999999747378752e-05,9.999999747378752e-05,3.232564267818816e-06,,,,,,,,,,,,,,,,,,,,,,,,,,,,,,,,,,,,
7,1449,,,,,,,,,,,,,,,,,,,,,,,,,,,,,,,,,,,9.999999747378752e-05,9.999999747378752e-05,3.232564267818816e-06,,,,,,,,,,,,,,,,,,,,,,,,,,,,,,,,,,,,
7,1499,,,,,,,,,,,,,,,,,,,,,,,,,,,,,,,,,,,9.999999747378752e-05,9.999999747378752e-05,3.232564267818816e-06,,,,,,,,,,,,,,,,,,,,,,,,,,,,,,,,,,,,
7,1503,,,,,,,,,,,,,,,,,,,,,,,,,,,,,,,,,,,,,,0.39171549677848816,0.2161320447921753,0.24410192668437958,0.15431688725948334,0.5674223303794861,293.76239013671875,292.4801940917969,294.30694580078125,294.3737487792969,295.3291931152344,31.661884307861328,0.566974401473999,0.2567499876022339,0.5327786207199097,8.507890701293945,0.041054271161556244,0.04197647050023079,0.04198376461863518,0.0414109006524086,0.0436430349946022,0.8672125935554504,0.8780189156532288,0.8629647493362427,0.8652419447898865,0.8729950785636902,0.3077238202095032,0.30973413586616516,0.31081217527389526,0.3087909519672394,0.31849655508995056,0.5553409457206726,0.2515665888786316,0.19277475774288177,0.5313402414321899,0.5302165150642395,0.611369788646698
7,1503,,,,,,,,,,,,,3894.106689453125,3894.034912109375,3891.15625,3894.770263671875,3895.296630859375,26.592914581298828,8.17457389831543,0.04161386936903,0.04254857823252678,0.042207010090351105,0.0417385958135128,0.04507126659154892,0.8449999094009399,0.8568932414054871,0.8450974225997925,0.8455234169960022,0.8559730052947998,0.2819642424583435,0.2844972014427185,0.28428900241851807,0.2823876142501831,0.29695674777030945,,,,,,,,,,,,,,,,,,,,,,,,,,,,,,,,,,,,,,,
8,1549,,,,,,,,,,,,,,,,,,,,,,,,,,,,,,,,,,,9.999999747378752e-05,9.999999747378752e-05,3.232564267818816e-06,,,,,,,,,,,,,,,,,,,,,,,,,,,,,,,,,,,,
8,1599,,,,,,,,,,,,,,,,,,,,,,,,,,,,,,,,,,,9.999999747378752e-05,9.999999747378752e-05,3.232564267818816e-06,,,,,,,,,,,,,,,,,,,,,,,,,,,,,,,,,,,,
8,1649,,,,,,,,,,,,,,,,,,,,,,,,,,,,,,,,,,,9.999999747378752e-05,9.999999747378752e-05,3.232564267818816e-06,,,,,,,,,,,,,,,,,,,,,,,,,,,,,,,,,,,,
8,1691,,,,,,,,,,,,,,,,,,,,,,,,,,,,,,,,,,,,,,0.3761131465435028,0.2074272185564041,0.2481166571378708,0.155995175242424,0.576320230960846,294.69305419921875,295.23760986328125,293.5,294.7598876953125,295.3291931152344,30.50830078125,0.5643513202667236,0.2577233910560608,0.529327929019928,8.510965347290039,0.04178022965788841,0.04243260622024536,0.04239534214138985,0.041653089225292206,0.04299278184771538,0.8622828722000122,0.8708332777023315,0.8595966100692749,0.8628861308097839,0.8696830868721008,0.31098440289497375,0.31295445561408997,0.31289568543434143,0.310245543718338,0.3176265358924866,0.5545282959938049,0.24691304564476013,0.1783764511346817,0.5218055248260498,0.5409396886825562,0.6248860359191895
8,1691,,,,,,,,,,,,,3893.780029296875,3893.693115234375,3888.04443359375,3892.826171875,3895.398681640625,25.624317169189453,8.090723037719727,0.0403449647128582,0.04128583148121834,0.04091561958193779,0.04054013267159462,0.043477825820446014,0.8402929902076721,0.854483962059021,0.8405779004096985,0.840721070766449,0.8550291657447815,0.2785685658454895,0.28139668703079224,0.2808826267719269,0.2793468236923218,0.2932031750679016,,,,,,,,,,,,,,,,,,,,,,,,,,,,,,,,,,,,,,,
9,1699,,,,,,,,,,,,,,,,,,,,,,,,,,,,,,,,,,,9.999999747378752e-05,9.999999747378752e-05,3.232564267818816e-06,,,,,,,,,,,,,,,,,,,,,,,,,,,,,,,,,,,,
9,1749,,,,,,,,,,,,,,,,,,,,,,,,,,,,,,,,,,,9.999999747378752e-05,9.999999747378752e-05,3.232564267818816e-06,,,,,,,,,,,,,,,,,,,,,,,,,,,,,,,,,,,,
9,1799,,,,,,,,,,,,,,,,,,,,,,,,,,,,,,,,,,,9.999999747378752e-05,9.999999747378752e-05,3.232564267818816e-06,,,,,,,,,,,,,,,,,,,,,,,,,,,,,,,,,,,,
9,1849,,,,,,,,,,,,,,,,,,,,,,,,,,,,,,,,,,,9.999999747378752e-05,9.999999747378752e-05,3.232564267818816e-06,,,,,,,,,,,,,,,,,,,,,,,,,,,,,,,,,,,,
9,1879,,,,,,,,,,,,,,,,,,,,,,,,,,,,,,,,,,,,,,0.3912632167339325,0.210953950881958,0.24593068659305573,0.16291417181491852,0.5599111914634705,292.1262512207031,292.98760986328125,288.4752502441406,293.92327880859375,295.3291931152344,32.28139114379883,0.5698771476745605,0.2603546380996704,0.5349281430244446,8.528899192810059,0.0411360040307045,0.04172203317284584,0.04151178151369095,0.04112641513347626,0.04318097233772278,0.8729925155639648,0.891474723815918,0.8725996017456055,0.8702731132507324,0.8823414444923401,0.30707135796546936,0.3087477684020996,0.30819791555404663,0.3075614273548126,0.3163378834724426,0.5553674101829529,0.2527655065059662,0.1894635260105133,0.547954797744751,0.5070074796676636,0.6287089586257935
9,1879,,,,,,,,,,,,,3892.055419921875,3893.767333984375,3878.15869140625,3892.25439453125,3895.382568359375,25.359947204589844,8.10707950592041,0.040855903178453445,0.0418434701859951,0.04142051190137863,0.04100567102432251,0.044265396893024445,0.8415650129318237,0.8542230725288391,0.8416853547096252,0.8419961929321289,0.8550856709480286,0.2782956063747406,0.28148630261421204,0.280658483505249,0.278749942779541,0.2935938537120819,,,,,,,,,,,,,,,,,,,,,,,,,,,,,,,,,,,,,,,
10,1899,,,,,,,,,,,,,,,,,,,,,,,,,,,,,,,,,,,9.999999747378752e-05,9.999999747378752e-05,3.232564267818816e-06,,,,,,,,,,,,,,,,,,,,,,,,,,,,,,,,,,,,
10,1949,,,,,,,,,,,,,,,,,,,,,,,,,,,,,,,,,,,9.999999747378752e-05,9.999999747378752e-05,3.232564267818816e-06,,,,,,,,,,,,,,,,,,,,,,,,,,,,,,,,,,,,
10,1999,,,,,,,,,,,,,,,,,,,,,,,,,,,,,,,,,,,9.999999747378752e-05,9.999999747378752e-05,3.232564267818816e-06,,,,,,,,,,,,,,,,,,,,,,,,,,,,,,,,,,,,
10,2049,,,,,,,,,,,,,,,,,,,,,,,,,,,,,,,,,,,9.999999747378752e-05,9.999999747378752e-05,3.232564267818816e-06,,,,,,,,,,,,,,,,,,,,,,,,,,,,,,,,,,,,
10,2067,,,,,,,,,,,,,,,,,,,,,,,,,,,,,,,,,,,,,,0.39079737663269043,0.2162981480360031,0.24553531408309937,0.15233108401298523,0.5669083595275879,294.71533203125,295.0,294.1460266113281,294.82177734375,295.3291931152344,30.823747634887695,0.568284273147583,0.25731560587882996,0.5296581983566284,8.487394332885742,0.039827559143304825,0.040662217885255814,0.04074934124946594,0.04037471488118172,0.04282424598932266,0.8713595867156982,0.8805785179138184,0.8675808906555176,0.8671417236328125,0.8854056596755981,0.3052964508533478,0.3065739572048187,0.3095427453517914,0.30771753191947937,0.31743746995925903,0.5578591227531433,0.25124049186706543,0.1942445933818817,0.5229960083961487,0.5081247091293335,0.6421495079994202
10,2067,,,,,,,,,,,,,3885.81982421875,3887.87841796875,3866.515625,3883.445068359375,3895.3798828125,24.344951629638672,8.029010772705078,0.040243882685899734,0.041093844920396805,0.04066048189997673,0.04052671417593956,0.0436490960419178,0.8314716815948486,0.8461103439331055,0.8327122926712036,0.8300420641899109,0.8471967577934265,0.27634546160697937,0.2797793447971344,0.2786330282688141,0.2777281403541565,0.292817622423172,,,,,,,,,,,,,,,,,,,,,,,,,,,,,,,,,,,,,,,
11,2099,,,,,,,,,,,,,,,,,,,,,,,,,,,,,,,,,,,9.999999747378752e-05,9.999999747378752e-05,3.232564267818816e-06,,,,,,,,,,,,,,,,,,,,,,,,,,,,,,,,,,,,
11,2149,,,,,,,,,,,,,,,,,,,,,,,,,,,,,,,,,,,9.999999747378752e-05,9.999999747378752e-05,3.232564267818816e-06,,,,,,,,,,,,,,,,,,,,,,,,,,,,,,,,,,,,
11,2199,,,,,,,,,,,,,,,,,,,,,,,,,,,,,,,,,,,9.999999747378752e-05,9.999999747378752e-05,3.232564267818816e-06,,,,,,,,,,,,,,,,,,,,,,,,,,,,,,,,,,,,
11,2249,,,,,,,,,,,,,,,,,,,,,,,,,,,,,,,,,,,9.999999747378752e-05,9.999999747378752e-05,3.232564267818816e-06,,,,,,,,,,,,,,,,,,,,,,,,,,,,,,,,,,,,
11,2255,,,,,,,,,,,,,,,,,,,,,,,,,,,,,,,,,,,,,,0.39241304993629456,0.20558932423591614,0.23565888404846191,0.15100915729999542,0.5702022314071655,293.4133605957031,293.8762512207031,293.8688049316406,293.6905822753906,295.3291931152344,31.406394958496094,0.5595846176147461,0.2528691589832306,0.5266247391700745,8.562228202819824,0.04228724539279938,0.042972031980752945,0.04228105768561363,0.04241003841161728,0.04362829029560089,0.8616725206375122,0.8723922371864319,0.8654336929321289,0.8611301183700562,0.8769345283508301,0.31421369314193726,0.31587937474250793,0.3130086064338684,0.31453725695610046,0.3207472562789917,0.5520568490028381,0.2461676001548767,0.18961454927921295,0.5108147859573364,0.5384700894355774,0.6090508103370667
11,2255,,,,,,,,,,,,,3884.905029296875,3889.258056640625,3879.453857421875,3884.982421875,3895.413330078125,24.611141204833984,7.976480007171631,0.040108874440193176,0.04082273319363594,0.040482331067323685,0.04023503139615059,0.04300358518958092,0.8266775012016296,0.8412789106369019,0.8287651538848877,0.8270219564437866,0.8444490432739258,0.2749759554862976,0.2773849070072174,0.2766376733779907,0.2755678594112396,0.28794488310813904,,,,,,,,,,,,,,,,,,,,,,,,,,,,,,,,,,,,,,,
12,2299,,,,,,,,,,,,,,,,,,,,,,,,,,,,,,,,,,,9.999999747378752e-05,9.999999747378752e-05,3.232564267818816e-06,,,,,,,,,,,,,,,,,,,,,,,,,,,,,,,,,,,,
12,2349,,,,,,,,,,,,,,,,,,,,,,,,,,,,,,,,,,,9.999999747378752e-05,9.999999747378752e-05,3.232564267818816e-06,,,,,,,,,,,,,,,,,,,,,,,,,,,,,,,,,,,,
12,2399,,,,,,,,,,,,,,,,,,,,,,,,,,,,,,,,,,,9.999999747378752e-05,9.999999747378752e-05,3.232564267818816e-06,,,,,,,,,,,,,,,,,,,,,,,,,,,,,,,,,,,,
12,2443,,,,,,,,,,,,,,,,,,,,,,,,,,,,,,,,,,,,,,0.3758690357208252,0.19743461906909943,0.24235248565673828,0.1603439897298813,0.5614341497421265,295.05694580078125,295.1881103515625,294.5742492675781,294.7475280761719,295.3291931152344,31.641845703125,0.5611476302146912,0.2559588849544525,0.5263024568557739,8.598994255065918,0.04217442125082016,0.04274259880185127,0.0422448106110096,0.04241438955068588,0.04438215494155884,0.8741002678871155,0.8758378624916077,0.8712466955184937,0.8723329305648804,0.8779106736183167,0.31213095784187317,0.31568968296051025,0.31226488947868347,0.3134481608867645,0.3253535032272339,0.5515150427818298,0.24400003254413605,0.17742441594600677,0.5271032452583313,0.5225521922111511,0.6176158785820007
12,2443,,,,,,,,,,,,,3882.539306640625,3889.0673828125,3877.49169921875,3881.69921875,3895.403564453125,23.819013595581055,7.955113887786865,0.04001793637871742,0.0411083959043026,0.040678661316633224,0.04041082412004471,0.043412163853645325,0.825508713722229,0.8361281752586365,0.8250980973243713,0.8234851360321045,0.8366851806640625,0.27298882603645325,0.2771596908569336,0.2759508490562439,0.27488774061203003,0.2890481948852539,,,,,,,,,,,,,,,,,,,,,,,,,,,,,,,,,,,,,,,
13,2449,,,,,,,,,,,,,,,,,,,,,,,,,,,,,,,,,,,9.999999747378752e-05,9.999999747378752e-05,3.232564267818816e-06,,,,,,,,,,,,,,,,,,,,,,,,,,,,,,,,,,,,
13,2499,,,,,,,,,,,,,,,,,,,,,,,,,,,,,,,,,,,9.999999747378752e-05,9.999999747378752e-05,3.232564267818816e-06,,,,,,,,,,,,,,,,,,,,,,,,,,,,,,,,,,,,
13,2549,,,,,,,,,,,,,,,,,,,,,,,,,,,,,,,,,,,9.999999747378752e-05,9.999999747378752e-05,3.232564267818816e-06,,,,,,,,,,,,,,,,,,,,,,,,,,,,,,,,,,,,
13,2599,,,,,,,,,,,,,,,,,,,,,,,,,,,,,,,,,,,9.999999747378752e-05,9.999999747378752e-05,3.232564267818816e-06,,,,,,,,,,,,,,,,,,,,,,,,,,,,,,,,,,,,
13,2631,,,,,,,,,,,,,,,,,,,,,,,,,,,,,,,,,,,,,,0.3811657726764679,0.19919151067733765,0.2366962432861328,0.1514267772436142,0.5542067885398865,289.6435546875,293.9703063964844,284.1262512207031,287.695556640625,295.3291931152344,31.1323184967041,0.5558723211288452,0.25290659070014954,0.5284432768821716,8.65969467163086,0.04269195348024368,0.0434798002243042,0.04313397780060768,0.04284517839550972,0.045650284737348557,0.8706031441688538,0.8844515085220337,0.8683598637580872,0.8704268336296082,0.876656711101532,0.31568995118141174,0.31978026032447815,0.3187858760356903,0.31630393862724304,0.3295348882675171,0.5395879745483398,0.24212007224559784,0.17509637773036957,0.5174736380577087,0.500869631767273,0.6278986930847168
13,2631,,,,,,,,,,,,,3889.05224609375,3891.75,3869.506591796875,3882.757568359375,3895.36767578125,22.940141677856445,7.945970058441162,0.0398029200732708,0.041288889944553375,0.04052786901593208,0.040242698043584824,0.04392756149172783,0.8191710710525513,0.8291581273078918,0.8191335201263428,0.8174710273742676,0.832230806350708,0.273856520652771,0.2802537679672241,0.27710580825805664,0.2757691442966461,0.2929435968399048,,,,,,,,,,,,,,,,,,,,,,,,,,,,,,,,,,,,,,,
14,2649,,,,,,,,,,,,,,,,,,,,,,,,,,,,,,,,,,,9.999999747378752e-05,9.999999747378752e-05,3.232564267818816e-06,,,,,,,,,,,,,,,,,,,,,,,,,,,,,,,,,,,,
14,2699,,,,,,,,,,,,,,,,,,,,,,,,,,,,,,,,,,,9.999999747378752e-05,9.999999747378752e-05,3.232564267818816e-06,,,,,,,,,,,,,,,,,,,,,,,,,,,,,,,,,,,,
14,2749,,,,,,,,,,,,,,,,,,,,,,,,,,,,,,,,,,,9.999999747378752e-05,9.999999747378752e-05,3.232564267818816e-06,,,,,,,,,,,,,,,,,,,,,,,,,,,,,,,,,,,,
14,2799,,,,,,,,,,,,,,,,,,,,,,,,,,,,,,,,,,,9.999999747378752e-05,9.999999747378752e-05,3.232564267818816e-06,,,,,,,,,,,,,,,,,,,,,,,,,,,,,,,,,,,,
14,2819,,,,,,,,,,,,,,,,,,,,,,,,,,,,,,,,,,,,,,0.3805963695049286,0.20543859899044037,0.2530980110168457,0.1482408195734024,0.5726386904716492,273.9628601074219,286.7574157714844,270.9306945800781,260.58416748046875,295.3291931152344,31.429880142211914,0.5533888936042786,0.251080721616745,0.5272196531295776,8.559891700744629,0.04130827262997627,0.04214327782392502,0.04168243706226349,0.04142436757683754,0.044275496155023575,0.8728047013282776,0.8769845962524414,0.8682714700698853,0.8706601858139038,0.8669729828834534,0.3101975917816162,0.31432807445526123,0.3137599229812622,0.3114292323589325,0.3252997100353241,0.545957624912262,0.24684345722198486,0.18824787437915802,0.5352937579154968,0.5305555462837219,0.627143383026123
14,2819,,,,,,,,,,,,,3877.037841796875,3880.068603515625,3819.410888671875,3865.41796875,3895.398681640625,22.62122917175293,7.872774600982666,0.03954106569290161,0.041017815470695496,0.040227606892585754,0.03988073393702507,0.04388200119137764,0.8161004185676575,0.8257966637611389,0.8168826103210449,0.8142009377479553,0.826471745967865,0.2688368856906891,0.2750227153301239,0.2721315324306488,0.27063530683517456,0.28866273164749146,,,,,,,,,,,,,,,,,,,,,,,,,,,,,,,,,,,,,,,
15,2849,,,,,,,,,,,,,,,,,,,,,,,,,,,,,,,,,,,9.999999747378752e-05,9.999999747378752e-05,3.232564267818816e-06,,,,,,,,,,,,,,,,,,,,,,,,,,,,,,,,,,,,
15,2899,,,,,,,,,,,,,,,,,,,,,,,,,,,,,,,,,,,9.999999747378752e-05,9.999999747378752e-05,3.232564267818816e-06,,,,,,,,,,,,,,,,,,,,,,,,,,,,,,,,,,,,
15,2949,,,,,,,,,,,,,,,,,,,,,,,,,,,,,,,,,,,9.999999747378752e-05,9.999999747378752e-05,3.232564267818816e-06,,,,,,,,,,,,,,,,,,,,,,,,,,,,,,,,,,,,
15,2999,,,,,,,,,,,,,,,,,,,,,,,,,,,,,,,,,,,9.999999747378752e-05,9.999999747378752e-05,3.232564267818816e-06,,,,,,,,,,,,,,,,,,,,,,,,,,,,,,,,,,,,
15,3007,,,,,,,,,,,,,,,,,,,,,,,,,,,,,,,,,,,,,,0.3819460868835449,0.20640099048614502,0.2410738170146942,0.14232255518436432,0.559825599193573,288.3910827636719,286.2772216796875,279.7772216796875,282.1064453125,295.3291931152344,30.63880157470703,0.5479615330696106,0.2476964294910431,0.5385662317276001,8.68850040435791,0.042254216969013214,0.042926009744405746,0.042376499623060226,0.04204875975847244,0.04319155588746071,0.8828092813491821,0.8951981067657471,0.8829817771911621,0.8861021995544434,0.8977304697036743,0.3164186477661133,0.3185771107673645,0.3170362710952759,0.31533628702163696,0.3224782645702362,0.5421707034111023,0.24293586611747742,0.1875862330198288,0.5236787796020508,0.5007694363594055,0.6442261338233948
15,3007,,,,,,,,,,,,,3868.736328125,3850.686279296875,3768.13427734375,3829.900146484375,3895.389404296875,21.909231185913086,7.759654521942139,0.0383712574839592,0.039635732769966125,0.03901609033346176,0.03866579383611679,0.04221055284142494,0.8060739636421204,0.8155134320259094,0.8058141469955444,0.8052234053611755,0.8164141178131104,0.2667430639266968,0.2716803252696991,0.26971420645713806,0.2680585980415344,0.2843645513057709,,,,,,,,,,,,,,,,,,,,,,,,,,,,,,,,,,,,,,,
16,3049,,,,,,,,,,,,,,,,,,,,,,,,,,,,,,,,,,,9.999999747378752e-05,9.999999747378752e-05,3.232564267818816e-06,,,,,,,,,,,,,,,,,,,,,,,,,,,,,,,,,,,,
16,3099,,,,,,,,,,,,,,,,,,,,,,,,,,,,,,,,,,,9.999999747378752e-05,9.999999747378752e-05,3.232564267818816e-06,,,,,,,,,,,,,,,,,,,,,,,,,,,,,,,,,,,,
16,3149,,,,,,,,,,,,,,,,,,,,,,,,,,,,,,,,,,,9.999999747378752e-05,9.999999747378752e-05,3.232564267818816e-06,,,,,,,,,,,,,,,,,,,,,,,,,,,,,,,,,,,,
16,3195,,,,,,,,,,,,,,,,,,,,,,,,,,,,,,,,,,,,,,0.3823604881763458,0.1796996146440506,0.24612250924110413,0.1448720246553421,0.5446754097938538,291.92327880859375,294.2648620605469,288.982666015625,288.7029724121094,295.3291931152344,32.1265983581543,0.5422844886779785,0.243455708026886,0.5249522924423218,8.733880996704102,0.042214930057525635,0.043738953769207,0.0430351123213768,0.04251093789935112,0.04595682770013809,0.890428364276886,0.8943398594856262,0.8818045258522034,0.8871132731437683,0.9005730748176575,0.31370896100997925,0.31993117928504944,0.3182206451892853,0.31528955698013306,0.3290187418460846,0.5292142033576965,0.23826365172863007,0.18974952399730682,0.5127418637275696,0.4921150803565979,0.6263145804405212
16,3195,,,,,,,,,,,,,3862.819580078125,3850.79345703125,3785.507080078125,3827.5888671875,3895.377685546875,21.16721534729004,7.733012676239014,0.03891192749142647,0.039973288774490356,0.03946622461080551,0.03894389420747757,0.04226052388548851,0.7996501326560974,0.8102191090583801,0.8000575304031372,0.8006894588470459,0.8139004111289978,0.2662833333015442,0.27096834778785706,0.2691112458705902,0.26671868562698364,0.2822756767272949,,,,,,,,,,,,,,,,,,,,,,,,,,,,,,,,,,,,,,,
17,3199,,,,,,,,,,,,,,,,,,,,,,,,,,,,,,,,,,,9.999999747378752e-05,9.999999747378752e-05,3.232564267818816e-06,,,,,,,,,,,,,,,,,,,,,,,,,,,,,,,,,,,,
17,3249,,,,,,,,,,,,,,,,,,,,,,,,,,,,,,,,,,,9.999999747378752e-05,9.999999747378752e-05,3.232564267818816e-06,,,,,,,,,,,,,,,,,,,,,,,,,,,,,,,,,,,,
17,3299,,,,,,,,,,,,,,,,,,,,,,,,,,,,,,,,,,,9.999999747378752e-05,9.999999747378752e-05,3.232564267818816e-06,,,,,,,,,,,,,,,,,,,,,,,,,,,,,,,,,,,,
17,3349,,,,,,,,,,,,,,,,,,,,,,,,,,,,,,,,,,,9.999999747378752e-05,9.999999747378752e-05,3.232564267818816e-06,,,,,,,,,,,,,,,,,,,,,,,,,,,,,,,,,,,,
17,3383,,,,,,,,,,,,,,,,,,,,,,,,,,,,,,,,,,,,,,0.36728766560554504,0.1813393533229828,0.23469947278499603,0.14638228714466095,0.5530056357383728,282.3316955566406,285.6336669921875,275.13861083984375,265.17327880859375,295.3291931152344,31.790700912475586,0.5437199473381042,0.24480131268501282,0.5283501744270325,8.842338562011719,0.042669761925935745,0.043133120983839035,0.04275776445865631,0.04286797344684601,0.044352997094392776,0.9183945059776306,0.9191442728042603,0.916211724281311,0.9167702794075012,0.9158282279968262,0.31467199325561523,0.3166566491127014,0.31699338555336,0.31747621297836304,0.322742223739624,0.5252134799957275,0.2324271947145462,0.17662698030471802,0.5300182104110718,0.52048659324646,0.6110117435455322
17,3383,,,,,,,,,,,,,3873.23095703125,3869.4482421875,3818.474365234375,3835.382080078125,3895.37939453125,19.920604705810547,7.670469760894775,0.03845222294330597,0.03975844755768776,0.03908618167042732,0.03868059813976288,0.042069002985954285,0.7912322282791138,0.8001638650894165,0.7907422780990601,0.7906336784362793,0.8035137057304382,0.2651553750038147,0.2706473767757416,0.2678825557231903,0.26625674962997437,0.28203287720680237,,,,,,,,,,,,,,,,,,,,,,,,,,,,,,,,,,,,,,,
18,3384,0.4311835765838623,0.2215164452791214,0.27513399720191956,0.13345347344875336,0.5877914428710938,8.549684524536133,0.5837163925170898,0.26532188057899475,0.2086436003446579,0.5264499187469482,0.5400936603546143,0.6454796195030212,,,,,,,,,,,,,,,,,,,,,,,,,,,,,,,,,,,,,,,,,,,,,,,,,,,,,,,,,,,,,
