study_id,bibtex_key,authors,authors_year,title,doi,venue,crop_or_domain,observation_regime,modality,identity_mechanism,class_attribute_family,evaluation_context,unique_instance_gt,metrics_reported,dedup_handled,evidence_status,assumptions_required,violated_conditions,evidence_pages,key_finding,limitations,retrieval_source,fulltext_path,review_order
M-3f8f02033fe9db3a,ledger_m_3f8f02033fe9db3a,"Von Hirschhausen, Laura-Sophia (59539414800); Magnusson, Jannes S. (57221307049); Kovalenko, Mykyta (56585590300); Boye, Fredrik (25930736700); Rawat, Tanay (59939932200); Eisert, Peter (55892485300); Hilsmann, Anna (24830180600); Pretzsch, Sebastian (57515289100); Bosse, Sebstian (60127388700)","Von Hirschhausen, Laura-Sophia (59539414800); Magnusson, Jannes S. (57221307049); Kovalenko, Mykyta (56585590300); Boye, Fredrik (25930736700); Rawat, Tanay (59939932200); Eisert, Peter (55892485300); Hilsmann, Anna (24830180600); Pretzsch, Sebastian (57515289100); Bosse, Sebstian (60127388700) (2025)","AppleGrowthVision: A Large-Scale Stereo Dataset for Phenological Analysis, Fruit Detection, and 3D Reconstruction in Apple Orchards",10.1109/cvprw67362.2025.00541,IEEE Computer Society Conference on Computer Vision and Pattern Recognition Workshops,apple,multi-camera-rig,calibrated_stereo_rgb_multiview,M4,none,"object_detection_F1_AP_AR_mAP, BBCH_accuracy, qualitative_3D_reconstruction",n,"object_detection_F1_AP_AR_mAP, BBCH_accuracy, qualitative_3D_reconstruction",no,direct,"A2,A4",,"1,2,3,4,5,6,7","The dataset supports fruit detection, phenological stage classification, and calibrated stereo reconstruction with quantitative detection metrics.","Per-instance fruit boxes and stereo views are explicit, but cross-view unique identity or deduplication is not evaluated, do not treat this paper as proof of duplicate-free inventory.",https://openaccess.thecvf.com/content/CVPR2025W/V4A/papers/von_Hirschhausen_AppleGrowthVision_A_large-scale_stereo_dataset_for_phenological_analysis_fruit_detection_CVPRW_2025_paper.pdf,literature/search/fulltext/00001_m-3f8f02033fe9db3a_applegrowthvision-a-large-scale-stereo-dataset-for-phenological-analysis-fruit-detection-a.pdf,1
R-0eda6374aaf85fae,ledger_r_0eda6374aaf85fae,"Fusaro, Daniel (57278335600); Magistri, Federico (57208212994); Behley, Jens (35207956200); Pretto, Alberto (23393749700); Stachniss, Cyrill (6507517732)","Fusaro, Daniel (57278335600); Magistri, Federico (57208212994); Behley, Jens (35207956200); Pretto, Alberto (23393749700); Stachniss, Cyrill (6507517732) (2026)",Horticultural temporal fruit monitoring via 3D instance segmentation and re-identification using colored point clouds,10.1016/j.compag.2026.111723,Computers and Electronics in Agriculture,agricultural fruit or transferable mechanism,video-continuous,colored_3d_point_cloud_lidar,M2/M3/M4,none,"PQ_SQ_RQ_IoU, F1p_F1n_mF1, five_fold_cross_validation, runtime",n,"PQ_SQ_RQ_IoU, F1p_F1n_mF1, five_fold_cross_validation, runtime",explicit,direct,"A5,A3,A2,A4",,"1,2,5,6,7,9,12,13,14","Learned fruit descriptors and attention-based matching improve temporal identity association over the compared baselines on the strawberry benchmark, while the instance segmentation module also performs across strawberry and apple datasets.","Re-identification is evaluated only on strawberries because temporally consistent instance annotations are unavailable for other fruits, and segmentation errors propagate into re-identification. The sensor is a high-resolution terrestrial LiDAR scanner.",https://arxiv.org/pdf/2411.07799,literature/search/fulltext/00002_r-0eda6374aaf85fae_horticultural-temporal-fruit-monitoring-via-3d-instance-segmentation-and-re-identification.pdf,2
R-143d70deec8d2b1d,ledger_r_143d70deec8d2b1d,Suchet Bargoti; James Underwood,Suchet Bargoti; James Underwood (2016),Image Segmentation for Fruit Detection and Yield Estimation in Apple Orchards,10.48550/arxiv.1610.08120,arXiv (Cornell University),apple,single-view,monocular_rgb_ugv,M0,none,"pixel_F1, detection_F1, count_r_squared, yield_r_squared, yield_error",n,"pixel_F1, detection_F1, count_r_squared, yield_r_squared, yield_error",no,direct,A1,,"1,2,3,4,12,16,17,18,19,24",CNN segmentation followed by Watershed detection produced the reported best detection F1 of 0.858 and row-yield r-squared of 0.826 on the apple orchard data.,"The study counts detected fruits within images and aggregates rows, but it does not evaluate persistent identity or duplicate rejection across repeated views of one tree.",https://arxiv.org/pdf/1610.08120,literature/search/fulltext/00004_r-143d70deec8d2b1d_image-segmentation-for-fruit-detection-and-yield-estimation-in-apple-orchards.pdf,4
R-408d13511cac4177,ledger_r_408d13511cac4177,"Stein, Madeleine (57191994380); Bargoti, Suchet (56811452600); Underwood, James (17347180400)","Stein, Madeleine (57191994380); Bargoti, Suchet (56811452600); Underwood, James (17347180400) (2016)","Image based mango fruit detection, localisation and yield estimation using multiple view geometry",10.3390/s16111915,Sensors (Switzerland),mango,video-continuous,rgb_gps_ins_lidar,M3/M4,none,"count_r_squared, slope, percentage_error, repeatability, triangulation_nearest_neighbour_distance",n,"count_r_squared, slope, percentage_error, repeatability, triangulation_nearest_neighbour_distance",implicit,direct,"A3,A2,A4",P5,"HTML abstract, sections 1, 2, 3.3, 3.4, 3.5, 4.1, 4.4, 5",Multi-view tracking with epipolar geometry and tree masks converts repeated mango observations into tree-linked counts with near-unity calibration slope and 1.36 percent over-count on the 16-tree validation set.,"The evaluation is on mango orchard traversal data and depends on navigation quality, timing, image coverage, and LiDAR masks. The authors report that transfer to other fruit varieties or pruning regimes requires further testing.",https://pmc.ncbi.nlm.nih.gov/articles/PMC5134574/,literature/search/fulltext/00005_r-408d13511cac4177_image-based-mango-fruit-detection-localisation-and-yield-estimation-using-multiple-view-ge.html,5
M-9966d81433d61ed3,ledger_m_9966d81433d61ed3,"Liu, Xu (57207948935); Chen, Steven W. (57203657925); Aditya, Shreyas (57207815155); Sivakumar, Nivedha (57217365471); Dcunha, Sandeep (57207818779); Qu, Chao (56640669900); Taylor, Camillo J. (7404823052); Das, Jnaneshwar (25823030300); Kumar, Vijay (57226667523)","Liu, Xu (57207948935); Chen, Steven W. (57203657925); Aditya, Shreyas (57207815155); Sivakumar, Nivedha (57217365471); Dcunha, Sandeep (57207818779); Qu, Chao (56640669900); Taylor, Camillo J. (7404823052); Das, Jnaneshwar (25823030300); Kumar, Vijay (57226667523) (2018)","Robust Fruit Counting: Combining Deep Learning, Tracking, and Structure from Motion",10.1109/iros.2018.8594239,IEEE International Conference on Intelligent Robots and Systems,agricultural fruit or transferable mechanism,video-continuous,monocular_rgb_video_sfm,M3/M4,none,"count_ground_truth, L1_loss, error_mean, error_standard_deviation, before_after_correction",n,"count_ground_truth, L1_loss, error_mean, error_standard_deviation, before_after_correction",explicit,direct,"A3,A2,A4","P1,P2,P3","1,2,3,4,5,6,7,8",The 3D reconstruction correction reduces duplicate and outlier tracks and substantially improves count error on both orange and apple sequences.,"The method uses relative 3D localization from monocular sequences and heuristic size and depth thresholds. Performance depends on illumination, occlusion, camera stability, and track continuity.",https://arxiv.org/pdf/1804.00307,literature/search/fulltext/00008_m-9966d81433d61ed3_robust-fruit-counting-combining-deep-learning-tracking-and-structure-from-motion.pdf,8
R-97003608b250cdc5,ledger_r_97003608b250cdc5,Fazida Hanim Hashim; Zuhaira Mohd Zulkifli; Thinal Raj; Aqilah Baseri Huddin,Fazida Hanim Hashim; Zuhaira Mohd Zulkifli; Thinal Raj; Aqilah Baseri Huddin (2018),A Rapid and Non-Destructive Technique in Determining The Ripeness of Oil Palm Fresh Fruit Bunch (FFB),10.17576/jkukm-2018-30(1)-12,Jurnal Kejuruteraan,oil palm FFB,single-view,lidar_intensity_point_cloud_905nm,M0,maturity,"intensity_ranges, reflectance_bands, four_tree_field_scan, fruit_to_leaf_ratio",n,"intensity_ranges, reflectance_bands, four_tree_field_scan, fruit_to_leaf_ratio",no,direct,A1,,"1,4,5,6,8",LiDAR intensity point clouds provide a preliminary non-destructive way to separate three FFB ripeness levels and support field-level fruit-to-leaf observations.,The paper does not report a conventional held-out classification accuracy or cross-view identity metric. The experiment uses a small number of fruitlets per category and four field-scanned trees.,https://doi.org/10.17576/jkukm-2018-30(1)-12,literature/search/fulltext/00010_r-97003608b250cdc5_a-rapid-and-non-destructive-technique-in-determining-the-ripeness-of-oil-palm-fresh-fruit-.pdf,10
M-084cfd5badbb63d3,ledger_m_084cfd5badbb63d3,"Fawcett, Dominic (57196051015); Azlan, Benjamin (57208124426); Hill, Timothy C. (35219951700); Kho, Lip Khoon (55907538000); Bennie, Jon (24337227400); Anderson, Karen (55455157700)","Fawcett, Dominic (57196051015); Azlan, Benjamin (57208124426); Hill, Timothy C. (35219951700); Kho, Lip Khoon (55907538000); Bennie, Jon (24337227400); Anderson, Karen (55455157700) (2019)",Unmanned aerial vehicle (UAV) derived structure-from-motion photogrammetry point clouds for oil palm (Elaeis guineensis) canopy segmentation and height estimation,10.1080/01431161.2019.1591651,International Journal of Remote Sensing,oil palm FFB,aerial,UAV_RGB_SfM_point_cloud,M4,size,98.2% mapping accuracy for 776 palms; stem-height RMSE 0.27 m (R2=0.63) for seven-year palms and 0.45 m (R2=0.69) for ten-year palms; mean point-cloud precision 26.7 cm,y,98.2% mapping accuracy for 776 palms; stem-height RMSE 0.27 m (R2=0.63) for seven-year palms and 0.45 m (R2=0.69) for ten-year palms; mean point-cloud precision 26.7 cm,explicit,direct,"A2,A4",,"PDF pp. 7538-7560; abstract; sections 2.1-2.2.2, 2.4, 3.1, 5","UAV SfM canopy-height models can support per-palm inventories and structural measurements, providing a transfer mechanism for geometry-based object association while not proving fruit-level cross-view deduplication.",Tree-canopy study rather than fruit or FFB inventory; local-maxima errors increase with undergrowth and overlapping canopies; no explicit cross-view fruit identity metric or duplicate-rejection experiment.,https://www.tandfonline.com/doi/full/10.1080/01431161.2019.1591651,,12
R-00f82e0f404d691b,ledger_r_00f82e0f404d691b,"Liu, Xu (57207948935); Chen, Steven W. (57203657925); Liu, Chenhao (57208017184); Shivakumar, Shreyas S. (57197792098); Das, Jnaneshwar (25823030300); Taylor, Camillo J. (7404823052); Underwood, James (17347180400); Kumar, Vijay (57226667523)","Liu, Xu (57207948935); Chen, Steven W. (57203657925); Liu, Chenhao (57208017184); Shivakumar, Shreyas S. (57197792098); Das, Jnaneshwar (25823030300); Taylor, Camillo J. (7404823052); Underwood, James (17347180400); Kumar, Vijay (57226667523) (2019)",Monocular Camera Based Fruit Counting and Mapping with Semantic Data Association,10.1109/lra.2019.2901987,IEEE Robotics and Automation Letters,mango,video-continuous,monocular_RGB_video,M3/M4,maturity,"18 ground-truth trees; average 175 mangoes per tree; Mono Final mean error 27.8 and standard deviation 29.6 fruits; regression slope 0.86 and R2=0.78, compared with sensor-suite multi-view slope 0.97 and R2=0.88",y,"18 ground-truth trees; average 175 mangoes per tree; Mono Final mean error 27.8 and standard deviation 29.6 fruits; regression slope 0.86 and R2=0.78, compared with sensor-suite multi-view slope 0.97 and R2=0.88",explicit,direct,"A3,A2,A4",P1,"pp. 1, 3-8; sections IV-VI","A monocular RGB sequence can support duplicate-aware fruit inventory by combining tracking, semantic SfM, landmark re-association, and tree-centroid depth filtering across opposite views.",Undercounting increases with heavy occlusion and high fruit counts; evaluation uses 18 manually counted trees and manual target-tree masks; performance depends on sequence ordering and does not classify fruit maturity or other class attributes.,https://arxiv.org/pdf/1811.01417,literature/search/fulltext/00013_r-00f82e0f404d691b_monocular-camera-based-fruit-counting-and-mapping-with-semantic-data-association.pdf,13
R-1358c0868a62c84a,ledger_r_1358c0868a62c84a,"Häni, Nicolai (57201378591); Roy, Pravakar (57191913312); Isler, Volkan (23009022100)","Häni, Nicolai (57201378591); Roy, Pravakar (57191913312); Isler, Volkan (23009022100) (2020)",A comparative study of fruit detection and counting methods for yield mapping in apple orchards,10.1002/rob.21902,Journal of Field Robotics,apple,video-continuous,RGB_image_sequences_plus_semantic_mapping,M3/M4,maturity,Seven detection test datasets and three two-side yield datasets; merged CNN counting yield 95.56%-97.83% of harvested ground truth; GMM detection highest F1 on six of seven datasets; CNN cluster counting reported about 90.5% accuracy,n,Seven detection test datasets and three two-side yield datasets; merged CNN counting yield 95.56%-97.83% of harvested ground truth; GMM detection highest F1 on six of seven datasets; CNN cluster counting reported about 90.5% accuracy,implicit,direct,"A3,A2,A4","P1,P2","pp. 1-6, 11-16, 20-25; sections 3.3, 4, 5, 6.4, 7","This is a strong design-space benchmark showing that fruit inventory quality depends on the composition of per-frame detection, cluster counting, temporal tracking, and geometric merging of opposite row sides, rather than detector choice alone.","Evaluation is concentrated on apple orchard row datasets; occlusion, changing illumination, annotation noise, and side-specific reconstruction affect performance; the row-merging mechanism is geometric and does not provide general fruit re-identification across arbitrary scenes or class attributes beyond counting.",https://arxiv.org/pdf/1810.09499,literature/search/fulltext/00015_r-1358c0868a62c84a_a-comparative-study-of-fruit-detection-and-counting-methods-for-yield-mapping-in-apple-orc.pdf,15
R-2f7d604b1d3fa5e4,ledger_r_2f7d604b1d3fa5e4,"Alfatni, Meftah Salem M. (24070118900); Mohamed Shariff, Abdul Rashid (13612157400); Ben Saaed, Osama M. (55669119800); Albhbah, Atia Mahmod (36959633200); Mustapha, Aouache (35435550200)","Alfatni, Meftah Salem M. (24070118900); Mohamed Shariff, Abdul Rashid (13612157400); Ben Saaed, Osama M. (55669119800); Albhbah, Atia Mahmod (36959633200); Mustapha, Aouache (35435550200) (2020)",Colour Feature Extraction Techniques for Real Time System of Oil Palm Fresh Fruit Bunch Maturity Grading,10.1088/1755-1315/540/1/012092,IOP Conference Series: Earth and Environmental Science,oil palm FFB,single-view,controlled_RGB_CCD,M0,maturity,"Three ROI sizes and colour feature families evaluated with ANN, KNN, and SVM; best reported ANN histogram result 94% test accuracy and 1.6 s processing at ROI3 100x100; AUC values above 90%",n,"Three ROI sizes and colour feature families evaluated with ANN, KNN, and SVM; best reported ANN histogram result 94% test accuracy and 1.6 s processing at ROI3 100x100; AUC values above 90%",no,direct,A1,P2,"article pages 1-9; sections 2, 3.1, 3.2, 4; Tables 1-2","Provides direct oil-palm class-attribute evidence for maturity grading and shows how an instance-level FFB attribute can be attached after segmentation, but it does not address duplicate-free inventory across tree observations.","Controlled conveyor and illumination setting; single-bunch image grading rather than orchard or tree-level multi-view inventory; no persistent identity, cross-view association, or duplicate-rejection evaluation.",https://www.researchgate.net/publication/343451626_Colour_Feature_Extraction_Techniques_for_Real_Time_System_of_Oil_Palm_Fresh_Fruit_Bunch_Maturity_Grading,,16
R-3e45c6dc2566f46b,ledger_r_3e45c6dc2566f46b,"Husin, Husna Sarirah (60763685800); Amar, Nurnasuha (57238665800); Bakar Sajak, Aznida Abu (56029277200); Sallehin Mohd Kassim, Mohd (57219127469)","Husin, Husna Sarirah (60763685800); Amar, Nurnasuha (57238665800); Bakar Sajak, Aznida Abu (56029277200); Sallehin Mohd Kassim, Mohd (57219127469) (2021)",Distribution map of oil palm fresh fruit bunch using LiDAR*,10.1109/icics52457.2021.9464575,"2021 12th International Conference on Information and Communication Systems, ICICS 2021",oil palm FFB,single-view,LiDAR_intensity_point_cloud_and_latitude_longitude,M4,maturity,"Three overripe, six ripe, and five under-ripe dataset plots are discussed; mean-intensity ranges and threshold table are reported, but no classification accuracy or held-out test metric is provided",n,"Three overripe, six ripe, and five under-ripe dataset plots are discussed; mean-intensity ranges and threshold table are reported, but no classification accuracy or held-out test metric is provided",no,direct,"A2,A4",,article pages 1-9; sections III-V; Table I,"The study links a class attribute to a spatially localized FFB record, showing a possible inventory record structure, but spatial mapping alone is not evidence that repeated observations of the same FFB have been deduplicated.","Variable LiDAR resolution can return intensity from non-FFB surfaces; sample collection was insufficient for a high-accuracy system and was not performed at the target plantation field because of COVID-19; no cross-view association, persistent identity, or accuracy metric.",https://www.researchgate.net/publication/350467276_Distribution_map_of_oil_palm_fresh_fruit_bunch_using_LiDAR,,19
R-01acdcce61f29700,lai2022yolov4palm,"Lai, Jin Wern (57887765800); Ramli, Hafiz Rashidi (57189290778); Ismail, Luthffi Idzhar (55232596700); Hasan, Wan Zuha Wan (57219410727)","Lai, Jin Wern (57887765800); Ramli, Hafiz Rashidi (57189290778); Ismail, Luthffi Idzhar (55232596700); Hasan, Wan Zuha Wan (57219410727) (2022)",Real-Time Detection of Ripe Oil Palm Fresh Fruit Bunch Based on YOLOv4,10.1109/access.2022.3204762,IEEE Access,oil palm FFB,single-view,RGB_depth_camera_RealSense_D435,M0,maturity,"49 sampled trees; 240 positive and 250 negative images; 20-tree field test; mAP 87.9%, recall 82%, F1 88%, mean IoU 70.19%, and approximately 21 FPS",n,"49 sampled trees; 240 positive and 250 negative images; 20-tree field test; mAP 87.9%, recall 82%, F1 88%, mean IoU 70.19%, and approximately 21 FPS",no,direct,A1,,author version pp. 1-5; sections II-IV; Tables 1-6,"Per-instance FFB detection can attach a ripeness class to a live tree observation and trigger a harvesting action, but the study does not establish whether the same FFB seen in multiple frames is counted once.","Only ripe versus unripe detection; no overripe class, fruit count, persistent ID, cross-view association, or duplicate-rejection metric; field test used 20 similar-age trees under a sunny morning condition and manual labels.",https://www.researchgate.net/publication/363329145_Real-Time_Detection_of_Ripe_Oil_Palm_Fresh_Fruit_Bunch_based_on_YOLOv4,,21
R-19d96439ecdda18d,ledger_r_19d96439ecdda18d,"Mansour, Mohamed Yasser Mohamed Ahmed (57971643900); Dambul, Katrina D. (23008328200); Choo, Kan Yeep (7102083264)","Mansour, Mohamed Yasser Mohamed Ahmed (57971643900); Dambul, Katrina D. (23008328200); Choo, Kan Yeep (7102083264) (2022)",Object Detection Algorithms for Ripeness Classification of Oil Palm Fresh Fruit Bunch,10.14716/ijtech.v13i6.5932,International Journal of Technology,oil palm FFB,single-view,RGB_ground_FFB_images,M0,maturity,304 balanced images; 70/20/10 train-validation-test split; YOLOv5m mAPval 0.842 at IoU 0.5:0.95; MobileNetV2 SSD 0.478; EfficientDet-lite0/1/2 0.743/0.803/0.812; YOLOv5n/s 0.781/0.832,n,304 balanced images; 70/20/10 train-validation-test split; YOLOv5m mAPval 0.842 at IoU 0.5:0.95; MobileNetV2 SSD 0.478; EfficientDet-lite0/1/2 0.743/0.803/0.812; YOLOv5n/s 0.781/0.832,no,direct,A1,,"pp. 1326-1335; sections 3.1, 4, 5; Table 2","This is direct oil-palm evidence that a per-instance detector can attach a broader maturity class set than binary ripe versus unripe, but it remains an intra-view classification result rather than duplicate-free inventory.","All images were ground FFBs after harvest due COVID-19 access restrictions, not on-tree observations; dataset is small and balanced at 304 images; no multi-view identity, persistent fruit ID, counting, or duplicate-rejection evaluation; authors identify on-tree and diverse-field imagery as future work.",https://ijtech.eng.ui.ac.id/download/article/5932,literature/search/fulltext/00022_r-19d96439ecdda18d_object-detection-algorithms-for-ripeness-classification-of-oil-palm-fresh-fruit-bunch.pdf,22
R-1a70fa2aeed54ea3,ledger_r_1a70fa2aeed54ea3,Meili Sun; Liancheng Xu; Rong Luo; Yuqi Lu,Meili Sun; Liancheng Xu; Rong Luo; Yuqi Lu (2022),GHFormer-Net: Towards more accurate small green apple/begonia fruit detection in the nighttime,10.1016/j.jksuci.2022.05.005,Journal of King Saud University - Computer and Information Sciences,apple,single-view,RGB_nighttime_images_LED_and_smartphone_Canon,M0,maturity,"NightFruit: 1960 augmented images, 1371 train and 589 test, 7713 and 3396 fruits, AP 85.2 percent, APs 67.5 percent, AP50 97.8 percent; Gala: 1361 images, 953 train and 408 test, 4943 and 2194 fruits, AP 61.0 percent, APs 45.2 percent; corruption robustness reported across fog, elastic, brightness, noise, frost, and motion blur.",y,"NightFruit: 1960 augmented images, 1371 train and 589 test, 7713 and 3396 fruits, AP 85.2 percent, APs 67.5 percent, AP50 97.8 percent; Gala: 1361 images, 953 train and 408 test, 4943 and 2194 fruits, AP 61.0 percent, APs 45.2 percent; corruption robustness reported across fog, elastic, brightness, noise, frost, and motion blur.",no,direct,A1,"P1,P3,P5","pp.4421-4432; sections 2,4.2,4.5,4.7,5,6","Nighttime small-green-fruit detection can provide useful per-image fruit observations under occlusion and variable weather, but detector outputs alone do not solve temporal tracking, cross-view identity, or unique inventory counting.","Random image splits do not prove scene or tree-disjoint generalization; no temporal tracking, re-identification, or cross-view deduplication; performance degrades under brightness, motion blur, and heavy occlusion; Gala AP remains modest.",https://link.springer.com/article/10.1016/j.jksuci.2022.05.005,,23
R-2828a3937318ca86,ledger_r_2828a3937318ca86,"Lu, Jianqiang (57221134621); Yang, Ruifan (57222336672); Yu, Chaoran (56456929800); Lin, Jiahan (57216373714); Chen, Wadi (57387878100); Wu, Haiwei (57474162600); Chen, Xin (56081186700); Lan, Yubin (7102083954); Wang, Weixing (56052048000)","Lu, Jianqiang (57221134621); Yang, Ruifan (57222336672); Yu, Chaoran (56456929800); Lin, Jiahan (57216373714); Chen, Wadi (57387878100); Wu, Haiwei (57474162600); Chen, Xin (56081186700); Lan, Yubin (7102083954); Wang, Weixing (56052048000) (2022)",Citrus green fruit detection via improved feature network extraction,10.3389/fpls.2022.946154,Frontiers in Plant Science,citrus,single-view,RGB_handheld_and_cloud_camera,M0,none,"557 original images, 3273 annotated fruit instances, visible targets with more than 70 percent occlusion ignored, reported 6:2:2 train validation test split after augmentation; improved Mask-RCNN plus ResNet50 AP50 95.36 percent, AP75 93.45 percent, PR area 0.9673, field inference about 0.939 to 0.969 seconds on AGX Xavier. The article reports inconsistent augmented/test image counts in different sections, which is retained as a limitation.",y,"557 original images, 3273 annotated fruit instances, visible targets with more than 70 percent occlusion ignored, reported 6:2:2 train validation test split after augmentation; improved Mask-RCNN plus ResNet50 AP50 95.36 percent, AP75 93.45 percent, PR area 0.9673, field inference about 0.939 to 0.969 seconds on AGX Xavier. The article reports inconsistent augmented/test image counts in different sections, which is retained as a limitation.",no,direct,A1,P5,"pp.1-5,10-16; sections 2.1-2.6, 3, 4, 5, 6; Tables 1-3","CB-Net feature fusion improves per-image citrus green-fruit instance segmentation in complex green backgrounds and supports orchard thinning decisions, but the study remains an intra-view detector and does not produce unique cross-view fruit inventories.","No temporal tracking, re-identification, or cross-view deduplication; random image split does not establish tree-disjoint or orchard-disjoint generalization; heavily occluded fruit is ignored during annotation; overlap remains a stated failure mode; only sugar tangerine and one green-fruit target class are evaluated; reported augmented dataset counts are internally inconsistent.",https://www.frontiersin.org/articles/10.3389/fpls.2022.946154/pdf,literature/search/fulltext/00025_r-2828a3937318ca86_citrus-green-fruit-detection-via-improved-feature-network-extraction.pdf,25
R-3f230a23a2a956c8,ledger_r_3f230a23a2a956c8,"Wan Nurazwin Syazwani, R. (57225991820); Muhammad Asraf, H. (50461667000); Megat Syahirul Amin, M.A. (55387509700); Nur Dalila, K.A. (57194560816)","Wan Nurazwin Syazwani, R. (57225991820); Muhammad Asraf, H. (50461667000); Megat Syahirul Amin, M.A. (55387509700); Nur Dalila, K.A. (57194560816) (2022)","Automated image identification, detection and fruit counting of top-view pineapple crown using machine learning",10.1016/j.aej.2021.06.053,Alexandria Engineering Journal,apple,aerial,UAV_top_view_RGB,M0,maturity,"DJI Phantom 3 Advanced, 1300 frames from 110 rows over 1.44 acres, 20 manually annotated sample images, 180 pineapple and 180 background instances, 90 fruit and 90 noise used for train and test, six classifier families and ANN training variants; best ANN-GDX with ANOVA reported 94.4 percent accuracy and 87 of 90 pineapple crowns correctly counted.",n,"DJI Phantom 3 Advanced, 1300 frames from 110 rows over 1.44 acres, 20 manually annotated sample images, 180 pineapple and 180 background instances, 90 fruit and 90 noise used for train and test, six classifier families and ANN training variants; best ANN-GDX with ANOVA reported 94.4 percent accuracy and 87 of 90 pineapple crowns correctly counted.",no,direct,A1,P5,"pp.1265-1276; sections 2.1-2.8, 3, 4; Figs.1-9","Top-view UAV RGB processing can identify and count pineapple crowns using engineered colour, shape, and texture features, providing a transferable agricultural example of per-object detection followed by plot-level counting.","No temporal tracking, re-identification, or cross-view deduplication; the evaluation uses only 20 sampled images and 180 fruit instances from one plantation division; train-test separation at instance level does not establish scene or row-disjoint generalization; crown detection is a proxy for fruit and no fruit maturity attribute is modeled.",https://www.researchgate.net/publication/352975153_Automated_image_identification_detection_and_fruit_counting_of_top-view_pineapple_crown_using_machine_learning; official record https://www.sciencedirect.com/science/article/pii/S111001682100418X,,26
R-4b3d8d423dbd5d0e,ledger_r_4b3d8d423dbd5d0e,"Yang, Lu (59046495400); Liu, Hongbang (57222485303); Liu, Lingqiao (54956172800); Zhou, Jinghao (57215966275); Zhang, Lei (56042339600); Wang, Peng (57309244300); Zhang, Yanning (56075029000)","Yang, Lu (59046495400); Liu, Hongbang (57222485303); Liu, Lingqiao (54956172800); Zhou, Jinghao (57215966275); Zhang, Lei (56042339600); Wang, Peng (57309244300); Zhang, Yanning (56075029000) (2022)",Pluggable Weakly-Supervised Cross-View Learning for Accurate Vehicle Re-Identification,10.1145/3512527.3531357,ICMR 2022 - Proceedings of the 2022 International Conference on Multimedia Retrieval,non-agricultural transfer domain,multi-camera-rig,RGB_multi_camera_vehicle_images,M2,none,"VeRi-776, VehicleID, VRIC, and VRAI benchmarks with CMC and mAP; baseline plus WCVL gains include VehicleID small mAP 86.8 to 90.3 percent, medium 83.6 to 87.1 percent, large 81.0 to 84.6 percent, VRIC CMC1 74.3 to 76.2 percent, and VRAI mAP 74.4 to 80.1 percent.",y,"VeRi-776, VehicleID, VRIC, and VRAI benchmarks with CMC and mAP; baseline plus WCVL gains include VehicleID small mAP 86.8 to 90.3 percent, medium 83.6 to 87.1 percent, large 81.0 to 84.6 percent, VRIC CMC1 74.3 to 76.2 percent, and VRAI mAP 74.4 to 80.1 percent.",n-a,transferable,A5,P1,pp.1-9; sections I-VI; Tables I-VIII,"Weakly supervised cross-view embeddings can reduce viewpoint-induced appearance variation using identity labels only, offering a transferable mechanism for associating repeated observations when viewpoint labels are unavailable.","The benchmark concerns vehicles rather than agricultural objects; it assumes identity labels during training; failures remain under extreme brightness and near-identical appearance; it does not address fruit occlusion, tree structure, changing object appearance, or agriculture-specific instance inventory.",https://arxiv.org/pdf/2103.05376,literature/search/fulltext/00027_r-4b3d8d423dbd5d0e_pluggable-weakly-supervised-cross-view-learning-for-accurate-vehicle-re-identification.pdf,27
R-c79d61a639a09929,ledger_r_c79d61a639a09929,"Zhang, Chenglong (57209818829); Mouton, Christiaan (57802840200); Valente, João (42062501000); Kooistra, Lammert (6603894270); van Ooteghem, Rachel (46661328500); de Hoog, Dirk (57803080300); van Dalfsen, Pieter (57802962400); Frans de Jong, Peter (57802840300)","Zhang, Chenglong (57209818829); Mouton, Christiaan (57802840200); Valente, João (42062501000); Kooistra, Lammert (6603894270); van Ooteghem, Rachel (46661328500); de Hoog, Dirk (57803080300); van Dalfsen, Pieter (57802962400); Frans de Jong, Peter (57802840300) (2022)",Automatic flower cluster estimation in apple orchards using aerial and ground based point clouds,10.1016/j.biosystemseng.2022.05.004,Biosystems Engineering,apple,aerial,UAV_and_ground_vehicle_RGB_SfM_point_clouds_GPS,M4,maturity,"Dutch Elstar orchard with 14 rows and 100 trees in the monitored row; manual ground truth for 31 random trees; segmentation validation on 107 trees and 186 observation volumes; combined Model-MB and Model-T report R2 around 0.70 and relative RMSE below 20 percent, with strongest subvolume correlations up to R2 0.78.",n,"Dutch Elstar orchard with 14 rows and 100 trees in the monitored row; manual ground truth for 31 random trees; segmentation validation on 107 trees and 186 observation volumes; combined Model-MB and Model-T report R2 around 0.70 and relative RMSE below 20 percent, with strongest subvolume correlations up to R2 0.78.",no,direct,"A2,A4",P1,"pp.164-180; sections 2.1-2.8, 3, 4, 5; Tables 1-9","Combining complementary UAV and ground RGB views with 3D point clouds improves coverage of tree subvolumes and supports tree-level flower-cluster estimation, illustrating the geometric route toward multi-view inventory aggregation.",Small ground-truth sample and high biological variability; UAV point-cloud density falls toward lower tree sections; occlusion and sky-cloud confusion affect segmentation; no persistent cross-view identity or cluster-level deduplication; estimates flower intensity and clusters rather than a unique fruit inventory or maturity classes.,https://edepot.wur.nl/574776,literature/search/fulltext/00028_r-c79d61a639a09929_automatic-flower-cluster-estimation-in-apple-orchards-using-aerial-and-ground-based-point-.pdf,28
R-ee550a3e3a6fb318,ledger_r_ee550a3e3a6fb318,"Zhang, Wenli (56440513600); Wang, Jiaqi (57216679181); Liu, Yuxin (55571689000); Chen, Kaizhen (57218294376); Li, Huibin (57190163050); Duan, Yulin (55349009200); Wu, Wenbin (55707483300); Shi, Yun (55349546900); Guo, Wei (54414194300)","Zhang, Wenli (56440513600); Wang, Jiaqi (57216679181); Liu, Yuxin (55571689000); Chen, Kaizhen (57218294376); Li, Huibin (57190163050); Duan, Yulin (55349009200); Wu, Wenbin (55707483300); Shi, Yun (55349546900); Guo, Wei (54414194300) (2022)",Deep-learning-based in-field citrus fruit detection and tracking,10.1093/hr/uhac003,Horticulture Research,citrus,video-continuous,RGB_video_field_rover_DJI_Osmo_Action,M3,maturity,"Field rover at 2 m/s with 60 fps 1920x1080 video; 1465 cropped detection samples with 7:3 train-test split and 182 standard test images; OrangeYolo AP 0.938 and standard-image AP 0.957; six video sequences from two fields and 22 trees; OrangeSort region strategy MAE 0.081 and SD 0.08, compared with Sort MAE 0.45 and DeepSort MAE 1.212.",y,"Field rover at 2 m/s with 60 fps 1920x1080 video; 1465 cropped detection samples with 7:3 train-test split and 182 standard test images; OrangeYolo AP 0.938 and standard-image AP 0.957; six video sequences from two fields and 22 trees; OrangeSort region strategy MAE 0.081 and SD 0.08, compared with Sort MAE 0.45 and DeepSort MAE 1.212.",explicit,direct,A3,"P1,P2","pp.1-14; sections Method, Experiment, Comparative analysis, Conclusion; Tables 1-5 and Figs.1-13","Temporal tracking with a deliberate counting region and motion displacement estimation substantially reduces double counting in orchard video, providing direct evidence for the temporal component of unique fruit inventory construction.","Tracking IDs are local to each video sequence rather than a persistent identity across sessions or trees; unseen canopy and fruit remain unobserved; performance degrades under poor lighting, overexposure, camera shake, and severe occlusion; no 3D spatial coordinates or maturity class; future work explicitly proposes 3D localization and unseen-fruit correction.",https://pmc.ncbi.nlm.nih.gov/articles/PMC9113225/; PDF mirror https://pdfs.semanticscholar.org/20dd/782dec13f834b646961872c025c7c2c83ce1.pdf,literature/search/fulltext/00029_r-ee550a3e3a6fb318_deep-learning-based-in-field-citrus-fruit-detection-and-tracking.pdf,29
R-eef08bb78d5f0317,chen2022ffbdet,"Chen, Zhiyuan (57191247513); Elsaid, Salma (57909397300); Sim, Doreen Ying Ying (37063714400); Maul, Tomas (24779754500); Liao, Iman Yi (23060943300)","Chen, Zhiyuan (57191247513); Elsaid, Salma (57909397300); Sim, Doreen Ying Ying (37063714400); Maul, Tomas (24779754500); Liao, Iman Yi (23060943300) (2022)",Detection of Oil Palm Fresh Fruit Bunches (FFBS) with Computer Vision Models,10.1109/cmaee58250.2022.00023,"Proceedings - 2022 International Conference on Mechanical, Automation and Electrical Engineering, CMAEE 2022",oil palm FFB,single-view,RGB_still_images_online_dataset_sources,M0,maturity,"Approximately 200 collected images with 169 suitable FFB images; deep-learning split 117 train, 32 validation, 20 test; YOLOv4 mAP 98.5 percent, precision 84 percent, recall 94 percent, F1 0.89, 31.8 ms; YOLOv5 mAP 96.4 percent, precision and recall 90.9 percent, F1 0.90, 11.4 ms.",n,"Approximately 200 collected images with 169 suitable FFB images; deep-learning split 117 train, 32 validation, 20 test; YOLOv4 mAP 98.5 percent, precision 84 percent, recall 94 percent, F1 0.89, 31.8 ms; YOLOv5 mAP 96.4 percent, precision and recall 90.9 percent, F1 0.90, 11.4 ms.",no,direct,A1,,pp.86-90; sections II-IV; Tables I-IV; Fig.2,"Comparative object detectors can localize multiple oil-palm FFBs in an image, with a speed-accuracy tradeoff between YOLOv4 and YOLOv5, but the study only establishes per-image detection.","Images were sourced from Kaggle and Google rather than an actual plantation because of travel restrictions; small dataset and random image split; no field-disjoint evaluation, temporal tracking, cross-view identity, or deduplication; no maturity classes; authors identify real-plantation validation as future work.",https://www.researchgate.net/publication/372232043_Detection_of_Oil_Palm_Fresh_Fruit_Bunches_FFBS_with_Computer_Vision_Models,,30
R-1c81e223679e4bfe,ledger_r_1c81e223679e4bfe,"Phimpisan, Phaireepinas (57028530900); Chungchoo, Chatchapol (6507883140)","Phimpisan, Phaireepinas (57028530900); Chungchoo, Chatchapol (6507883140) (2023)",Real-Time oil palm ripeness classification of fresh fruit bunches using fluorescence technology,10.34044/j.anres.2023.57.5.12,Agriculture and Natural Resources,oil palm FFB,single-view,RGB_fluorescence_images_UV_LED_395_to_400_nm,M0,maturity,"100 individual FFB samples, 20 under-ripe and 80 ripe; five expert graders; 600 fruit samples with six fruits sampled per bunch; solvent-extraction CPO validation; reported 100 percent classification agreement and 2-5 second image capture.",n,"100 individual FFB samples, 20 under-ripe and 80 ripe; five expert graders; 600 fruit samples with six fruits sampled per bunch; solvent-extraction CPO validation; reported 100 percent classification agreement and 2-5 second image capture.",no,direct,A1,,"pp.859-868; sections Materials and Methods, Results and Discussion, Conclusion; Tables 1-4; Figs.2-6","Fluorescence imaging can classify the ripeness attribute of an individual oil-palm FFB rapidly and non-destructively, adding a sensor modality for the attribute layer of a class-wise inventory.","Small and imbalanced sample with only two ripeness classes; controlled dark chamber or sorting-equipment setup; no field multi-view acquisition, detection of multiple bunches, temporal tracking, cross-view identity, or deduplication; the reported 100 percent result is not an external held-out field benchmark.",https://kasetsartjournal.ku.ac.th/downloadFile.aspx?param=bWVkaWFJRD04ODgx,literature/search/fulltext/00031_r-1c81e223679e4bfe_real-time-oil-palm-ripeness-classification-of-fresh-fruit-bunches-using-fluorescence-techn.pdf,31
R-2d972b94554c6cd1,ledger_r_2d972b94554c6cd1,"Gené-Mola, Jordi (57208647898); Felip-Pomés, Marc (58916714200); Net-Barnés, Francesc (58636386500); Morros, Josep-Ramon (35587745500); Miranda, Juan C. (57947116100); Arnó, Jaume (22978662800); Asín, Luís (6508223638); Lordan, Jaume (56303682600); Ruiz-Hidalgo, Javier (34969474900); Gregorio, Eduard (15834312900)","Gené-Mola, Jordi (57208647898); Felip-Pomés, Marc (58916714200); Net-Barnés, Francesc (58636386500); Morros, Josep-Ramon (35587745500); Miranda, Juan C. (57947116100); Arnó, Jaume (22978662800); Asín, Luís (6508223638); Lordan, Jaume (56303682600); Ruiz-Hidalgo, Javier (34969474900); Gregorio, Eduard (15834312900) (2023)",Video-Based Fruit Detection and Tracking for Apple Counting and Mapping,10.1109/metroagrifor58484.2023.10424135,"2023 IEEE International Workshop on Metrology for Agriculture and Forestry, MetroAgriFor 2023 - Proceedings",apple,video-continuous,Kinect_Azure_RGB_D_or_RGB_video_plus_GNSS,M3,maturity,"420 trees in four rows, 84 five-meter stretches, two scanning dates, east and west sides, 1087 annotated frames; YOLOv5x F1 0.834 and mAP 0.871; ByteTrack MOTA 0.6817, IDF1 0.8369, HOTA 0.6894, 15.4 ms per image; yield mapping MAPE 8.45 percent and R2 0.66 at four weeks, MAPE 7.47 percent and R2 0.70 at one week.",n,"420 trees in four rows, 84 five-meter stretches, two scanning dates, east and west sides, 1087 annotated frames; YOLOv5x F1 0.834 and mAP 0.871; ByteTrack MOTA 0.6817, IDF1 0.8369, HOTA 0.6894, 15.4 ms per image; yield mapping MAPE 8.45 percent and R2 0.66 at four weeks, MAPE 7.47 percent and R2 0.70 at one week.",explicit,direct,A3,,pp.1-5; sections I-IV; Tables I-II; Figs.1-4,"Continuous motion video with MOT reduces duplicate counting across adjacent frames and supports stretch-level yield mapping, while appearance ReID did not improve tracking for visually similar apples.",Track IDs are local to each scan and not persistent across separate dates or trees; ground truth is missing for several stretches; two-side counts are summed and calibrated rather than explicitly fused by 3D geometry; appearance-based ReID is weak for similar apples; no maturity/class attribute and no class-wise unique inventory.,https://upcommons.upc.edu/bitstream/2117/407100/1/Gene%20_Mola%20et%20al.pdf,literature/search/fulltext/00033_r-2d972b94554c6cd1_video-based-fruit-detection-and-tracking-for-apple-counting-and-mapping.pdf,33
R-673ecfa1664481fe,shiddiq2023palmcount,"Shiddiq, Minarni (8725594300); Arief, Dodi Sofyan (57208466987); Defrianto (54896326100); Dasta, Vicky Vernando (57216279266); Panjaitan, Deborah Margaretha (58306972700); Saputra, Doni (57213519278)","Shiddiq, Minarni (8725594300); Arief, Dodi Sofyan (57208466987); Defrianto (54896326100); Dasta, Vicky Vernando (57216279266); Panjaitan, Deborah Margaretha (58306972700); Saputra, Doni (57213519278) (2023)",COUNTING OF OIL PALM FRESH FRUIT BUNCHES USING COMPUTER VISION,10.21894/jopr.2022.0029,Journal of Oil Palm Research,oil palm FFB,video-continuous,RGB_video_conveyor,M3,maturity,"117 Tenera FFB, 10 videos, RGB 640x480 at 20 FPS, HSV saturation thresholding, contour area threshold above 9000, centroid association threshold below 50 pixels; per-video accuracy 50.00 to 100.00 percent, mean accuracy 79.35 percent, with recall, precision, and F-score reported.",n,"117 Tenera FFB, 10 videos, RGB 640x480 at 20 FPS, HSV saturation thresholding, contour area threshold above 9000, centroid association threshold below 50 pixels; per-video accuracy 50.00 to 100.00 percent, mean accuracy 79.35 percent, with recall, precision, and F-score reported.",no,direct,A3,P2,pp.111-120; Abstract; Materials and Methods; Figs.1-6; Tables 1-2; Conclusion,"A low-cost RGB conveyor system can detect, track, and count moving oil palm FFB in real time, but performance is sensitive to illumination, visible FFB surface and orientation, adjacent bunches, and camera or conveyor timing.","The experiment is a controlled postharvest conveyor setup rather than an in-canopy orchard view; one RGB camera and colour thresholding are sensitive to lighting and FFB orientation; track IDs are local to each video; there is no cross-view or cross-session identity, no tree-level unique inventory, and ripeness is explicitly excluded from evaluation.",http://jopr.mpob.gov.my/wp-content/uploads/2022/05/jopr2023v351-minarni.pdf,literature/search/fulltext/00034_r-673ecfa1664481fe_counting-of-oil-palm-fresh-fruit-bunches-using-computer-vision.pdf,34
R-700d34dae0f20d78,ledger_r_700d34dae0f20d78,"Rapado-Rincón, David (58346952700); van Henten, Eldert J. (6602318643); Kootstra, Gert (24537424000)","Rapado-Rincón, David (58346952700); van Henten, Eldert J. (6602318643); Kootstra, Gert (24537424000) (2023)",Development and evaluation of automated localisation and reconstruction of all fruits on tomato plants in a greenhouse based on multi-view perception and 3D multi-object tracking,10.1016/j.biosystemseng.2023.06.003,Biosystems Engineering,tomato,video-continuous,RGB_plus_LiDAR_structured_point_cloud_multi_view_robot_arm,M3/M4,maturity,"Mask R-CNN training and evaluation uses 1180 images; world-model evaluation uses 700 images from 100 viewpoints of seven plants, 10 height levels, 960x540 colour images and structured point clouds; detection precision and recall are reported at IoU 0.5, along with MPE, MAPE, HOTA, DetA, and AssA; world-model update rate reaches 10 Hz; HOTA up to 71.47 percent and full-sequence MAPE 12.21 percent in the selected configuration.",y,"Mask R-CNN training and evaluation uses 1180 images; world-model evaluation uses 700 images from 100 viewpoints of seven plants, 10 height levels, 960x540 colour images and structured point clouds; detection precision and recall are reported at IoU 0.5, along with MPE, MAPE, HOTA, DetA, and AssA; world-model update rate reaches 10 Hz; HOTA up to 71.47 percent and full-sequence MAPE 12.21 percent in the selected configuration.",explicit,direct,"A3,A2,A4",,pp.78-91; Abstract; Sections 2.2-2.5; Table 1; Table 3; Figs.2-8; Discussion; Conclusions,"Multi-view perception lets later viewpoints recover tomatoes missed under occlusion, while 3D position association maintains an object-centric representation. The paper demonstrates that total count error alone can hide ID switches, false positives, and false negatives, so tracking metrics such as HOTA, DetA, and AssA are needed for a unique inventory representation.","The evaluation covers seven greenhouse plants and a fixed semi-cylindrical viewpoint path rather than a broader orchard or field setting. Point-cloud noise and partial observations cause rejected detections and invalid sphere fits, especially in upper and occluded plant regions. Track IDs are evaluated within plant sequences, not as persistent identities across separate plants, dates, or sessions. The experiment uses one tomato class and does not evaluate maturity or class-wise inventory attributes.",https://edepot.wur.nl/636521,literature/search/fulltext/00035_r-700d34dae0f20d78_development-and-evaluation-of-automated-localisation-and-reconstruction-of-all-fruits-on-t.pdf,35
R-9e1316b934e66409,ledger_r_9e1316b934e66409,"Abeyrathna, R. M. Rasika D. (59157040200); Nakaguchi, Victor Massaki (57853537400); Minn, Arkar (58198583400); Ahamed, Tofael (9269729600)","Abeyrathna, R. M. Rasika D. (59157040200); Nakaguchi, Victor Massaki (57853537400); Minn, Arkar (58198583400); Ahamed, Tofael (9269729600) (2023)",Recognition and Counting of Apples in a Dynamic State Using a 3D Camera and Deep Learning Algorithms for Robotic Harvesting Systems,10.3390/s23083810,Sensors,apple,video-continuous,RGB_D_Realsense_D455_plus_video_tractor,M3,maturity,"800 original images expanded to 6511 augmented images, split 4500/1500/511; 30 real apples attached to 10 artificial trees; three camera orientations at 0, 15, and 30 degrees and three speeds of 0.052, 0.069, and 0.098 m/s; model precision, recall, F1, and mAP@0.5; 3D distance reference measured for 30 apples three times; best RMSE 1.54 cm and counting accuracy up to 86.6 percent.",n,"800 original images expanded to 6511 augmented images, split 4500/1500/511; 30 real apples attached to 10 artificial trees; three camera orientations at 0, 15, and 30 degrees and three speeds of 0.052, 0.069, and 0.098 m/s; model precision, recall, F1, and mAP@0.5; 3D distance reference measured for 30 apples three times; best RMSE 1.54 cm and counting accuracy up to 86.6 percent.",implicit,direct,A3,,pp.1-19; Abstract; Sections 3.1-3.7; Table 1; Figs.8-20; Appendix A; Conclusion,"Combining RGB-D depth with deep detectors and Deep SORT supports dynamic apple localization and prevents the same apple from being counted repeatedly across consecutive frames. EfficientDet gives the lowest reported depth error at 15 degrees, while YOLOv5 and YOLOv7 provide the strongest counting result in the tested setup.","The outdoor evaluation uses an artificially constructed orchard with only 30 apples on 10 artificial trees, so it does not establish performance in a natural orchard canopy. The experiment contains one apple class and no maturity or other class attribute, and track IDs are local to a moving sequence rather than persistent across sessions or trees. The augmented image split may not establish independent scene or tree-level test conditions, and the dataset is available only from the authors upon reasonable request. The study does not evaluate global cross-view identity or class-wise unique inventory.",https://mdpi-res.com/d_attachment/sensors/sensors-23-03810/article_deploy/sensors-23-03810-with-cover.pdf?version=1681122147,literature/search/fulltext/00036_r-9e1316b934e66409_recognition-and-counting-of-apples-in-a-dynamic-state-using-a-3d-camera-and-deep-learning-.pdf,36
R-d594d85dc382f9ff,ledger_r_d594d85dc382f9ff,"Hu, Jing (58488224700); Fan, Chuang (58488461200); Wang, Zhoupu (58488343600); Ruan, Jinglin (58488285800); Wu, Suyin (58488285900)","Hu, Jing (58488224700); Fan, Chuang (58488461200); Wang, Zhoupu (58488343600); Ruan, Jinglin (58488285800); Wu, Suyin (58488285900) (2023)",Fruit Detection and Counting in Apple Orchards Based on Improved Yolov7 and Multi-Object Tracking Methods,10.3390/s23135903,Sensors,apple,video-continuous,RGB_images_and_video,M3,maturity,"4246 apple images from public datasets and free internet images, 80 percent training and 20 percent validation; YOLOv7, YOLOv7-CBAM, and YOLOv7-CA ablation; three test videos with 290 manual fruit counts in total; detection precision 0.924, recall 0.816, mAP@0.5 0.913, F1 0.85; proposed tracker relative MAE 0.064 overall.",n,"4246 apple images from public datasets and free internet images, 80 percent training and 20 percent validation; YOLOv7, YOLOv7-CBAM, and YOLOv7-CA ablation; three test videos with 290 manual fruit counts in total; detection precision 0.924, recall 0.816, mAP@0.5 0.913, F1 0.85; proposed tracker relative MAE 0.064 overall.",implicit,direct,A3,"P2,P5",pp.1-14; Abstract; Sections 2.1-2.5; Tables 1-3; Figs.1-9; Discussion; Conclusions,"Adding coordinate attention improves single-frame apple detection, while SURF appearance features combined with Kalman motion prediction and cascade matching reduces repeated counts across video frames compared with detector-only counting and SORT.","The training data come from public datasets and free internet images, with pseudo-labeling and secondary annotation for some images; the tracking evaluation uses only three videos and does not report ID switch, MOTA, HOTA, or a full identity metric. Performance is unstable across lighting and shading conditions, and the paper does not establish tree-disjoint or field-disjoint generalization, 3D cross-view fusion, persistent identity across sessions, or class-wise inventory attributes.",https://mdpi-res.com/d_attachment/sensors/sensors-23-05903/article_deploy/sensors-23-05903-with-cover.pdf?version=1695794783,literature/search/fulltext/00038_r-d594d85dc382f9ff_fruit-detection-and-counting-in-apple-orchards-based-on-improved-yolov7-and-multi-object-t.pdf,38
R-e05253cccd616801,lai2023palmslr,"Lai, Jin Wern (57887765800); Ramli, Hafiz Rashidi (57189290778); Ismail, Luthffi Idzhar (55232596700); Wan Hasan, Wan Zuha (57219410727)","Lai, Jin Wern (57887765800); Ramli, Hafiz Rashidi (57189290778); Ismail, Luthffi Idzhar (55232596700); Wan Hasan, Wan Zuha (57219410727) (2023)",Oil Palm Fresh Fruit Bunch Ripeness Detection Methods: A Systematic Review,10.3390/agriculture13010156,Agriculture (Switzerland),oil palm FFB,single-view,RGB_colour_vision_LiDAR_spectral_NIR_Raman_fluorescence_inductive_thermal_and_other_sensors,M0,maturity,"English-language Google Scholar search using oil-palm FFB maturity and detection terms, publication years 2012-2022; methods categorized by sample type, sensor, classifier, and deployment location; 11 unique approaches; abstract reports 51 papers and discussion reports 48 articles; colour vision appears in 22 articles; computer vision, LiDAR, and inductive sensors are identified as having plantation testing.",y,"English-language Google Scholar search using oil-palm FFB maturity and detection terms, publication years 2012-2022; methods categorized by sample type, sensor, classifier, and deployment location; 11 unique approaches; abstract reports 51 papers and discussion reports 48 articles; colour vision appears in 22 articles; computer vision, LiDAR, and inductive sensors are identified as having plantation testing.",n-a,direct,,,pp.1-16; Abstract; Sections 1-4; Tables 1-3; Figs.1-2; References,"Existing oil-palm review literature is centered on ripeness classification and grading, with colour vision plus CNN presented as a feasible field direction. It does not formulate the broader design space of multi-view identity, duplicate suppression, or class-wise unique fruit inventory.","The search uses Google Scholar rather than a reproducible Scopus or Web of Science protocol and is restricted to English and 2012-2022. The paper is a secondary synthesis, not a primary benchmark, and contains an internal corpus-count discrepancy between the abstract and discussion. It does not evaluate cross-view association, persistent IDs, duplicate resolution, or tree-level inventory construction.",https://pdfs.semanticscholar.org/041b/e9f49af0ea6b14d14a53d5796bf0b0519cba.pdf,literature/search/fulltext/00040_r-e05253cccd616801_oil-palm-fresh-fruit-bunch-ripeness-detection-methods-a-systematic-review.pdf,40
R-fd5751e2ca2f7496,ledger_r_fd5751e2ca2f7496,Jordan A. James; Heather C. Manching; Matthew R. Mattia; Kim D. Bowman,Jordan A. James; Heather C. Manching; Matthew R. Mattia; Kim D. Bowman (2023),CitDet: A Benchmark Dataset for Citrus Fruit Detection,10.48550/arxiv.2309.05645,arXiv (Cornell University),citrus,single-view,RGB_still_images_ground_based_tree_views,M0,maturity,"579 images; 44,233 full-dataset bounding boxes; 60 varieties and 8 species/genera; 187 trees; tiled YOLOv7 AP 45.5, AP50 83.1; tree-yield front+back R2 0.754 detect-count and 0.793 filter-detect-count",n,"579 images; 44,233 full-dataset bounding boxes; 60 varieties and 8 species/genera; 187 trees; tiled YOLOv7 AP 45.5, AP50 83.1; tree-yield front+back R2 0.754 detect-count and 0.793 filter-detect-count",no,direct,A1,,1-7,"A public citrus benchmark makes on-tree versus fallen fruit explicit and improves tree-yield correlation through canopy filtering, but front/back aggregation does not establish unique fruit identity.","No cross-view fruit identity, tracking, ID-switch, HOTA, or ReID evaluation; front/back counts are summed by assumption; fully occluded fruit are unlabeled; small-object errors; no maturity classes; random train/test image split and tree-yield correlation are not equivalent to unique inventory.",https://arxiv.org/pdf/2309.05645,literature/search/fulltext/00041_r-fd5751e2ca2f7496_citdet-a-benchmark-dataset-for-citrus-fruit-detection.pdf,41
R-1c69e46dac45d45d,ledger_r_1c69e46dac45d45d,"Lin, Yishen (59847283000); Huang, Zifan (58849152900); Liang, Yun (55352015600); Liu, Yunfan (58849617200); Jiang, Weipeng (58848674300)","Lin, Yishen (59847283000); Huang, Zifan (58849152900); Liang, Yun (55352015600); Liu, Yunfan (58849617200); Jiang, Weipeng (58848674300) (2024)",AG-YOLO: A Rapid Citrus Fruit Detection Algorithm with Global Context Fusion,10.3390/agriculture14010114,Agriculture (Switzerland),citrus,single-view,RGB_still_images_ground_based_orchard,M0,maturity,"957 images; 670/190/97 train-validation-test; AG-YOLO P 90.6%, R 73.4%, mAP50 83.2%, mAP50:95 60.3%, APs 18.8%, APm 47.2%, APl 69.2%, 34.22 FPS",y,"957 images; 670/190/97 train-validation-test; AG-YOLO P 90.6%, R 73.4%, mAP50 83.2%, mAP50:95 60.3%, APs 18.8%, APm 47.2%, APl 69.2%, 34.22 FPS",no,direct,A1,,"1,4-5,9-10,13-14","Global context fusion with NextViT improves single-view citrus detection under severe occlusion, but does not resolve cross-view identity or duplicate counting.","Single-view RGB benchmark; no tracking, ReID, duplicate resolution, or unique-inventory metric; raw data only on request; ripe/unripe is not identity; small and selected dataset.",https://mdpi-res.com/d_attachment/agriculture/agriculture-14-00114/article_deploy/agriculture-14-00114.pdf,literature/search/fulltext/00042_r-1c69e46dac45d45d_ag-yolo-a-rapid-citrus-fruit-detection-algorithm-with-global-context-fusion.pdf,42
R-3e129b7285059b95,ledger_r_3e129b7285059b95,"Ambrus, B. (57894140200); Teschner, G. (58030586300); Kovács, A.J. (56404010100); Neményi, M. (6602525618); Helyes, L. (56750261500); Pék, Z. (56016257400); Takács, S. (57202782614); Alahmad, T. (58669567800); Nyéki, A. (6507906325)","Ambrus, B. (57894140200); Teschner, G. (58030586300); Kovács, A.J. (56404010100); Neményi, M. (6602525618); Helyes, L. (56750261500); Pék, Z. (56016257400); Takács, S. (57202782614); Alahmad, T. (58669567800); Nyéki, A. (6507906325) (2024)",Field-grown tomato yield estimation using point cloud segmentation with 3D shaping and RGB pictures from a field robot and digital single lens reflex cameras,10.1016/j.heliyon.2024.e37997,Heliyon,tomato,single-view,RGB_DSLR_and_robot_RGB_plus_LiDAR_calibration_plus_Ciclop_3D_scan,M0/M4,maturity,Robot validation F1 59.3%; red F1 0.70 and green F1 0.22; 3D model weight relative error 21.90% with SD 17.9665%; DSLR all-treatment weight R2 0.867; robot all-treatment weight R2 0.907; DSLR all-treatment count R2 0.744; robot all-treatment count R2 0.806,n,Robot validation F1 59.3%; red F1 0.70 and green F1 0.22; 3D model weight relative error 21.90% with SD 17.9665%; DSLR all-treatment weight R2 0.867; robot all-treatment weight R2 0.907; DSLR all-treatment count R2 0.744; robot all-treatment count R2 0.806,no,direct,"A1,A2,A4",P1,"1,4-6,9-12,14-16,18","Combining robot/DSLR RGB perception with 3D fruit shape supports field tomato count and weight estimation, but canopy occlusion and one-sided views cause missing fruit and prevent unique inventory.","No persistent fruit ID, cross-view ReID, duplicate resolution, ID-switch/HOTA, or class-wise global inventory; small and treatment-specific field experiment; weak green-tomato classification; one-sided robot view and canopy occlusion; data available on request; 3D scanner models harvested fruit shape rather than associating views.",https://europepmc.org/articles/PMC11619985?pdf=render,literature/search/fulltext/00043_r-3e129b7285059b95_field-grown-tomato-yield-estimation-using-point-cloud-segmentation-with-3d-shaping-and-rgb.pdf,43
R-659a7da54b8a43e6,ledger_r_659a7da54b8a43e6,"Vélez, Sergio (57215185725); Ariza-Sentís, Mar (56964491300); Valente, João (42062501000)","Vélez, Sergio (57215185725); Ariza-Sentís, Mar (56964491300); Valente, João (42062501000) (2024)","EscaYard: Precision viticulture multimodal dataset of vineyards affected by Esca disease consisting of geotagged smartphone images, phytosanitary status, UAV 3D point clouds and Orthomosaics",10.1016/j.dib.2024.110497,Data in Brief,grape,aerial,geotagged_smartphone_RGB_plus_UAV_multispectral_orthomosaic_and_SfM_point_cloud_plus_RTK_GNSS,M4,maturity,253 smartphone images; 10 UAV 3D point clouds; 2 orthomosaics; RTK trunk locations; per-plant cluster counts for 42 plants; open Zenodo dataset,n,253 smartphone images; 10 UAV 3D point clouds; 2 orthomosaics; RTK trunk locations; per-plant cluster counts for 42 plants; open Zenodo dataset,n-a,transferable,"A2,A4",,"1-5,7-10,13","Geospatial plant anchors can align ground imagery, aerial multimodal data, and plant-level fruit-cluster counts, providing an agricultural transfer pattern for cross-observation registration.","Identity is at plant level, not individual fruit or bunch level; no fruit-level detection/tracking/ReID or duplicate-resolution evaluation; dataset article does not benchmark a unique inventory algorithm; two vineyards and one vine cultivar in one Spanish region; raw archives are large.",https://edepot.wur.nl/659703,literature/search/fulltext/00044_r-659a7da54b8a43e6_escayard-precision-viticulture-multimodal-dataset-of-vineyards-affected-by-esca-disease-co.pdf,44
R-92ac7cb4b797197d,ledger_r_92ac7cb4b797197d,"Wu, Haitao (59312180600); Mo, Xiaotian (59388983800); Wen, Sijian (59312094000); Wu, Kanglei (59165112900); Ye, Yu (59388658900); Wang, Yongmei (57244860600); Zhang, Youhua (36784200800)","Wu, Haitao (59312180600); Mo, Xiaotian (59388983800); Wen, Sijian (59312094000); Wu, Kanglei (59165112900); Ye, Yu (59388658900); Wang, Yongmei (57244860600); Zhang, Youhua (36784200800) (2024)",DNE-YOLO: A method for apple fruit detection in Diverse Natural Environments,10.1016/j.jksuci.2024.102220,Journal of King Saud University - Computer and Information Sciences,apple,single-view,RGB_still_images_natural_orchard_plus_synthetic_fog,M0,maturity,"10,304 images; 8,240/1,032/1,032 train-validation-test; overall P 90.7%, R 88.9%, mAP50 94.3%, 10.46M parameters, 25.4 GFLOPs, 2.9 ms; per-weather mAP50 95.2/95.4/95.3/88.9",n,"10,304 images; 8,240/1,032/1,032 train-validation-test; overall P 90.7%, R 88.9%, mAP50 94.3%, 10.46M parameters, 25.4 GFLOPs, 2.9 ms; per-weather mAP50 95.2/95.4/95.3/88.9",no,direct,A1,,"official full-text HTML: abstract, sections 2.1.3, 3, 3.4-3.6, conclusion","A lightweight detector remains accurate across several weather conditions, but fog and single-angle occlusion remain unresolved and the result is still intra-view detection.","No tracking, ReID, cross-view identity, duplicate resolution, ID-switch/HOTA, or unique inventory metric; one apple variety; distant fruit unlabeled; synthetic fog augmentation and single-angle limitations; no class-wise maturity attribute.",https://pdfs.semanticscholar.org/114a/4d6d282323d9ca096299fd02843d05a93f37.pdf | https://doi.org/10.1016/j.jksuci.2024.102220 | https://doaj.org/article/7573d668c69b4bcab6e67a573ff01b7f,,46
R-e8d88a31640ee300,ledger_r_e8d88a31640ee300,N P Vidhya; R Priya,N P Vidhya; R Priya (2024),Robust YOLO Approach for Mango Fruit Detection Using Computer Vision,10.47392/irjaem.2024.0552,International Research Journal on Advanced Engineering and Management (IRJAEM),mango,single-view,RGB_mobile_camera_still_images,M0,maturity,473 images; random 80/10/10 split; YOLOv7; image 640x640; batch 16; 100 epochs; reported mAP@0.5 99.5% and mAP@0.5:0.95 81.9% in training/validation phase,y,473 images; random 80/10/10 split; YOLOv7; image 640x640; batch 16; 100 epochs; reported mAP@0.5 99.5% and mAP@0.5:0.95 81.9% in training/validation phase,no,direct,A1,,"1,3-6","A simple transfer-learned YOLOv7 detector gives high reported single-view mango detection metrics, but evidence does not address cross-view unique counting.","No tracking, ReID, cross-view identity, duplicate resolution, ID-switch/HOTA, or unique inventory; random split; healthy mangoes only; one class; no separate numerical test metrics; reported accuracy context is training/validation.",https://goldncloudpublications.com/index.php/irjaem/article/download/641/655,literature/search/fulltext/00049_r-e8d88a31640ee300_robust-yolo-approach-for-mango-fruit-detection-using-computer-vision.pdf,49
M-66042c905cc191de,ledger_m_66042c905cc191de,"Hobart, Marius (57211394385); Pflanz, Michael (23098076200); Tsoulias, Nikos (57204039498); Weltzien, Cornelia (57189026254); Kopetzky, Mia (59522868200); Schirrmann, Michael (36895144600)","Hobart, Marius (57211394385); Pflanz, Michael (23098076200); Tsoulias, Nikos (57204039498); Weltzien, Cornelia (57189026254); Kopetzky, Mia (59522868200); Schirrmann, Michael (36895144600) (2025)",Fruit Detection and Yield Mass Estimation from a UAV Based RGB Dense Cloud for an Apple Orchard,10.3390/drones9010060,Drones,apple,aerial,UAV_RGB_multiview_photogrammetric_dense_point_cloud_plus_GNSS_RTK,M4,maturity,"0.5 ha; 1334 trees; 2 seasons; 4 rows per season; 14 blocks of 8 trees; 7.5 m and 10 m flights; apple count R2 about 0.41, 0.40, 0.53; main yield-mass R2 0.56 at 7.5 m and 0.76 at 10 m; one 7.5 m 2020 cloud failed",n,"0.5 ha; 1334 trees; 2 seasons; 4 rows per season; 14 blocks of 8 trees; 7.5 m and 10 m flights; apple count R2 about 0.41, 0.40, 0.53; main yield-mass R2 0.56 at 7.5 m and 0.76 at 10 m; one 7.5 m 2020 cloud failed",no,direct,"A2,A4",P1,"1-3,5-8,10-16","Low-altitude UAV RGB SfM can recover ripe-apple 3D positions and volumes for block-level yield-mass mapping, with 10 m outperforming 7.5 m in the main mass result.","No persistent fruit identity, cross-view ReID, duplicate resolution, ID-switch/HOTA, or class-wise unique inventory; block-level validation; leaf occlusion and noisy/shifted point clouds; one failed cloud and excluded outer rows; ripe red fruit only; reported conclusion R2 is inconsistent with the main results; data on request.",https://pubdata.leuphana.de/bitstreams/79db6170-b51b-4ceb-a43f-8a2cbbb4709c/download,literature/search/fulltext/00050_m-66042c905cc191de_fruit-detection-and-yield-mass-estimation-from-a-uav-based-rgb-dense-cloud-for-an-apple-or.pdf,50
M-949f38a7336860d8,ledger_m_949f38a7336860d8,"Guillem Montalbán Faet; Navarro Modesto, Enrique; Fayos-Jordan, Rafael; Benlloch-Caballero, Pablo","Guillem Montalbán Faet; Navarro Modesto, Enrique; Fayos-Jordan, Rafael; Benlloch-Caballero, Pablo (2025)",Dataset for orange fruit detection from UAV in citrus orchards,10.5281/zenodo.17866344,Zenodo (CERN European Organization for Nuclear Research),citrus,aerial,UAV_RGB_plus_G_RE_NIR_multispectral_nadir_images,M4,maturity,"550 synchronized captures; 2,750 images; 301,232 annotations; 14 m AGL; GSD 0.65 cm/pixel; 80/70 overlap; four annotators plus two reviewers; date-based 2-train/1-test recommendation; 70/15/15 alternative",n,"550 synchronized captures; 2,750 images; 301,232 annotations; 14 m AGL; GSD 0.65 cm/pixel; 80/70 overlap; four annotators plus two reviewers; date-based 2-train/1-test recommendation; 70/15/15 alternative",no,direct,"A2,A4","P2,P5","1-4,6-10",A public UAV dataset makes cross-spectral fruit annotations geometrically reproducible and provides a date-based evaluation protocol that can reduce leakage.,"Data article without detector benchmark; no persistent fruit identity across dates/views, ReID, duplicate resolution, ID-switch/HOTA, or unique inventory; one orchard and altitude; controlled midday illumination; large storage and SfM/reprojection cost; no multi-altitude evaluation.",https://europepmc.org/articles/PMC13090671?pdf=render,literature/search/fulltext/00051_m-949f38a7336860d8_dataset-for-orange-fruit-detection-from-uav-in-citrus-orchards.pdf,51
M-dcfc5d3cb912146d,ledger_m_dcfc5d3cb912146d,Soham Dutta; Soham Banerjee; Sneha Mahata; Anindya Sen,Soham Dutta; Soham Banerjee; Sneha Mahata; Anindya Sen (2025),"A Low-Cost UAV Deep Learning Pipeline for Integrated Apple Disease Diagnosis,Freshness Assessment, and Fruit Detection",10.48550/arxiv.2512.22990,arXiv (Cornell University),apple,aerial,RGB_UAV_ESP32_CAM_plus_RaspberryPi_edge_inference,M0,none,"Three collections about 10,000 samples each; apple detection split 79/21; YOLOv8 300 epochs; validation P 86.1%, R 85.3%, F1 85.7%, mAP50 91%, mAP50:95 63.1%; no numerical YOLO test metrics",y,"Three collections about 10,000 samples each; apple detection split 79/21; YOLOv8 300 epochs; validation P 86.1%, R 85.3%, F1 85.7%, mAP50 91%, mAP50:95 63.1%; no numerical YOLO test metrics",no,direct,A1,,1-7,"A low-cost RGB edge pipeline integrates orchard perception tasks, but it does not yet implement temporal consistency required for unique fruit inventory.","Preprint; incomplete dataset provenance and field protocol; no temporal tracking, ReID, cross-view identity, duplicate resolution, ID-switch/HOTA, or unique inventory; single fruit class; detection test metrics absent; temporal consistency is future work.",https://arxiv.org/pdf/2512.22990,literature/search/fulltext/00052_m-dcfc5d3cb912146d_a-low-cost-uav-deep-learning-pipeline-for-integrated-apple-disease-diagnosis-freshness-ass.pdf,52
R-134385f2faed38a6,ledger_r_134385f2faed38a6,Ainul Hakim Fizal Sabillah; Hafizal Mohamad; Sagaya Sabestinal Amalathas; Hwan Won Seung,Ainul Hakim Fizal Sabillah; Hafizal Mohamad; Sagaya Sabestinal Amalathas; Hwan Won Seung (2025),ENHANCING OIL PALM FRUIT DETECTION: A COMPARATIVE ANALYSIS OF YOLO ALGORITHMS,10.35631/ijirev.720001,International Journal of Innovation and Industrial Revolution,oil palm FFB,aerial,RGB_smartphone_and_UAV_video,M0,maturity,"119 images; about 8 minutes video; about 22 trees; YOLOv8 416 precision 0.96, recall 0.97, F1 0.97, mAP 98.98%; YOLOv7 416 mAP 98.87%; augmentation YOLOv3 mAP 71.16% vs 32.54% without",y,"119 images; about 8 minutes video; about 22 trees; YOLOv8 416 precision 0.96, recall 0.97, F1 0.97, mAP 98.98%; YOLOv7 416 mAP 98.87%; augmentation YOLOv3 mAP 71.16% vs 32.54% without",no,direct,A1,,"1-6,9-16","Input resolution and augmentation strongly affect FFB detection, and newer YOLO versions report higher single-view metrics, but the evidence does not establish unique bunch inventory.","Small dataset; no clear independent test/tree-disjoint split; best-iteration metrics may be training/validation; one FFB class and no ripeness labels; no tracking, ReID, duplicate resolution, ID-switch/HOTA, or unique inventory; circular video not used for identity.",https://gaexcellence.com/ijirev/article/download/4754/4427,literature/search/fulltext/00054_r-134385f2faed38a6_enhancing-oil-palm-fruit-detection-a-comparative-analysis-of-yolo-algorithms.pdf,54
R-22a356a76569c44a,goh2025palmdataset,"Goh, Jin Yu (58684374500); Mohamed Ali, Mohamed Sultan (57217387904); Md Yunos, Yusri (57820815400); Sheikh, Usman Ullah (34267792700); Khan, Muhamad Salman (59759059700)","Goh, Jin Yu (58684374500); Mohamed Ali, Mohamed Sultan (57217387904); Md Yunos, Yusri (57820815400); Sheikh, Usman Ullah (34267792700); Khan, Muhamad Salman (59759059700) (2025)",Outdoor RGB and Point Cloud Depth Dataset for Palm Oil Fresh Fruit Bunch Ripeness Classification and Localization,10.1038/s41597-025-04953-6,Scientific Data,oil palm FFB,single-view,RGB_plus_RealSense_depth_plus_point_cloud,M4,maturity,"400 RGB images; 400 depth maps; 400 point clouds; four Johor locations; registration mean error 1.8 cm at 3 m; DBSCAN cluster validation; table agreement 87.5% initial, 100% consensus, 95.2% recheck; abstract reports 92.5%",n,"400 RGB images; 400 depth maps; 400 point clouds; four Johor locations; registration mean error 1.8 cm at 3 m; DBSCAN cluster validation; table agreement 87.5% initial, 100% consensus, 95.2% recheck; abstract reports 92.5%",implicit,direct,"A2,A4",,1-9,"A natural-plantation RGB-depth-point-cloud resource supports instance-level FFB ripeness and 3D localization with explicit calibration, a strong foundation for multimodal inventory research.",Data descriptor without detector benchmark; no temporal/multi-view sequence identity or global deduplication; scene-local cluster IDs; 400 scenes only; tripod-style acquisition and no cross-session inventory; internal agreement figures differ between abstract and validation table.,https://europepmc.org/articles/PMC12022099?pdf=render,literature/search/fulltext/00055_r-22a356a76569c44a_outdoor-rgb-and-point-cloud-depth-dataset-for-palm-oil-fresh-fruit-bunch-ripeness-classifi.pdf,55
R-4d09eb83eea41b2f,ledger_r_4d09eb83eea41b2f,"Timprae, Warut (57437513200); Sagawa, Tatsuki (60212719000); Baar, Stefan (56816684200); Kondo, Satoshi (35956448800); Okada, Yoshifumi (59963267400); Sato, Kazuhiko (7406411489); Rumahorbo, Poltak Sandro (59508987800); Lyu, Yan (60213234400); Shibuya, Kyuki (60213105200); Gama, Yoshiki (60213492400); Hatanaka, Yoshiki (60212588800); Watanabe, Shinya (35450302800)","Timprae, Warut (57437513200); Sagawa, Tatsuki (60212719000); Baar, Stefan (56816684200); Kondo, Satoshi (35956448800); Okada, Yoshifumi (59963267400); Sato, Kazuhiko (7406411489); Rumahorbo, Poltak Sandro (59508987800); Lyu, Yan (60213234400); Shibuya, Kyuki (60213105200); Gama, Yoshiki (60213492400); Hatanaka, Yoshiki (60212588800); Watanabe, Shinya (35450302800) (2025)",Tomato Growth Monitoring and Phenological Analysis Using Deep Learning-Based Instance Segmentation and 3D Point Cloud Reconstruction,10.3390/su172210120,Sustainability (Switzerland),tomato,video-continuous,RGB_handheld_video_plus_SfM_MVS_Nerfacto_3D_point_cloud,M4,maturity,Laboro Tomato 804 images: YOLOv8x-Seg P=0.806 R=0.818 F1=0.812 and table segment mAP@0.5=0.881; text inconsistently states mAP at IoU 0.8. 3D diameter average error=8.01% versus caliper; summer size gmax=1.08 versus winter=0.87 and ripeness gmax=0.41 versus 0.21.,n,Laboro Tomato 804 images: YOLOv8x-Seg P=0.806 R=0.818 F1=0.812 and table segment mAP@0.5=0.881; text inconsistently states mAP at IoU 0.8. 3D diameter average error=8.01% versus caliper; summer size gmax=1.08 versus winter=0.87 and ripeness gmax=0.41 versus 0.21.,implicit,direct,"A2,A4","P1,P2,P5","1-2,4-5,7-10,12-20","Combines per-fruit instance segmentation, SfM/MVS/Nerfacto reconstruction, DBSCAN grouping, ellipsoid fitting, metric reference-ball calibration and CIELAB ripeness analysis for longitudinal greenhouse phenotyping.","One greenhouse setting and cherry-tomato cultivar; handheld uncalibrated camera with about 180-degree view; occlusion and lighting affect reconstruction; object selection, shape verification and tracking still require manual intervention; no global fruit re-identification, ID-switch, HOTA or cross-view deduplication metrics; data available upon request.",https://mdpi-res.com/d_attachment/sustainability/sustainability-17-10120/article_deploy/sustainability-17-10120.pdf,literature/search/fulltext/00056_r-4d09eb83eea41b2f_tomato-growth-monitoring-and-phenological-analysis-using-deep-learning-based-instance-segm.pdf,56
R-504a1d386928344f,ledger_r_504a1d386928344f,N. A. Hamid; A. R. Syafeeza; Norhashimah Mohd Saad; M. Ibrahim,N. A. Hamid; A. R. Syafeeza; Norhashimah Mohd Saad; M. Ibrahim (2025),A Mini Review on Sensor and Artificial Intelligence Approaches for Ripeness Detection and Classification of Oil Palm Fresh Fruit Bunch,10.47772/ijriss.2025.909000213,International Journal of Research and Innovation in Social Science,oil palm FFB,single-view,RGB_computer_vision_CNN_YOLO_MSI_HSI_physical_sensors_IoT_and_edge_computing,M0,maturity,"Secondary comparison across 46 references with summary tables for computer vision, YOLO, MSI/HSI and sensor systems; reported ranges include YOLO 91-96.7%, MSI/HSI 90-95%, and sensors 88-94.2%. No systematic database query, screening flow, dataset-level reanalysis or independent pooled evaluation is reported.",n,"Secondary comparison across 46 references with summary tables for computer vision, YOLO, MSI/HSI and sensor systems; reported ranges include YOLO 91-96.7%, MSI/HSI 90-95%, and sensors 88-94.2%. No systematic database query, screening flow, dataset-level reanalysis or independent pooled evaluation is reported.",n-a,direct,,,"1-9,10-12","Prior oil-palm review work concentrates on ripeness grading, sensors, spectral imaging, CNNs and YOLO deployment; it does not formulate cross-view identity, duplicate suppression or class-wise unique fruit inventory as a primary review problem.","Narrative mini-review with no reproducible search protocol or explicit inclusion/exclusion process; reported metrics are inherited from cited studies and cannot be merged with the current corpus; no cross-view association, persistent identity, duplicate resolution or tree-level unique inventory analysis; some cited claims require verification against primary studies.",https://rsisinternational.org/journals/ijriss/Digital-Library/volume-9-issue-9/2487-2498.pdf,literature/search/fulltext/00057_r-504a1d386928344f_a-mini-review-on-sensor-and-artificial-intelligence-approaches-for-ripeness-detection-and-.pdf,57
R-722bfce242f37ecb,ledger_r_722bfce242f37ecb,Minarni Shiddiq; Yanuar Hamzah; Zulfa Nasir; Farid Amanullah,Minarni Shiddiq; Yanuar Hamzah; Zulfa Nasir; Farid Amanullah (2025),Physical properties of oil palm fresh fruit bunch varieties,10.59190/stc.v6i1.336,"Science, Technology, and Communication Journal.",oil palm FFB,single-view,RGB_CMOS_camera_ImageJ_threshold_segmentation_and_particle_analysis,M0,maturity,"40 FFBs: 20 Dura and 20 Tenera, each with 10 unripe and 10 ripe; 80 front/back images; RGB intensity and ImageJ outer-fruit counts compared with manual counts. Mass-density regression R2: Dura ROI 0.4038, Tenera ROI 0.0384, Dura segmentation 0.2803, Tenera segmentation 0.0888.",n,"40 FFBs: 20 Dura and 20 Tenera, each with 10 unripe and 10 ripe; 80 front/back images; RGB intensity and ImageJ outer-fruit counts compared with manual counts. Mass-density regression R2: Dura ROI 0.4038, Tenera ROI 0.0384, Dura segmentation 0.2803, Tenera segmentation 0.0888.",no,direct,A1,P4,1-9,"Tenera shows higher RGB intensity, outer-fruit count and fruitlet density than Dura; front/back ImageJ counts are lower than manual counts because overlapping fruitlets are not separated reliably.",Small sample from one smallholder plantation; controlled white conveyor background and fixed 60 cm camera; only outer fruits visible in each side view; no cross-view registration or unique fruit inventory; ImageJ thresholding and manual ROI require intervention; authors note overlapping fruits need watershed or more advanced processing; no classifier benchmark.,https://sintechcomjournal.com/index.php/stc/article/download/336/346,literature/search/fulltext/00059_r-722bfce242f37ecb_physical-properties-of-oil-palm-fresh-fruit-bunch-varieties.pdf,59
R-d4270ea8ab11f268,ledger_r_d4270ea8ab11f268,"Lee, Jaehwan (59920036600); Ohata, Meguna (60597712900); Itoh, Hiromichi (16197704400); Morimoto, Eiji (59633328300)","Lee, Jaehwan (59920036600); Ohata, Meguna (60597712900); Itoh, Hiromichi (16197704400); Morimoto, Eiji (59633328300) (2026)",LiDAR–Camera Fusion for 3D Fruit Counting and Density Mapping in Horizontal Trellis Orchards,10.20965/jrm.2026.p0449,Journal of Robotics and Mechatronics,pear,video-continuous,RGB_LiDAR_plus_FAST_LIO2_SLAM,M3/M4,none,"Training, validation, and test sets contain 9000, 2580, and 100 images with 543375 labels; field validation on 1891 fruits reports 96.2 percent counting accuracy, 3.8 percent relative error, and MAE 0.64 fruits per square metre.",n,"Training, validation, and test sets contain 9000, 2580, and 100 images with 543375 labels; field validation on 1891 fruits reports 96.2 percent counting accuracy, 3.8 percent relative error, and MAE 0.64 fruits per square metre.",explicit,direct,"A3,A2,A4","P3,P5","2,5,8-10",Instance-level RGB and LiDAR fusion combines 2D detection with SLAM point clouds and temporal association to reduce duplicate counts while mapping fruit density.,"Single pear class and one horizontal-trellis orchard; 53 double-counts remain from association threshold and SLAM drift, so transfer to dense oil-palm canopy and class-wise inventory is not demonstrated.",https://da.lib.kobe-u.ac.jp/da/kernel/0100504207/0100504207.pdf,literature/search/fulltext/00087_r-d4270ea8ab11f268_lidar-camera-fusion-for-3d-fruit-counting-and-density-mapping-in-horizontal-trellis-orchar.pdf,87
M-1210e3ea00486b68,ledger_m_1210e3ea00486b68,"Meyer, Lukas (58027874700); Gilson, Andreas (58205562200); Schmid, Ute (56032455700); Stamminger, Marc (55906526700)","Meyer, Lukas (58027874700); Gilson, Andreas (58205562200); Schmid, Ute (56032455700); Stamminger, Marc (55906526700) (2024)",FruitNeRF: A Unified Neural Radiance Field based Fruit Counting Framework,10.1109/iros58592.2024.10802065,IEEE International Conference on Intelligent Robots and Systems,agricultural fruit or transferable mechanism,multi-view-discrete,RGB_multiview_plus_SfM_semantic_NeRF,M4,none,Synthetic six-fruit dataset: F1 0.95 with ground-truth masks and about 0.88 with SAM masks; real apple trees above 89 percent detection and Fuji benchmark F1 0.79.,n,Synthetic six-fruit dataset: F1 0.95 with ground-truth masks and about 0.88 with SAM masks; real apple trees above 89 percent detection and Fuji benchmark F1 0.79.,explicit,direct,"A2,A4",,"1-2,4-8","Semantic NeRF converts unordered posed RGB observations into a 3D fruit field and clustered fruit point cloud, directly addressing duplicate counting across views.",Manual per-tree cropping is required; clustering is sensitive to hyperparameters; performance drops under sparse views and the study does not evaluate class-wise maturity inventory.,https://arxiv.org/pdf/2408.06190,literature/search/fulltext/00412_m-1210e3ea00486b68_fruitnerf-a-unified-neural-radiance-field-based-fruit-counting-framework.pdf,412
R-b2e0e9aabad17a97,ledger_r_b2e0e9aabad17a97,"Wang, Penggang (59046962700); He, Yuejun (57799174500); Zhang, Jiguang (57190230977); Liu, Jiandong (58916858100); Chen, Ran (60013822000); Zhuang, Xiang (60014255300)","Wang, Penggang (59046962700); He, Yuejun (57799174500); Zhang, Jiguang (57190230977); Liu, Jiandong (58916858100); Chen, Ran (60013822000); Zhuang, Xiang (60014255300) (2025)",Phenotypic Trait Acquisition Method for Tomato Plants Based on RGB-D SLAM,10.3390/agriculture15151574,Agriculture (Switzerland),tomato,single-view,RGB_D_plus_ORB_SLAM3_BiSeNetV2_OctoMap,M4,size,600 annotated tomato images; fruit counts on three plants and three rows report mean relative error 14.36 percent; fruit volume on one plant reports mean relative error 14.25 percent; semantic segmentation mIoU 95.37 percent and field mATE 0.16 m.,n,600 annotated tomato images; fruit counts on three plants and three rows report mean relative error 14.36 percent; fruit volume on one plant reports mean relative error 14.25 percent; semantic segmentation mIoU 95.37 percent and field mATE 0.16 m.,implicit,direct,"A2,A4","P1,P2","5-7,12,16-18,21","RGB-D semantic SLAM projects fruit segmentation into a 3D point cloud, filters noise, and uses spherical fitting to estimate per-plant and per-row fruit counts and fruit volume.","The study is not a cross-view deduplication evaluation; leaf and fruit occlusion plus depth errors cause missed or distorted fruit geometry, and omitted fitted fruits are excluded from volume statistics.",https://mdpi-res.com/d_attachment/agriculture/agriculture-15-01574/article_deploy/agriculture-15-01574-v2.pdf?version=1753196426,literature/search/fulltext/01578_r-b2e0e9aabad17a97_phenotypic-trait-acquisition-method-for-tomato-plants-based-on-rgb-d-slam.pdf,1578
