tahap,kritis,idx,tahun,judul,sumber,keputusan_manusia,keputusan_ai,keputusan_final_fatma,alasan_fatma
judul,ya,1338,2018,Oil palm counting and age estimation from WorldView-3 imagery and LiDAR data using an integrated OBIA height model and regression analysis,Journal of Sensors,Yes-C3,eksklusi,,
judul,ya,3038,2025,A YOLO-based citrus image recognition and harvesting system,Proceedings of SPIE the International Society for Optical Engineering,Yes-C1,eksklusi,,
judul,ya,3661,2022,Grape Maturity Detection and Visual Pre-Positioning Based on Improved YOLOv4,Electronics Switzerland,Yes-C1,eksklusi,,
judul,ya,3901,2021,Research on Spatial Positioning System of Fruits to be Picked in Field Based on Binocular Vision and SSD Model,Journal of Physics Conference Series,Yes-C1,eksklusi,,
judul,ya,4128,2019,Deep learning-based image segmentation for grape bunch detection,Precision Agriculture 2019 Papers Presented at the 12th European Conference on Precision Agriculture Ecpa 2019,Yes-C1,eksklusi,,
judul,,76,2026,A Fruit Size Estimation Method Based on Hyperspectral LiDAR,2026 International Conference on Image Signal Processing and Pattern Recognition Ispp 2026,No,lanjut,,
judul,,131,2025,Tomato Growth Monitoring and Phenological Analysis Using Deep Learning-Based Instance Segmentation and 3D Point Cloud Reconstruction,Sustainability Switzerland,No,lanjut,,
judul,,157,2025,Real-time in-field trunk size estimation using low-cost RGBD cameras,Acta Horticulturae,Yes,eksklusi,,
judul,,166,2025,AppleYOLO: Apple yield estimation method using improved YOLOv8 based on Deep OC-SORT,Expert Systems with Applications,Yes,eksklusi,,
judul,,381,2024,Kiwifruit Counting Using Kiwidetector and Kiwitracker,Lecture Notes in Networks and Systems,No,lanjut,,
judul,,421,2023,Development and evaluation of automated localisation and reconstruction of all fruits on tomato plants in a greenhouse based on multi-view perception and 3D multi-object tracking,Biosystems Engineering,No,lanjut,,
judul,,596,2021,Neural network for identifying apple fruits on the crown of a tree,E3s Web of Conferences,No,lanjut,,
judul,,656,2020,In-field grape cluster size assessment for vine yield estimation using a mobile robot and a consumer level RGB-D Camera,IEEE Robotics and Automation Letters,No,lanjut,,
judul,,762,2017,"Bird detection, tracking and counting in wine grapes",2017 Asabe Annual International Meeting,Yes,eksklusi,,
judul,,902,2026,On Tree Mango Fruit Yield Estimation Using Graph Cuts and Depth First Search,Communications in Computer and Information Science,No,lanjut,,
judul,,927,2025,Machine learning techniques for tomato yield prediction: A comprehensive analysis,Smart Agricultural Technology,No,lanjut,,
judul,,986,2025,Identification of Counterfeit Oil Palm Seedlings Using the Convolution Neural Network Method,Beyond Technology Summit on Informatics International Conference Bts I2c 2025,Yes,eksklusi,,
judul,,1142,2023,A deep learning approach for automatic counting of bedbugs and grape moth,Procedia Computer Science,Yes,eksklusi,,
judul,,1156,2022,Yield estimations in a vineyard based on high-resolution spatial imagery acquired by a UAV,Biosystems Engineering,No,lanjut,,
judul,,1182,2022,Oil Palm Yield Estimation Based on Vegetation and Humidity Indices Generated from Satellite Images and Machine Learning Techniques,Agriengineering,Yes,eksklusi,,
judul,,1256,2020,Vineyard yield estimation using 2-D proximal sensing: A multitemporal approach,Oeno One,No,lanjut,,
judul,,1320,2018,Detection and counting of immature green citrus fruit based on the Local Binary Patterns (LBP) feature using illumination-normalized images,Precision Agriculture,No,lanjut,,
judul,,1335,2018,Automated early yield prediction in vineyards from on-the-go image acquisition,Computers and Electronics in Agriculture,No,lanjut,,
judul,,1383,2015,Automatic grape bunch detection in vineyards for precise yield estimation,Proceedings of the 14th Iapr International Conference on Machine Vision Applications Mva 2015,No,lanjut,,
judul,,1391,2015,A feature learning based approach for automated fruit yield estimation,Springer Tracts in Advanced Robotics,No,lanjut,,
judul,,1559,2025,Concatenated Image Technique Approach to Optimize AI Detection Inference Time and Resource Utilization,Proceedings 2025 7th International Conference on Intelligent Autonomous Systems Icoias 2025,No,lanjut,,
judul,,1582,2025,Geospatial monitoring of land use and tree cover using Unmanned Aerial Vehicles and YOLOv5: a case study on tree crops and built-up detection in Thailand,Geocarto International,Yes,eksklusi,,
judul,,2181,2018,Population site of Elaeidobius kamerunicus Faust (Coleoptera: Curculionidae) on different age of oil palm plantation,Jurnal Entomologi Indonesia,Yes,eksklusi,,
judul,,2226,2018,State of the art remote sensing technology for oil palm management in Indonesia,Proceedings 39th Asian Conference on Remote Sensing Remote Sensing Enabling Prosperity Acrs 2018,Yes,eksklusi,,
judul,,2598,2024,Apple image recognition model based on optimized sYOLOv5 network with small object detection,ACM International Conference Proceeding Series,Yes,eksklusi,,
judul,,2787,2026,Advances in Binocular Stereo Vision-Driven 3D Perception and Intelligent Analysis Methods for Agriculture,Applied Sciences Switzerland,No,lanjut,,
judul,,2799,2026,RG-RGD: Task-Triggered Small-Target RGB-D Depth Refinement for Robotic Laser Ablation,Machines,Yes,eksklusi,,
judul,,3577,2023,Image-based tree detection for autonomous navigation in orchards,Proceedings 2023 Latin American Robotics Symposium 2023 Brazilian Symposium on Robotics and 2023 Workshop of Robotics in Education LARS Sbr Wre 2023,Yes,eksklusi,,
judul,,3641,2022,An RGB-D multi-view perspective for autonomous agricultural robots,Computers and Electronics in Agriculture,No,lanjut,,
judul,,3782,2022,Application of Median Filter Method for Classification of Oil Palm Tree on LiDAR Images,Proceedings 4th International Conference on Informatics Multimedia Cyber and Information System Icimcis 2022,Yes,eksklusi,,
judul,,3859,2021,A YOLO-based pest detection system for precision agriculture,2021 29th Mediterranean Conference on Control and Automation MED 2021,Yes,eksklusi,,
judul,,4564,2026,Tracking with attention: A review of transformer-based object tracking,Engineering Science and Technology an International Journal,Yes,eksklusi,,
judul,,4681,2022,Survey on multi-task learning for object classification and recognition,Hangkong Xuebao Acta Aeronautica Et Astronautica Sinica,Yes,eksklusi,,
judul,,4701,2021,"Multi-Object Detection and Tracking, Based on DNN, for Autonomous Vehicles: A Review",IEEE Sensors Journal,Yes,eksklusi,,
judul,,4703,2021,Recent advances on construction of multi-branch neural networks for person re-identification,Nanjing Youdian Daxue Xuebao Ziran Kexue Ban Journal of Nanjing University of Posts and Telecommunications Natural Science,Yes,eksklusi,,
judul,,5179,2024,"A Review of Perception Technologies for Berry Fruit-Picking Robots: Advantages, Disadvantages, Challenges, and Prospects",Agriculture Switzerland,No,lanjut,,
judul,,5812,2012,An evaluation of the RGB-D SLAM system,Proceedings IEEE International Conference on Robotics and Automation,Yes,eksklusi,,
judul,,5815,2016,Single-image crowd counting via multi-column convolutional neural network,Proceedings of the IEEE Computer Society Conference on Computer Vision and Pattern Recognition,No,lanjut,,
judul,,5859,2016,Learning deep feature representations with domain guided dropout for person re-identification,Proceedings of the IEEE Computer Society Conference on Computer Vision and Pattern Recognition,Yes,eksklusi,,
abstrak,,22,2026,A lightweight multi-view detection and counting method for real-time cherry tomato yield estimation using greenhouse inspection robots,Smart Agricultural Technology,C2,C1,,
abstrak,,50,2026,Enhanced grape tracking (using deep neural networks) with an extended matching algorithm for SORT and DeepSORT,Computers and Electronics in Agriculture,R,C1,,
abstrak,,55,2026,Citrus tracking and counting using UAV remote sensing video imagery with improved YOLO11,Nongye Gongcheng Xuebao Transactions of the Chinese Society of Agricultural Engineering,R,C1,,
abstrak,,57,2026,Research on Lightweight Apple Detection and 3D Accurate Yield Estimation for Complex Orchard Environments,Horticulturae,C2,C5,,
abstrak,,74,2026,Semantic NeRF-Oriented 3-D Object Counting for Industrial Fruit Harvesting,IEEE Transactions on Automation Science and Engineering,C5,C1,,
abstrak,,98,2026,Performance Analysis of Various Machine Learning Techniques for Fruit Classification and Counting from Images,Intelligent Computing and Analytics in Image Processing,C4,X-E5,,
abstrak,,108,2026,Research on Greenhouse Eggplant Fruit Detection and Tracking-Based Counting Using an Improved YOLOv5s-DeepSORT,Agriculture Switzerland,C2,C1,,
abstrak,,116,2025,Orange yield estimation using object tracking and 3D reconstruction,Smart Agricultural Technology,C5,C1,,
abstrak,,120,2025,Assessment of the tomato cluster yield estimation algorithms via tracking-by-detection approaches,Information Processing in Agriculture,R,C1,,
abstrak,,167,2025,A Robust Tomato Counting Framework for Greenhouse Inspection Robots Using YOLOv8 and Inter-Frame Prediction,Agronomy,C2,C1,,
abstrak,,183,2025,Research on Apple Detection and Tracking Count in Complex Scenes Based on the Improved YOLOv7-Tiny-PDE,Agriculture Switzerland,R,C1,,
abstrak,,216,2025,A case study on the integration of a snapshot hyperspectral field-portable imager solving fruit quality assessment,Proceedings of SPIE the International Society for Optical Engineering,C5,C1,,
abstrak,,223,2025,FruitNeRF++: A Generalized Multi-Fruit Counting Method Utilizing Contrastive Learning and Neural Radiance Fields,IEEE International Conference on Intelligent Robots and Systems,R,C1,,
abstrak,,241,2025,Automated Muskmelon Counting in Real Farm Environment using YOLOv11n,Proceeding of the IEEE International Conference on Smart Instrumentation Measurement and Applications Icsima,C4,C1,,
abstrak,,335,2024,"A Seamless Deep Learning Approach for Apple Detection, Depth Estimation, and Tracking Using YOLO Models Enhanced by Multi-Head Attention Mechanism",Computers,R,C1,,
abstrak,,347,2024,Deep Neural Network Based Yield Phenotyping Framework: Fruit Grading and Classification,Proceedings of Inc4 2024 2024 IEEE International Conference on Contemporary Computing and Communications,X-E5,X-E2,,
abstrak,,359,2024,StableSort-CMC: a tracking algorithm for robot dog based orchard fruit counting,Proceedings 2024 China Automation Congress Cac 2024,X-E1,C1,,
abstrak,,371,2024,Green pepper fruits counting based on improved DeepSort and optimized Yolov5s,Frontiers in Plant Science,R,C1,,
abstrak,,376,2024,Toward Real Scenery: A Lightweight Tomato Growth Inspection Algorithm for Leaf Disease Detection and Fruit Counting,Plant Phenomics,X-E4,C1,,
abstrak,,411,2023,Object-Detection from Multi-View remote sensing Images: A case study of fruit and flower detection and counting on a central Florida strawberry farm,International Journal of Applied Earth Observation and Geoinformation,X-E5,C1,,
abstrak,,424,2023,Fruit Detection and Counting in Apple Orchards Based on Improved Yolov7 and Multi-Object Tracking Methods,Sensors,C4,C1,,
abstrak,,479,2023,An Integrated Framework for Smart Monitoring of Orange Orchard,2023 7th International Conference on Electronics Materials Engineering and Nano Technology Iementech 2023,C2,X-E5,,
abstrak,,570,2021,Development of monitoring robot system for tomato fruits in hydroponic greenhouses,Agronomy,X-E5,C2,,
abstrak,,576,2021,Grape berry detection and size measurement based on edge image processing and geometric morphology,Machines,X-E5,C2,,
abstrak,,596,2021,Neural network for identifying apple fruits on the crown of a tree,E3s Web of Conferences,X-E5,C2,,
abstrak,,614,2021,A method for organs classification and fruit counting on pomegranate trees based on multi-features fusion and support vector machine by 3D point cloud,Scientia Horticulturae,C5,C1,,
abstrak,,622,2021,Kiwifruit yield estimation using deep learning and binocular stereo vision on Android smartphones,American Society of Agricultural and Biological Engineers Annual International Meeting Asabe 2021,X-E5,C5,,
abstrak,,628,2021,AI on the bog: Monitoring and evaluating cranberry crop risk,Proceedings 2021 IEEE Winter Conference on Applications of Computer Vision Wacv 2021,X-E1,C2,,
abstrak,,649,2020,Fuji-SfM dataset: A collection of annotated images and point clouds for Fuji apple detection and location using structure-from-motion photogrammetry,Data in Brief,C5,C1,,
abstrak,,702,2019,ROLS : Robust object-level SLAM for grape counting,IEEE Computer Society Conference on Computer Vision and Pattern Recognition Workshops,C5,C1,,
abstrak,,723,2018,"Robust Fruit Counting: Combining Deep Learning, Tracking, and Structure from Motion",IEEE International Conference on Intelligent Robots and Systems,C5,C1,,
abstrak,,766,2016,"Image based mango fruit detection, localisation and yield estimation using multiple view geometry",Sensors Switzerland,C5,C1,,
abstrak,,777,2016,Apple crop-load estimation with over-the-row machine vision system,Computers and Electronics in Agriculture,C5,C1,,
abstrak,,838,2013,Automated Crop Yield Estimation for Apple Orchards,Springer Tracts in Advanced Robotics,C4,C1,,
abstrak,,868,2026,Unified Multi-Level Grape Counting Framework with Low Annotation Cost for Natural Orchard Scenes,Applied Sciences Switzerland,C1,C2,,
abstrak,,874,2026,Walnut-YOLO: a lightweight and occlusion-robust object detection model for UAV-based walnut image-level counting,Measurement Science and Technology,X-E5,C2,,
abstrak,,889,2026,"Comprehensive performance evaluation of YOLOv12, YOLO11, YOLOv10, YOLOv9 and YOLOv8 on detecting and counting fruitlet in complex orchard environments",Agriculture Communications,R,C2,,
abstrak,,911,2026,Detection of Banana and Counting using One-Stage and Transformer-based Object Detection Models,7th International Conference on Inventive Research in Computing Applications Icirca 2026 Proceedings,X-E5,C2,,
abstrak,,922,2026,A precise berry counting method for in-cluster grapes to guide berry thinning,Frontiers in Plant Science,X-E2,C2,,
abstrak,,956,2025,A Transfer Learning-Based Multimodal Model for Grape Detection and Counting,Smart Agriculture,C4,C2,,
abstrak,,967,2025,Automated Detection and Counting of Gossypium barbadense Fruits in Peruvian Crops Using Convolutional Neural Networks,Agriengineering,R,C2,,
abstrak,,1002,2025,Smartphone-based fruit counting for early capsicum yield estimation,Proceedings of SPIE the International Society for Optical Engineering,C4,C2,,
abstrak,,1022,2025,Real-Time Mango Counting Using Ghost-YOLOv11: A Lightweight Object Detection Approach,2nd Asian Conference on Intelligent Technologies Acoit 2025,T,C2,,
abstrak,,1111,2023,Tomato Maturity Detection and Counting Model Based on MHSA-YOLOv8,Sensors,C2,C4,,
abstrak,,1118,2023,Detection and Counting of Small Target Apples under Complicated Environments by Using Improved YOLOv7-tiny,Agronomy,R,C2,,
abstrak,,1128,2023,Detection of fruit maturity stage and yield estimation in wild blueberry using deep learning convolutional neural networks,Smart Agricultural Technology,R,C4,,
abstrak,,1157,2022,Online recognition and yield estimation of tomato in plant factory based on YOLOv3,Scientific Reports,R,C4,,
abstrak,,1188,2022,Orchard Yield Estimation using Multi-angle Image Processing,2022 28th International Conference on Mechatronics and Machine Vision in Practice M2vip 2022,C1,C2,,
abstrak,,1245,2021,End-to-End Automatic Berry Counting for Table Grape Thinning,IEEE Access,C5,C2,,
abstrak,,1247,2021,Unmanned Aircraft System- (UAS-) Based High-Throughput Phenotyping (HTP) for Tomato Yield Estimation,Journal of Sensors,C2,X-E3,,
abstrak,,1543,2025,A PICTURE OF RIPENESS: INVESTIGATING IMAGE-BASED TECHNIQUES FOR OIL PALM FRUIT GRADING,Journal of Oil Palm Research,C3,R,,
abstrak,,1575,2025,Lightweight YOLOv8n Segmentation and ShuffleNetV2 Transfer Learning Integration for Oil Palm Fruit Ripeness Classification,International Conference on Information and Communications Technology Icoiact,R,C3,,
abstrak,,1698,2024,Fresh Fruit Bunch Detection Performance: A Comparative Evaluation of Training Strategies,Proceedings of the International Symposium on Intelligent Signal Processing and Communication Systems Ispacs,T,C3,,
abstrak,,1716,2024,DETECTION AND SEQUENCE OF COLLECTING LOOSE OIL PALM FRUIT USING DEEP LEARNING TECHNIQUE,Iet Conference Proceedings,R,C3,,
abstrak,,1796,2023,Oil Palm Fresh Fruit Bunch Ripeness Detection Methods: A Systematic Review,Agriculture Switzerland,C3,R,,
abstrak,,2495,2026,YOLO12-SDS: an enhanced lightweight model for accurate and real-time fig maturity detection,Frontiers in Plant Science,C4,X-E5,,
abstrak,,2499,2026,CICE-YOLO: An improved YOLO-based network for tomato ripeness detection in Greenhouse,Smart Agricultural Technology,C4,X-E5,,
abstrak,,2543,2025,A Review of Crop Attribute Monitoring Technologies for General Agricultural Scenarios,Agriengineering,C5,R,,
abstrak,,2558,2025,YOLOv8n-CA: Improved YOLOv8n Model for Tomato Fruit Recognition at Different Stages of Ripeness,Agronomy,C4,X-E5,,
abstrak,,2569,2025,Apple estimation and recognition in complex scenes using YOLO v8,Peerj Computer Science,C5,C4,,
abstrak,,2589,2024,YOLO-BLBE: A Novel Model for Identifying Blueberry Fruits with Different Maturities Using the I-MSRCR Method,Agronomy,C4,X-E5,,
abstrak,,2655,2022,A Real-Time Detection Algorithm for Sweet Cherry Fruit Maturity Based on YOLOX in the Natural Environment,Agronomy,C4,X-E5,,
abstrak,,3451,2023,RGB-D Heterogeneous Image Feature Fusion for YOLOfuse Apple Detection Model,Agronomy,C2,C5,,
abstrak,,3749,2022,Determining fresh tomato weight using depth images from an AR headset,IFAC Papersonline,X-E5,C5,,
abstrak,,4082,2019,"KFuji RGB-DS database: Fuji apple multi-modal images for fruit detection with color, depth and range-corrected IR data",Data in Brief,R,C5,,
abstrak,,4123,2019,Using machine vision in mango orchard management,Acta Horticulturae,C4,C2,,
abstrak,,4547,2026,Recent Advances in Multi-Camera Computer Vision for Industry 4.0 and Smart Cities: A Systematic Review,Algorithms,R,T,,
abstrak,,4570,2025,Semantic SLAM: A comprehensive survey of methods and applications,Intelligent Systems with Applications,R,T,,
abstrak,,4577,2025,A Survey of 3D Reconstruction: The Evolution from Multi-View Geometry to NeRF and 3DGS,Sensors,R,T,,
abstrak,,4583,2025,A Review of Optical-Based Three-Dimensional Reconstruction and Multi-Source Fusion for Plant Phenotyping,Sensors,C5,R,,
abstrak,,4692,2021,Multiple object tracking in deep learning approaches: A survey,Electronics Switzerland,R,T,,
abstrak,,4760,2012,A review on methods for automatic counting of objects in digital images,IEEE Latin America Transactions,X-E1,T,,
abstrak,,4822,2026,Volume Estimation of Agricultural Products Using 2D Images: From Laboratory to Orchard,Horticulturae,C5,R,,
abstrak,,5076,2025,Key Technologies for Machine Vision for Picking Robots: Review and Benchmarking,Machine Intelligence Research,X-E2,R,,
abstrak,,5104,2025,A review of visual perception technology for intelligent fruit harvesting robots,Frontiers in Plant Science,X-E5,R,,
abstrak,,5331,2023,Object Detection and Recognition Techniques Based on Digital Image Processing and Traditional Machine Learning for Fruit and Vegetable Harvesting Robots: An Overview and Review,Agronomy,T,R,,
abstrak,,5685,2016,A review of key techniques of vision-based control for harvesting robot,Computers and Electronics in Agriculture,X-E4,R,,
abstrak,,5804,2013,SLAM++: Simultaneous localisation and mapping at the level of objects,Proceedings of the IEEE Computer Society Conference on Computer Vision and Pattern Recognition,X-E1,T,,
abstrak,,5866,2023,3D Gaussian Splatting for Real-Time Radiance Field Rendering,ACM Transactions on Graphics,X-E1,T,,
