no,idx,eid,judul,tahun,sumber,keputusan_manusia,catatan,keputusan_ai,keputusan_final_fatma
1,3262,2-s2.0-85204794422,Assessing grapevine water status through fusion of hyperspectral imaging and 3D point clouds,2024,Computers and Electronics in Agriculture,No,,eksklusi,
2,4398,2-s2.0-84901937243,Main differences between volatiles of sparkling and base wines accessed through comprehensive two dimensional gas chromatography with time-of-flight mass spectrometric detection and chemometric tools,2014,Food Chemistry,No,,eksklusi,
3,2487,2-s2.0-84866518981,Short-term soil carbon sink potential of oil palm plantations,2012,Gcb Bioenergy,No,,eksklusi,
4,5618,2-s2.0-85074210536,Review on high-pressure processing of foods,2019,Cogent Food and Agriculture,No,,eksklusi,
5,3935,2-s2.0-85132526858,Formation and Regulation of Aroma-Related Volatiles During the Manufacturing Process of Wuyi Rougui Tea via LOX-HPL Pathway,2021,Journal of Food Science and Biotechnology,No,,eksklusi,
6,1270,2-s2.0-85083422258,Counting of grapevine berries in images via semantic segmentation using convolutional neural networks,2020,ISPRS Journal of Photogrammetry and Remote Sensing,Yes-C1,,lanjut,
7,3710,2-s2.0-85124536454,"Tree architecture, light interception and water-use related traits are controlled by different genomic regions in an apple tree core collection",2022,New Phytologist,No,,eksklusi,
8,2028,2-s2.0-85099298886,Maturity grading of oil palm fresh fruit bunches based on a machine learning approach,2020,2020 5th International Conference on Informatics and Computing Icic 2020,Yes-C3,,lanjut,
9,5078,2-s2.0-85214035572,Application and Prospects of Artificial Intelligence (AI)-Based Technologies in Fruit Production Systems,2025,Applied Fruit Science,Yes,,lanjut,
10,3123,2-s2.0-85214281889,"Environmental mapping and path planning for robots in orchard based on traversability analysis, improved LeGO-LOAM and RRT* algorithms",2025,Computers and Electronics in Agriculture,No,,eksklusi,
11,4101,2-s2.0-85064009334,Machine learning techniques for tree species classification using co-registered LiDAR and hyperspectral data,2019,Remote Sensing,No,,eksklusi,
12,596,2-s2.0-85108358419,Neural network for identifying apple fruits on the crown of a tree,2021,E3s Web of Conferences,No,,lanjut,
13,4315,2-s2.0-84992298143,"Use of liquid chromatography- quadrupole time-of-flight mass spectrometry for enantioselective separation and determination of pyrisoxazole in vegetables, strawberry and soil",2016,Journal of Chromatography A,No,,eksklusi,
14,77,2-s2.0-105028664063,Voxel-Based Leaf Area Estimation in Trellis-Grown Grapevines: A Destructive Validation and Comparison with Optical LAI Methods,2026,Remote Sensing,No,,eksklusi,
15,2660,2-s2.0-85133707822,Research on extraction of shape features of Camellia oleifera fruits based on camera photography,2022,Journal of Nanjing Forestry University Natural Sciences Edition,No,,eksklusi,
16,4268,2-s2.0-85017201611,Design of virtual test system based on hardware-in-loop for picking robot vision localization and behavior control,2017,Nongye Gongcheng Xuebao Transactions of the Chinese Society of Agricultural Engineering,No,,eksklusi,
17,4942,2-s2.0-105027069557,Dietary and Nutrition Interventions for Breast Cancer Survivors: An Umbrella Review,2026,Nutrients,No,,eksklusi,
18,5018,2-s2.0-105006832178,"Modern smart sensing technologies in the fruit supply chain: contributions, challenges, and future prospects",2025,Trends in Food Science and Technology,No,,eksklusi,
19,3600,2-s2.0-85151144083,Study and Experiment on the Effect of Fruit Trees’ Volume by Different Travel Direction and LiDAR Installation Height,2023,Lecture Notes in Electrical Engineering,No,,eksklusi,
20,3903,2-s2.0-85096345530,Research on volume prediction of single tree canopy based on three-dimensional (3D) LiDAR and clustering segmentation,2021,International Journal of Remote Sensing,No,,eksklusi,
21,3787,2-s2.0-85142804607,DEVELOPMENT OF AN AUTOMATIC AIRFLOW CONTROL SYSTEM FOR PRECISION SPRAYERS BASED ON TREE CANOPY DENSITY,2022,Journal of the Asabe,No,,eksklusi,
22,4257,2-s2.0-85018894371,"PTR-ToF-MS coupled with an automated sampling system and tailored data analysis for food studies: Bioprocess monitoring, screening and nose-space analysis",2017,Journal of Visualized Experiments,No,,eksklusi,
23,3809,2-s2.0-85138182547,Anthocyanin Encapsulated Nanoparticles as a Pulmonary Delivery System,2022,Oxidative Medicine and Cellular Longevity,No,,eksklusi,
24,5675,2-s2.0-84983080808,Effect of Thermal and Nonthermal Processing on Textural Quality of Plant Tissues,2016,Critical Reviews in Food Science and Nutrition,No,,eksklusi,
25,1148,2-s2.0-85180543929,An Improved Soft-CBAM-YoloV5 Algorithm for Fruits and Vegetables Detection and Counting,2023,2023 IEEE 6th International Conference on Pattern Recognition and Artificial Intelligence Prai 2023,Yes-C1,,lanjut,
26,5880,2-s2.0-105000471427,Medical SAM adapter: Adapting segment anything model for medical image segmentation,2025,Medical Image Analysis,No,,eksklusi,
27,483,2-s2.0-85146234142,Did the COVID-19 vaccine rollout impact transportation demand? A case study in New York City,2023,Journal of Transport and Health,No,,eksklusi,
28,1596,2-s2.0-105003424023,Conversion of some oil palm biomasses via plasma-assisted pyrolysis,2025,Journal of Physics Conference Series,No,,eksklusi,
29,4128,2-s2.0-85073761690,Deep learning-based image segmentation for grape bunch detection,2019,Precision Agriculture 2019 Papers Presented at the 12th European Conference on Precision Agriculture Ecpa 2019,Yes-C1,,eksklusi,
30,3693,2-s2.0-85130103464,Partition harvesting of a column-comb litchi harvester based on 3D clustering,2022,Computers and Electronics in Agriculture,No,,eksklusi,
31,1089,2-s2.0-85200983190,A Practical Study on Banana (Musa spp.) Plant Counting and Coverage Percentage Using Remote Sensing and Deep Learning,2024,Lecture Notes in Geoinformation and Cartography,No,,eksklusi,
32,1609,2-s2.0-85211119444,Machine learning for automated oil palm fruit grading: The role of fuzzy C-means segmentation and textural features,2024,Smart Agricultural Technology,Yes,,lanjut,
33,2181,2-s2.0-105038114108,Population site of Elaeidobius kamerunicus Faust (Coleoptera: Curculionidae) on different age of oil palm plantation,2018,Jurnal Entomologi Indonesia,Yes,,eksklusi,
34,5375,2-s2.0-85139593099,"Dual-functions of non-contact optical thermometry and anti-counterfeiting based on La2MgGeO6: Bi3+, Er3+ phosphors",2022,Journal of Luminescence,No,,eksklusi,
35,2693,2-s2.0-85084189340,On line detection of defective apples using computer vision system combined with deep learning methods,2020,Journal of Food Engineering,No,,eksklusi,
36,4189,2-s2.0-85016488113,Evaluation of the use of LIDAR laser scanner to map pruning wood in vineyards and its potential for management zones delineation,2018,Precision Agriculture,No,,eksklusi,
37,1256,2-s2.0-85099923542,Vineyard yield estimation using 2-D proximal sensing: A multitemporal approach,2020,Oeno One,No,,lanjut,
38,76,2-s2.0-105043726482,A Fruit Size Estimation Method Based on Hyperspectral LiDAR,2026,2026 International Conference on Image Signal Processing and Pattern Recognition Ispp 2026,No,,lanjut,
39,1135,2-s2.0-85172879730,Automated detection and counting of grape bunches using a farmer robot,2023,Proceedings of SPIE the International Society for Optical Engineering,Yes,,lanjut,
40,4275,2-s2.0-85015314685,An autonomous pollination robot for hormone treatment of tomato flower in greenhouse,2017,2016 3rd International Conference on Systems and Informatics Icsai 2016,No,,eksklusi,
41,4622,2-s2.0-85185559064,Person search over security video surveillance systems using deep learning methods: A review,2024,Image and Vision Computing,No,,eksklusi,
42,3782,2-s2.0-85147412872,Application of Median Filter Method for Classification of Oil Palm Tree on LiDAR Images,2022,Proceedings 4th International Conference on Informatics Multimedia Cyber and Information System Icimcis 2022,Yes,,eksklusi,
43,3879,2-s2.0-85111939244,Self-supervised pose estimation method for a mobile robot in greenhouse,2021,Nongye Gongcheng Xuebao Transactions of the Chinese Society of Agricultural Engineering,No,,eksklusi,
44,5859,2-s2.0-84986264911,Learning deep feature representations with domain guided dropout for person re-identification,2016,Proceedings of the IEEE Computer Society Conference on Computer Vision and Pattern Recognition,Yes,,eksklusi,
45,5677,2-s2.0-84979743734,Particular applications of food irradiation fresh produce,2016,Radiation Physics and Chemistry,No,,eksklusi,
46,3174,2-s2.0-105041019396,Autonomous Navigation in Sloped Orchard Environments Using Terrain Compensation,2025,Proceedings 2025 China Automation Congress Cac 2025,No,,eksklusi,
47,2521,2-s2.0-105027253041,Blueberry Maturity Detection in Natural Orchard Environments Using an Improved YOLOv11n Network,2026,Agriculture Switzerland,Yes,,lanjut,
48,1747,2-s2.0-85179083429,DEEP LEARNING WITH AUXILIARY LEARNING ATTENTION MECHANISM FOR OIL PALM FRUIT IMAGE RIPENESS CLASSIFICATION,2023,Icic Express Letters,Yes-C3,,lanjut,
49,3683,2-s2.0-85131452801,Design and evaluation of a robotic apple harvester using optimized picking patterns,2022,Computers and Electronics in Agriculture,No,,eksklusi,
50,3739,2-s2.0-85121930085,"A novel strategy by integrating chemical profiling, molecular networking, chemical isolation, and activity evaluation to target isolation of potential anti-ACE2 candidates in Forsythiae Fructus",2022,Phytomedicine,No,,eksklusi,
51,1624,2-s2.0-85208426508,Enhancement of polyphenols and haematological profile of rats fed with traditional African soups,2024,Food Research,No,,eksklusi,
52,5625,2-s2.0-85061254106,Smart storage technologies applied to fresh foods: A review,2018,Critical Reviews in Food Science and Nutrition,No,,eksklusi,
53,381,2-s2.0-85192134528,Kiwifruit Counting Using Kiwidetector and Kiwitracker,2024,Lecture Notes in Networks and Systems,No,,lanjut,
54,4894,2-s2.0-105031286197,A Comprehensive Review of Biochemical Insights and Advanced Packaging Technologies for Shelf-Life Enhancement of Temperate Fruits,2026,Biosensors,No,,eksklusi,
55,3194,2-s2.0-105015470358,Use of Drones and AI for Wild Product Harvesting Optimization in the FEROX Project,2025,Proceedings of the 31st ICE IEEE Itmc Conference on Engineering Technology and Innovation AI Driven Industrial Transformation Digital Leadership in Technology Engineering Innovation and Entrepreneurship ICE 2025,No,,eksklusi,
56,185,2-s2.0-105001095751,Parallaft: Runtime-Based CPU Fault Tolerance via Heterogeneous Parallelism,2025,Cgo 2025 Proceedings of the 23rd ACM IEEE International Symposium on Code Generation and Optimization,No,,eksklusi,
57,3555,2-s2.0-105010383231,STEREO VISION CONTROLLED VARIABLE RATE SPRAYER FOR SPECIALTY CROPS: PART II. SPRAYER DEVELOPMENT AND PERFORMANCE EVALUATION,2023,Journal of the Asabe,No,,eksklusi,
58,2207,2-s2.0-85033455569,Oil palm waste: An abundant and promising feedstock for microwave pyrolysis conversion into good quality biochar with potential multi-applications,2018,Process Safety and Environmental Protection,No,,eksklusi,
59,4437,2-s2.0-84904127165,Combination of dynamic pH junction with capillary electrophoresis-mass spectrometry for the determination of systemins in plant samples,2014,Electrophoresis,No,,eksklusi,
60,4879,2-s2.0-105024209152,Advancing postharvest storage management using sensors and smart technologies: A national and global perspective,2026,Environmental Challenges,No,,eksklusi,
61,2093,2-s2.0-85083361062,"Characteristics of peat soils and management implication for agricultural development in asahan regency, North Sumatra",2020,Tropical Wetlands Innovation in Mapping and Management Proceedings of the International Workshop on Tropical Wetlands Innovation in Mapping and Management 2018,No,,eksklusi,
62,2847,2-s2.0-105035185507,DEPTH-AWARE DETECTION AND SEGMENTATION OF FRUITS USING FASTER R-CNN AND YOLOV5 FOR ORCHARD ROBOTICS,2026,Icic Express Letters Part B Applications,Yes,,lanjut,
63,3703,2-s2.0-85127192347,Vineyard classification using OBIA on UAV-based RGB and multispectral data: A case study in different wine regions,2022,Computers and Electronics in Agriculture,No,,eksklusi,
64,5303,2-s2.0-85184454773,A Methodological Review of Fluorescence Imaging for Quality Assessment of Agricultural Products,2023,Agriculture Switzerland,No,,eksklusi,
65,4156,2-s2.0-85050607771,Volatile compounds in different parts of the fruit Psidium guajava L. cv. “Media China” identified at distinct phenological stages using HS-SPME-GC-QTOF/MS,2018,Phytochemical Analysis,No,,eksklusi,
66,5815,2-s2.0-84986278309,Single-image crowd counting via multi-column convolutional neural network,2016,Proceedings of the IEEE Computer Society Conference on Computer Vision and Pattern Recognition,No,,lanjut,
67,1731,2-s2.0-85216032780,Exoskeleton Effects on Amplitude Distribution of Muscle Signals during Oil Palm Fruit Harvesting,2024,Proceeding 2024 International Conference on Radar Antenna Microwave Electronics and Telecommunications Icramet 2024,No,,eksklusi,
68,125,2-s2.0-105018648232,Robust real-time strawberry maturity detection using UAV-mounted deep learning for precision agriculture,2025,BMC Plant Biology,Yes,,lanjut,
69,1582,2-s2.0-105024999145,Geospatial monitoring of land use and tree cover using Unmanned Aerial Vehicles and YOLOv5: a case study on tree crops and built-up detection in Thailand,2025,Geocarto International,Yes,,eksklusi,
70,1396,2-s2.0-84928029113,"Management type of grapes (Vitis vinífera L.) producers in Mara county, Zulia state, Venezuela",2015,Revista De La Facultad De Agronomia,No,,eksklusi,
71,1178,2-s2.0-85126233034,Agreement of the Apple Watch® and Fitbit Charge® for recording step count and heart rate when exercising in water,2022,Medical and Biological Engineering and Computing,No,,eksklusi,
72,4777,2-s2.0-105041134580,‘From growth monitoring to berry quality prediction: Advances and challenges in UAV remote sensing for precision viticulture,2026,Computers and Electronics in Agriculture,No,,eksklusi,
73,1559,2-s2.0-105037443466,Concatenated Image Technique Approach to Optimize AI Detection Inference Time and Resource Utilization,2025,Proceedings 2025 7th International Conference on Intelligent Autonomous Systems Icoias 2025,No,,lanjut,
74,795,2-s2.0-84925672275,"First record of gypsy moth entomopathogenic fungus entomophaga maimaiga humber, shimazu & R.S. soper in bosnia and herzegovina",2015,Sumarski List,No,,eksklusi,
75,1053,2-s2.0-85195641391,Precision crop load management of apple using digital technology,2024,Acta Horticulturae,No,,eksklusi,
76,5239,2-s2.0-85208496927,A review study on the effects of thermal and non-thermal processing techniques on the sensory properties of fruit juices and beverages,2024,Frontiers in Food Science and Technology,No,,eksklusi,
77,3754,2-s2.0-85134482034,Recognition of multi-modal fusion images with irregular interference,2022,Peerj Computer Science,No,,eksklusi,
78,640,2-s2.0-85113664418,Detection and Counting of Lemons using Artificial Vision and Tracking Techniques for Real Time Harvest Estimation,2020,Proceedings 2020 46th Latin American Computing Conference Clei 2020,Yes-C1,,lanjut,
79,521,2-s2.0-85132789856,Tracking and Counting of Tomato at Different Growth Period Using an Improving YOLO-Deepsort Network for Inspection Robot,2022,Machines,Yes,,lanjut,
80,1434,2-s2.0-105033362038,Integrated analysis of meteorological conditions and agricultural yields in Indonesia using causal learning and intelligent clustering for climate change mitigation,2026,Scientific Reports,No,,eksklusi,
81,2166,2-s2.0-85073237642,The tribological potential of graphene growth from solid waste,2019,Progress in Industrial Ecology,No,,eksklusi,
82,2891,2-s2.0-105033883894,Loquat Flowers Exceed Leaves: A Less Explored Phenolic Source with Functional Potential,2026,Nutrients,No,,eksklusi,
83,1957,2-s2.0-85107143263,Assessment and detection of the potential contaminants from oil palm empty fruit bunch fiber-based biodegradable tray,2021,Food Packaging and Shelf Life,No,,eksklusi,
84,5382,2-s2.0-85137387715,"Upsurgence of smartphone as an economical, portable, and consumer-friendly analytical device/interface platform for digital sensing of hazardous environmental ions",2022,Trends in Environmental Analytical Chemistry,No,,eksklusi,
85,1678,2-s2.0-105003533944,Development of Autonomous Arm Control System of Mechanical Buffalo Grabber for Fresh Fruit Bunch Collection,2024,2024 IEEE International Conference on Agrosystem Engineering Technology and Applications Integrating Smart Farming and Food Security for A Sustainable Future Agreta 2024,No,,eksklusi,
86,1391,2-s2.0-84958534104,A feature learning based approach for automated fruit yield estimation,2015,Springer Tracts in Advanced Robotics,No,,lanjut,
87,1142,2-s2.0-85164268253,A deep learning approach for automatic counting of bedbugs and grape moth,2023,Procedia Computer Science,Yes,,eksklusi,
88,2585,2-s2.0-85197171006,High-Precision Peach Fruit Segmentation under Adverse Conditions Using Swin Transformer,2024,Agriculture Switzerland,No,,eksklusi,
89,5343,2-s2.0-85147805648,Linked Color Imaging for Stomach,2023,Diagnostics,No,,eksklusi,
90,3492,2-s2.0-85158059643,Obscured tree branches segmentation and 3D reconstruction using deep learning and geometrical constraints,2023,Computers and Electronics in Agriculture,No,,eksklusi,
91,4390,2-s2.0-84938401451,Characterization of sumac (Rhus tripartitum) root barks tannin for a potential use in wood adhesives formulation,2015,Wood Science and Technology,No,,eksklusi,
92,4527,2-s2.0-84867821440,Whole-genome triplication and species radiation in the southern African tribe Heliophileae (Brassicaceae),2012,Taxon,No,,eksklusi,
93,2598,2-s2.0-85200956482,Apple image recognition model based on optimized sYOLOv5 network with small object detection,2024,ACM International Conference Proceeding Series,Yes,,eksklusi,
94,5151,2-s2.0-85210531427,Prospects of nano-theranostic approaches against breast and cervical cancer,2024,Biochimica Et Biophysica Acta Reviews on Cancer,No,,eksklusi,
95,5226,2-s2.0-85187273107,A systematic review and comparative meta-analysis of nondestructive fruit maturity detection techniques,2024,Plant Science Today,Yes,,lanjut,
96,1304,2-s2.0-85059854616,"Predatory arthropods in apple orchards across Europe: Responses to agricultural management, adjacent habitat, landscape composition and country",2019,Agriculture Ecosystems and Environment,No,,eksklusi,
97,5172,2-s2.0-85196558024,"Panoramic view of artificial fruit ripening agents sensing technologies and the exigency of developing smart, rapid, and portable detection devices: A review",2024,Advances in Colloid and Interface Science,No,,eksklusi,
98,157,2-s2.0-105009750834,Real-time in-field trunk size estimation using low-cost RGBD cameras,2025,Acta Horticulturae,Yes,,eksklusi,
99,847,2-s2.0-84870553898,Computational analysis and characterization of UCE-like elements (ULEs) in plant genomes,2012,Genome Research,No,,eksklusi,
100,5839,2-s2.0-85096092602,JHU-CROWD++: Large-Scale Crowd Counting Dataset and A Benchmark Method,2022,IEEE Transactions on Pattern Analysis and Machine Intelligence,No,,eksklusi,
101,3641,2-s2.0-85140045394,An RGB-D multi-view perspective for autonomous agricultural robots,2022,Computers and Electronics in Agriculture,No,,lanjut,
102,1238,2-s2.0-85100728874,Large-Scale Counting and Localization of Pineapple Inflorescence Through Deep Density-Estimation,2021,Frontiers in Plant Science,No,,eksklusi,
103,5357,2-s2.0-85146821677,Skin Cancer Pathobiology at a Glance: A Focus on Imaging Techniques and Their Potential for Improved Diagnosis and Surveillance in Clinical Cohorts,2023,International Journal of Molecular Sciences,No,,eksklusi,
104,2576,2-s2.0-105023835706,MobiLyzer: Fine-grained Mobile Liquid Analyzer,2025,Proceedings of the ACM on Interactive Mobile Wearable and Ubiquitous Technologies,No,,eksklusi,
105,4701,2-s2.0-85097424155,"Multi-Object Detection and Tracking, Based on DNN, for Autonomous Vehicles: A Review",2021,IEEE Sensors Journal,Yes,,eksklusi,
106,4150,2-s2.0-85055270203,Halotolerant bacteria belonging to operational group Bacillus amyloliquefaciens in biocontrol of the rice brown stripe pathogen Acidovorax oryzae,2018,Journal of Applied Microbiology,No,,eksklusi,
107,4662,2-s2.0-85131919956,A survey of state-of-the-art on visual SLAM,2022,Expert Systems with Applications,No,,eksklusi,
108,4421,2-s2.0-84903753044,Basic study on non-destructive growth measurement of strawberry plants using a machine-vision system,2014,Acta Horticulturae,No,,eksklusi,
109,926,2-s2.0-105016458362,A lightweight citrus detection and counting method based on deep learning model,2025,Engineering Applications of Artificial Intelligence,Yes,,lanjut,
110,5006,2-s2.0-105017264880,Advances in Berry Harvesting Robots,2025,Horticulturae,No,,eksklusi,
111,513,2-s2.0-85133466253,LiDAR based hydro-conditioned hydrological modeling for enhancing precise conservation practice placement in agricultural watersheds,2022,Water Resources Management,No,,eksklusi,
112,1290,2-s2.0-85067299335,Profiling of polar metabolites in fruits of Opuntia stricta var. dillenii by ion-pair high-performance countercurrent chromatography and off-line electrospray mass-spectrometry injection,2019,Journal of Chromatography A,No,,eksklusi,
113,527,2-s2.0-85135944181,Grapevine recovery after fire and a first look at rapid damage assessment with satellite imagery,2022,Oeno One,No,,eksklusi,
114,2281,2-s2.0-85013231640,Effect of Oil Palm Fly Ash on Soil Properties and Yield of Sweet Corn in the Tropical Zone of Thailand,2017,Communications in Soil Science and Plant Analysis,No,,eksklusi,
115,4458,2-s2.0-84881390345,Laser measurement and experiment of hilly fruit tree canopy volume,2013,Nongye Jixie Xuebao Transactions of the Chinese Society for Agricultural Machinery,No,,eksklusi,
116,2022,2-s2.0-85087486517,De Novo Assembly and Annotation of the Juvenile Tuber Transcriptome of a Gastrodia elata Hybrid by RNA Sequencing: Detection of SSR Markers,2020,Biochemical Genetics,No,,eksklusi,
117,1086,2-s2.0-85176961840,Improving the Efficiency of Image Recognition for Yuzu Fruit Counting Using Object Recognition Models,2024,Communications in Computer and Information Science,Yes,,lanjut,
118,4081,2-s2.0-85055493682,Spatial variability in commercial orange groves. Part 2: relating canopy geometry to soil attributes and historical yield,2019,Precision Agriculture,No,,eksklusi,
119,2264,2-s2.0-85021376618,The use of Arabidopsis thaliana model system for testing oil palm promoter: Case study on oil palm MT3-A promoter,2017,Journal of Oil Palm Research,No,,eksklusi,
120,2219,2-s2.0-85054495204,Palm oil fresh fruit bunch ripeness grading recognition using convolutional neural network,2018,Journal of Telecommunication Electronic and Computer Engineering,Yes-C3,,lanjut,
121,3577,2-s2.0-85181149640,Image-based tree detection for autonomous navigation in orchards,2023,Proceedings 2023 Latin American Robotics Symposium 2023 Brazilian Symposium on Robotics and 2023 Workshop of Robotics in Education LARS Sbr Wre 2023,Yes,,eksklusi,
122,5551,2-s2.0-85086580261,Red drupelet reversion in blackberries: A complex of genetic and environmental factors,2020,Scientia Horticulturae,No,,eksklusi,
123,2172,2-s2.0-85053252563,"Survival strategies of a frugivore, the sun bear, in a forest-oil palm landscape",2018,Biodiversity and Conservation,No,,eksklusi,
124,1136,2-s2.0-85149578645,Tree-level almond yield estimation from high resolution aerial imagery with convolutional neural network,2023,Frontiers in Plant Science,Yes,,lanjut,
125,2787,2-s2.0-105048494316,Advances in Binocular Stereo Vision-Driven 3D Perception and Intelligent Analysis Methods for Agriculture,2026,Applied Sciences Switzerland,No,,lanjut,
126,1156,2-s2.0-85141248621,Yield estimations in a vineyard based on high-resolution spatial imagery acquired by a UAV,2022,Biosystems Engineering,No,,lanjut,
127,4167,2-s2.0-85056609799,Acquisition and experiment on location information of picking point of tomato fruit clusters,2018,Nongye Gongcheng Xuebao Transactions of the Chinese Society of Agricultural Engineering,No,,eksklusi,
128,615,2-s2.0-85100587836,Detection of ploidy and chromosomal aberrations in commercial oil palm using high-throughput SNP markers,2021,Planta,No,,eksklusi,
129,3581,2-s2.0-85170519756,TomatoDIFF: On-plant Tomato Segmentation with Denoising Diffusion Models,2023,Proceedings of Mva 2023 18th International Conference on Machine Vision and Applications,No,,eksklusi,
130,720,2-s2.0-85073302479,Genomic variability and recombination analysis of grapevine leafrollassociated virus-1 isolates from Turkey,2019,Tarim Bilimleri Dergisi,No,,eksklusi,
131,762,2-s2.0-85035350023,"Bird detection, tracking and counting in wine grapes",2017,2017 Asabe Annual International Meeting,Yes,,eksklusi,
132,522,2-s2.0-85129105475,A novel apple fruit detection and counting methodology based on deep learning and trunk tracking in modern orchard,2022,Computers and Electronics in Agriculture,Yes,,lanjut,
133,246,2-s2.0-85210156698,An Apple Counting System Robust to Multiple Intermittent Occlusions,2025,Lecture Notes in Computer Science Including Subseries Lecture Notes in Artificial Intelligence and Lecture Notes in Bioinformatics,Yes,,lanjut,
134,2096,2-s2.0-85083359227,Effect of temperature on the yield of lignin extracted using microwave-assisted acetosolv from empty fruit bunch fibers,2020,Materials Science Forum,No,,eksklusi,
135,4564,2-s2.0-105044488271,Tracking with attention: A review of transformer-based object tracking,2026,Engineering Science and Technology an International Journal,Yes,,eksklusi,
136,2799,2-s2.0-105048299158,RG-RGD: Task-Triggered Small-Target RGB-D Depth Refinement for Robotic Laser Ablation,2026,Machines,Yes,,eksklusi,
137,622,2-s2.0-85114201293,Kiwifruit yield estimation using deep learning and binocular stereo vision on Android smartphones,2021,American Society of Agricultural and Biological Engineers Annual International Meeting Asabe 2021,Yes,,lanjut,
138,4703,2-s2.0-85103932295,Recent advances on construction of multi-branch neural networks for person re-identification,2021,Nanjing Youdian Daxue Xuebao Ziran Kexue Ban Journal of Nanjing University of Posts and Telecommunications Natural Science,Yes,,eksklusi,
139,3611,2-s2.0-85182318952,3D models integrating GPR and Apple LiDAR to improve results visualization in engineering and geotechnical applications,2023,3rd Conference on Geophysics for Infrastructure Planning Monitoring and Bim Held at Near Surface Geoscience Conference and Exhibition 2023 Nsg 2023,No,,eksklusi,
140,575,2-s2.0-85122722913,Investigating the Distribution of Strains of Erwinia amylovora and Streptomycin Resistance in Apple Orchards in New York Using Clustered Regularly Interspaced Short Palindromic Repeat Profiles: A 6-Year Follow-Up,2021,Plant Disease,No,,eksklusi,
141,5381,2-s2.0-85143189081,A review: role of mass spectrometry in the quality and authenticity identification of olive oil,2022,International Journal of Food Science and Technology,No,,eksklusi,
142,2968,2-s2.0-105040741306,"Polyphagotarsonemus latus (Banks) (Acari: Tarsonemidae) infesting mungbean: population fluctuation, yield loss and acaricidal management",2026,International Journal of Tropical Insect Science,No,,eksklusi,
143,2410,2-s2.0-84898052707,Oil palm fruit classifications by using near infrared images,2014,Research Journal of Applied Sciences Engineering and Technology,Yes-C3,,lanjut,
144,4066,2-s2.0-85075075169,Estimating canopy parameters based on the stem position in apple trees using a 2D lidar,2019,Agronomy,No,,eksklusi,
145,1254,2-s2.0-85092297028,The double effect of walnut septum extract (Juglans regia L.) counteracts A172 glioblastoma cell survival and bacterial growth,2020,International Journal of Oncology,No,,eksklusi,
146,3593,2-s2.0-85164297345,A new framework for GEOBIA: accurate individual plant extraction and detection using high-resolution RGB data from UAVs,2023,International Journal of Digital Earth,No,,eksklusi,
147,2467,2-s2.0-84867378120,Screening and evaluation of biocatalysts from plant sources for trans-esterification stage of biodiesel production,2012,Biotechnology,No,,eksklusi,
148,3657,2-s2.0-85138802826,Deep semantic segmentation for the quantification of grape foliar diseases in the vineyard,2022,Frontiers in Plant Science,No,,eksklusi,
149,2136,2-s2.0-85064858945,Evaluation of high purity cellulose production from pretreated various agricultural biomass wastes,2019,Iop Conference Series Earth and Environmental Science,No,,eksklusi,
150,1769,2-s2.0-85175051454,Factors Related with Unsafe Action in Palm Oil Harvesters at PT. Priatama Riau Kebun Rupat Island,2023,Indonesian Journal of Occupational Safety and Health,No,,eksklusi,
151,2561,2-s2.0-105015357214,Integrating Advanced Attention Mechanisms into YOLO11 for Accurate Blueberry Fruit Detection,2025,33rd IEEE Conference on Signal Processing and Communications Applications Siu 2025 Proceedings,Yes,,lanjut,
152,1320,2-s2.0-85045463489,Detection and counting of immature green citrus fruit based on the Local Binary Patterns (LBP) feature using illumination-normalized images,2018,Precision Agriculture,No,,lanjut,
153,2773,2-s2.0-105050222061,"Intelligent Perception, Decision-Making and Actuation Technologies for Precision Agrochemical Spraying: Current Advances and Future Perspectives",2026,Sensors,No,,eksklusi,
154,1383,2-s2.0-84941208236,Automatic grape bunch detection in vineyards for precise yield estimation,2015,Proceedings of the 14th Iapr International Conference on Machine Vision Applications Mva 2015,No,,lanjut,
155,4871,2-s2.0-105015554216,"A perspective analysis of imaging-based monitoring systems in precision viticulture: Technologies, intelligent data analyses and research challenges",2026,Artificial Intelligence in Agriculture,No,,eksklusi,
156,166,2-s2.0-85217377327,AppleYOLO: Apple yield estimation method using improved YOLOv8 based on Deep OC-SORT,2025,Expert Systems with Applications,Yes,,eksklusi,
157,10,2-s2.0-105044408090,MFFT: an improved method for stable ID tracking and counting of multi-class mango segmentation with multi-feature fusion in complex occlusion scenarios,2026,Computers and Electronics in Agriculture,Yes,,lanjut,
158,3518,2-s2.0-85160342790,Dynamic Changes in Plant Secondary Metabolites Induced by Botrytis cinerea Infection,2023,Metabolites,No,,eksklusi,
159,3084,2-s2.0-105011737002,Chemical Profiling and Quality Assessment of Food Products Employing Magnetic Resonance Technologies,2025,Foods,No,,eksklusi,
160,1416,2-s2.0-84884572740,Effect of crop load on fruit quality of 'Fuji' apple,2013,Acta Alimentaria,No,,eksklusi,
161,1870,2-s2.0-85124873787,Study of paraquat dichloride residue in oil palm,2022,Iop Conference Series Earth and Environmental Science,No,,eksklusi,
162,4657,2-s2.0-85143761877,Visual SLAM: What Are the Current Trends and What to Expect?,2022,Sensors,No,,eksklusi,
163,5012,2-s2.0-105008509875,Advancing food safety with molecularly imprinted nanozyme-based sensors for detecting food contaminants: A review,2025,Trends in Food Science and Technology,No,,eksklusi,
164,5495,2-s2.0-85119083670,Novel Functional Optoelectronic Chips Based on Nanostructures,2021,Zhongguo Jiguang Chinese Journal of Lasers,No,,eksklusi,
165,1518,2-s2.0-105022276552,Automated Ripeness Detection of Oil Palm Fruit Using a Hybrid GLCM-HSV-KNN Model,2025,Jurnal Resti,Yes-C3,,lanjut,
166,2538,2-s2.0-105035073855,Automated structural parameter estimation in planted and natural forests using unmanned aerial vehicles and vision foundation models,2026,Journal of Applied Remote Sensing,No,,eksklusi,
167,2090,2-s2.0-85076441152,Analysis of the allelic variation in the Shell gene homolog of E. oleifera and design of species specific Shell primers,2020,Euphytica,No,,eksklusi,
168,1513,2-s2.0-105025890346,A Cascading of YOLOv8 and Random Forest Regression in Oil Palm Fresh Fruit Bunch Mass Estimation System using Unmanned Aerial Vehicle Imagery,2025,International Journal on Informatics Visualization,Yes-C3,,lanjut,
169,3085,2-s2.0-85219342429,Dynamic changes in volatile and non-volatile components of Jinggang honey pomelo (Citrus maxima (L.) Osbeck) during growth revealed through an untargeted metabolomics approach,2025,Food Chemistry,No,,eksklusi,
170,5674,2-s2.0-85017549155,"Geosmin as a source of the earthy-musty smell in fruits, vegetables and water: Origins, impact on foods and water, and review of the removing techniques",2017,Chemosphere,No,,eksklusi,
171,2734,2-s2.0-84896770200,Using short-wave infrared imaging for fruit quality evaluation,2014,Proceedings of SPIE the International Society for Optical Engineering,No,,eksklusi,
172,4706,2-s2.0-85109789915,Review of multi-target tracking technology for marine radar,2021,Journal of Radars,No,,eksklusi,
173,4926,2-s2.0-105049690813,RECENT ADVANCES SURVEY IN COMPUTER VISION AND ARTIFICIAL INTELLIGENCE FOR FRUIT DETECTION,2026,Inmateh Agricultural Engineering,Yes,,lanjut,
174,1357,2-s2.0-85019266854,Managing apple crop load and diseases with bloom thinning applications in an organically managed ‘honeycrisp’/‘MM.111’ orchard,2017,Hortscience,No,,eksklusi,
175,5593,2-s2.0-85068110023,Recent advances in detecting and regulating ethylene concentrations for shelf-life extension and maturity control of fruit: A review,2019,Trends in Food Science and Technology,No,,eksklusi,
176,603,2-s2.0-85111930419,Inter-row automatic navigation method by combining least square and SVM in forestry,2021,Nongye Gongcheng Xuebao Transactions of the Chinese Society of Agricultural Engineering,No,,eksklusi,
177,1319,2-s2.0-85073750248,Isolation and preparation of polyphenols from grape seed by high-speed counter-current chromatography combined with preparative high performance liquid chromatography,2019,Chinese Journal of Chromatography Se Pu,No,,eksklusi,
178,2319,2-s2.0-84969745125,Nutrient Amendments of Inorganic Fertiliser and Oil Palm Empty Fruit Bunch and Their Influence on Bacterial Species Dominance and Degradation of the Associated Crude Oil Constituents,2016,Soil and Sediment Contamination,No,,eksklusi,
179,1620,2-s2.0-105022622416,Development and Molecular Characterization of a Sequence Characterized Amplified Region (SCAR) Marker for the Identification of Hybrid Oil Palm (Elaeis guineensis Jacq.),2024,Plant Breeding and Biotechnology,No,,eksklusi,
180,321,2-s2.0-85191311518,Genome sequencing provides insights into Caprifoliaceae genome evolution and the mechanism underlying second blooming phenomenon in Heptacodium miconioides,2024,Horticultural Plant Journal,No,,eksklusi,
181,582,2-s2.0-85131808089,Machine Learning Approaches for Tackling Novel Coronavirus (COVID-19) Pandemic,2021,SN Computer Science,No,,eksklusi,
182,1899,2-s2.0-85128258667,Evaluation of fresh palm oil adulteration with recycled cooking oil using GC-MS and ATR-FTIR spectroscopy: A review,2022,Czech Journal of Food Sciences,No,,eksklusi,
183,421,2-s2.0-85162921189,Development and evaluation of automated localisation and reconstruction of all fruits on tomato plants in a greenhouse based on multi-view perception and 3D multi-object tracking,2023,Biosystems Engineering,No,,lanjut,
184,3868,2-s2.0-85107213893,Metabolomic and Confocal Laser Scanning Microscopy (CLSM) Analyses Reveal the Important Function of Flavonoids in Amygdalus pedunculata Pall Leaves With Temporal Changes,2021,Frontiers in Plant Science,No,,eksklusi,
185,632,2-s2.0-85133952933,Dynamic model change analysis of social behavior processes during the COVID19 pandemic,2021,Proceedings 2021 International Conference on Computational Science and Computational Intelligence Csci 2021,No,,eksklusi,
186,5687,2-s2.0-84944706276,Perspectives on Utilization of Edible Coatings and Nano-laminate Coatings for Extension of Postharvest Storage of Fruits and Vegetables,2016,Food Engineering Reviews,No,,eksklusi,
187,4063,2-s2.0-85059443610,Comparative metabolic profiling of Vitis amurensis and Vitis vinifera during cold acclimation,2019,Horticulture Research,No,,eksklusi,
188,1182,2-s2.0-85132256334,Oil Palm Yield Estimation Based on Vegetation and Humidity Indices Generated from Satellite Images and Machine Learning Techniques,2022,Agriengineering,Yes,,eksklusi,
189,927,2-s2.0-105007526785,Machine learning techniques for tomato yield prediction: A comprehensive analysis,2025,Smart Agricultural Technology,No,,lanjut,
190,986,2-s2.0-105035999390,Identification of Counterfeit Oil Palm Seedlings Using the Convolution Neural Network Method,2025,Beyond Technology Summit on Informatics International Conference Bts I2c 2025,Yes,,eksklusi,
191,4107,2-s2.0-85055872603,High-performance counter-current chromatography isolation and initial neuroactivity characterization of furanocoumarin derivatives from Peucedanum alsaticum L (Apiaceae),2019,Phytomedicine,No,,eksklusi,
192,4650,2-s2.0-85175027824,Recent Advances in Robot Visual SLAM,2023,Recent Advances in Computer Science and Communications,No,,eksklusi,
193,1841,2-s2.0-85139133543,Volume measurement of oil palm fresh fruit bunches using computer vision,2022,Aip Conference Proceedings,Yes,,lanjut,
194,5352,2-s2.0-85167360438,A physical map of traits of agronomic importance based on potato and tomato genome sequences,2023,Frontiers in Genetics,No,,eksklusi,
195,1335,2-s2.0-85035801258,Automated early yield prediction in vineyards from on-the-go image acquisition,2018,Computers and Electronics in Agriculture,No,,lanjut,
196,902,2-s2.0-105012358925,On Tree Mango Fruit Yield Estimation Using Graph Cuts and Depth First Search,2026,Communications in Computer and Information Science,No,,lanjut,
197,4099,2-s2.0-85064644485,Profile of bioactive compounds in the morphological parts of wild fallopia japonica (houtt) and fallopia sachalinensis (F. Schmidt) and their antioxidative activity,2019,Molecules,No,,eksklusi,
198,2597,2-s2.0-85181680090,"Coffee and cashew nut dataset: A dataset for detection, classification, and yield estimation for machine learning applications",2024,Data in Brief,Yes-C1,,lanjut,
199,1980,2-s2.0-85105399845,Evidence of Recombination Suppression Blocks on the Y Chromosome of Date Palm (Phoenix dactylifera),2021,Frontiers in Plant Science,No,,eksklusi,
200,5707,2-s2.0-84920514437,Quality and Safety Inspection of Food and Agricultural Products by LabVIEW IMAQ Vision,2015,Food Analytical Methods,No,,eksklusi,
201,2678,2-s2.0-85105815833,Dataset for localization and classification of Medjool dates in digital images,2021,Data in Brief,No,,eksklusi,
202,3028,2-s2.0-105005203221,Geometry-Aware 3D Point Cloud Learning for Precise Cutting-Point Detection in Unstructured Field Environments,2025,Journal of Field Robotics,No,,eksklusi,
203,4806,2-s2.0-105047857647,Microbial terroir in winegrowing: revisiting the role of microbial biogeography in terroir expression,2026,Applied and Environmental Microbiology,No,,eksklusi,
204,3114,2-s2.0-105003564063,Pruning Branch Recognition and Pruning Point Localization for Walnut (Juglans regia L.) Trees Based on Point Cloud Semantic Segmentation,2025,Agriculture Switzerland,No,,eksklusi,
205,4158,2-s2.0-85053373506,Imaging mass spectrometry of endogenous polypeptides and secondary metabolites from galls induced by root-knot nematodes in tomato roots,2018,Molecular Plant Microbe Interactions,No,,eksklusi,
206,250,2-s2.0-105032742552,A Transformer-Based Framework for Real-Time Human Activity Recognition,2025,Proceedings of International Conference on Sustainable Communication Networks and Application Icscn 2025,No,,eksklusi,
207,304,2-s2.0-85189083615,Quantitative and qualitative approach for accessing and predicting food safety using various web-based tools,2024,Food Control,No,,eksklusi,
208,879,2-s2.0-105040183864,Research on Walnut Yield Estimation Based on Interpretable Machine Learning and Stacked Integration Under Different Water–Fertilizer Coupling Regimes,2026,Remote Sensing,No,,eksklusi,
209,5887,2-s2.0-85209564088,IRSAM: Advancing Segment Anything Model for Infrared Small Target Detection,2025,Lecture Notes in Computer Science Including Subseries Lecture Notes in Artificial Intelligence and Lecture Notes in Bioinformatics,No,,eksklusi,
210,3608,2-s2.0-85174415082,A Map-Free LiDAR-Based System for Autonomous Navigation in Vineyards,2023,Proceedings of the 11th European Conference on Mobile Robots Ecmr 2023,No,,eksklusi,
211,64,2-s2.0-105031703283,Greenhouse Tomato Fruit Inspection and Counting Method Based on Improved YOLO v8n ByteTrack,2026,Nongye Jixie Xuebao Transactions of the Chinese Society for Agricultural Machinery,Yes,,lanjut,
212,2350,2-s2.0-84940062304,Forms and solubility of plant nutrient elements in tropical plant waste biochars,2015,Journal of Plant Nutrition and Soil Science,No,,eksklusi,
213,1587,2-s2.0-105034171637,Comparative Analysis of Series YOLO Models for Loose Fruits Palm Oil Detection: A Comprehensive Performance Evaluation,2025,International Conference on Wireless Networks and Mobile Communications Wincom,Yes,,lanjut,
214,683,2-s2.0-85079435727,Does modality matter? On the modality of visuals in computerized tests of listening and its implications for design decisions,2020,Call Ej,No,,eksklusi,
215,4490,2-s2.0-84869465825,Tentative identification of phenolic compounds in olive pomace extracts using liquid chromatography-tandem mass spectrometry with a quadrupole- quadrupole-time-of-flight mass detector,2012,Journal of Agricultural and Food Chemistry,No,,eksklusi,
216,360,2-s2.0-85208264967,Mass Estimation of Soft Fruit via Oscillatory Plant Dynamics,2024,IEEE International Conference on Automation Science and Engineering,No,,eksklusi,
217,4767,2-s2.0-105041160103,Biomass based carbon quantum dots in sensor applications: a review (2021–2025),2026,Bioresources and Bioprocessing,No,,eksklusi,
218,3531,2-s2.0-85163812665,Characteristics of photosynthesis and vertical canopy architecture of citrus trees under two labor-saving cultivation modes using unmanned aerial vehicle (UAV)-based LiDAR data in citrus orchards,2023,Horticulture Research,No,,eksklusi,
219,362,2-s2.0-85188461432,Immature Green Apple Detection and Sizing in Commercial Orchards Using YOLOv8 and Shape Fitting Techniques,2024,IEEE Access,Yes,,lanjut,
220,1962,2-s2.0-85103786302,High-titer bio-succinic acid production from sequential alkalic and metal salt pretreated empty fruit bunch via simultaneous saccharification and fermentation,2021,Industrial Crops and Products,No,,eksklusi,
221,465,2-s2.0-85142427748,Digital platform for experimental and technical support to the cultivation of cactus pear,2023,Acta Scientiarum Agronomy,No,,eksklusi,
222,1306,2-s2.0-85061396039,On-the-fly olive tree counting using a UAS and cloud services,2019,Remote Sensing,No,,eksklusi,
223,2106,2-s2.0-85073532622,Production of humic acids by solid-state fermentation of Trichoderma reesei in raw oil palm empty fruit bunch fibers,2019,3 Biotech,No,,eksklusi,
224,4001,2-s2.0-85086008294,Oenological characteristics of fermented apple musts and volatile profile of brandies obtained from different apple cultivars,2020,Biomolecules,No,,eksklusi,
225,4628,2-s2.0-85180598219,"Two decades of vehicle make and model recognition – Survey, challenges and future directions",2024,Journal of King Saud University Computer and Information Sciences,No,,eksklusi,
226,4886,2-s2.0-105020308586,"Integration of artificial intelligence and remote sensing for crop yield prediction and crop growth parameter estimation in Mediterranean agroecosystems: Methodologies, emerging technologies, research gaps, and future directions",2026,European Journal of Agronomy,No,,eksklusi,
227,5158,2-s2.0-105044104472,Application of nondestructive detection of fruit by near-infrared spectroscopy and imaging,2024,Packaging and Food Machinery,No,,eksklusi,
228,3843,2-s2.0-85116966303,An Anomaly Detection Approach to Monitor the Structured-Based Navigation in Agricultural Robotics,2021,IEEE International Conference on Automation Science and Engineering,No,,eksklusi,
229,3980,2-s2.0-85086503494,Semantic segmentation of sparse 3D point cloud based on geometrical features for trellis-structured apple orchard,2020,Biosystems Engineering,No,,eksklusi,
230,4440,2-s2.0-84893149770,Screening of phenolic compounds in by-product extracts from mangoes (Mangifera indica L.) by HPLC-ESI-QTOF-MS and multivariate analysis for use as a food ingredient,2014,Food Research International,No,,eksklusi,
231,4681,2-s2.0-85124225003,Survey on multi-task learning for object classification and recognition,2022,Hangkong Xuebao Acta Aeronautica Et Astronautica Sinica,Yes,,eksklusi,
232,3931,2-s2.0-85099070680,Characterization of volatile organic compounds in mango ginger (Curcuma amada Roxb.) from Myanmar,2021,Metabolites,No,,eksklusi,
233,2003,2-s2.0-85176137927,Coloured Edge Maps for Oil Palm Ripeness Classification,2021,32nd British Machine Vision Conference Bmvc 2021,Yes-C3,,lanjut,
234,5190,2-s2.0-85195885452,Satellite Remote Sensing Tools for Drought Assessment in Vineyards and Olive Orchards: A Systematic Review,2024,Remote Sensing,No,,eksklusi,
235,1651,2-s2.0-85149592150,"Effects of intercropping of immature oil palm (Elaeis guineensis) with banana, ginger, and turmeric in the Galle District, Sri Lanka",2024,Environmental Quality Management,No,,eksklusi,
236,4097,2-s2.0-85065480146,"Estimation of potential soil erosion in the Prosecco DOCG area (NE Italy), toward a soil footprint of bottled sparkling wine production in different land-management scenarios",2019,Plos One,No,,eksklusi,
237,2804,2-s2.0-105035664909,Real-time multi-attribute quality grading of tabletop strawberries under occlusions for harvesting robots,2026,Smart Agricultural Technology,No,,eksklusi,
238,1316,2-s2.0-85072642032,An initial analysis of real-time sUAS-based detection of grapevine water status in the Finger Lakes wine country of upstate New York,2019,Proceedings of SPIE the International Society for Optical Engineering,No,,eksklusi,
239,5585,2-s2.0-85071883342,Extremophilic models for astrobiology: haloarchaeal survival strategies and pigments for remote sensing,2020,Extremophiles,No,,eksklusi,
240,1112,2-s2.0-85165008313,Deep Learning Based Apples Counting for Yield Forecast Using Proposed Flying Robotic System,2023,Sensors,Yes,,lanjut,
241,2878,2-s2.0-105034190221,Integrating UAV-borne LiDAR and deep learning for large-scale detection of productive macaw palms (Acrocomia aculeata),2026,Smart Agricultural Technology,No,,eksklusi,
242,5403,2-s2.0-85137088517,A Brief Review of Detection and Removal of Bisphenol A in Aqueous Media,2022,Water Air and Soil Pollution,No,,eksklusi,
243,1101,2-s2.0-85191322445,Effect of radiation processing on physico-chemical quality and inhibition of yeast and mold and aerobic bacterial count in natural plum juice during refrigerated storage,2023,Food and Humanity,No,,eksklusi,
244,481,2-s2.0-85164620053,An improved YOLOv5s model using feature concatenation with attention mechanism for real-time fruit detection and counting,2023,Frontiers in Plant Science,Yes-C1,,lanjut,
245,2455,2-s2.0-84899538750,Biodegradability of nanoparticle modified fiber reinforced polyester resin nanocomposite,2013,Procedia Engineering,No,,eksklusi,
246,4860,2-s2.0-105028581813,Optical Non-Destructive Detection Methods for Post-Harvest Fruit Quality Assessment Progress and Perspectives—A Review,2026,Journal of Food Measurement and Characterization,No,,eksklusi,
247,5812,2-s2.0-84864435705,An evaluation of the RGB-D SLAM system,2012,Proceedings IEEE International Conference on Robotics and Automation,Yes,,eksklusi,
248,1338,2-s2.0-85048695579,Oil palm counting and age estimation from WorldView-3 imagery and LiDAR data using an integrated OBIA height model and regression analysis,2018,Journal of Sensors,Yes-C3,,eksklusi,
249,2214,2-s2.0-85048313692,Tensile and flexural performance of polypropylene based oil palm fibre reinforced metal laminates,2018,International Review of Mechanical Engineering,No,,eksklusi,
250,3859,2-s2.0-85113632854,A YOLO-based pest detection system for precision agriculture,2021,2021 29th Mediterranean Conference on Control and Automation MED 2021,Yes,,eksklusi,
251,2226,2-s2.0-85071857025,State of the art remote sensing technology for oil palm management in Indonesia,2018,Proceedings 39th Asian Conference on Remote Sensing Remote Sensing Enabling Prosperity Acrs 2018,Yes,,eksklusi,
252,3038,2-s2.0-105024756379,A YOLO-based citrus image recognition and harvesting system,2025,Proceedings of SPIE the International Society for Optical Engineering,Yes-C1,,eksklusi,
253,5170,2-s2.0-85201257587,Antibacterial activity of carrot peel HCl-ethanol extracts and its potential application in meat preservation,2024,Lwt,No,,eksklusi,
254,4867,2-s2.0-105034130024,Artificial intelligence for oil palm tree management using deep structured learning: A systematic review,2026,Al Qadisiyah Journal for Engineering Sciences,Yes,,lanjut,
255,3546,2-s2.0-85149012649,Role of a Mixture of Polyphenol Compounds Released after Blueberry Fermentation in Chemoprevention of Mammary Carcinoma: In Vivo Involvement of miR-145,2023,International Journal of Molecular Sciences,No,,eksklusi,
256,1964,2-s2.0-85110407306,"Nematode diversity indices application to determine the soil health status of lembo agroecosystem in west kutai, east kalimantan province, indonesia",2021,Biodiversitas,No,,eksklusi,
257,3661,2-s2.0-85137774483,Grape Maturity Detection and Visual Pre-Positioning Based on Improved YOLOv4,2022,Electronics Switzerland,Yes-C1,,eksklusi,
258,131,2-s2.0-105023122149,Tomato Growth Monitoring and Phenological Analysis Using Deep Learning-Based Instance Segmentation and 3D Point Cloud Reconstruction,2025,Sustainability Switzerland,No,,lanjut,
259,3397,2-s2.0-85191392710,ON-PLANT SIZE AND WEIGHT ESTIMATION OF TOMATO FRUITS USING DEEP NEURAL NETWORKS AND RGB-D IMAGING,2024,Journal of the Asabe,Yes-C1,,lanjut,
260,855,2-s2.0-84864588388,Balancing selection at the tomato RCR3 guardee gene family maintains variation in strength of pathogen defense,2012,Plos Genetics,No,,eksklusi,
261,3367,2-s2.0-85186336096,Analysis of flavor characteristics in light-flavor Baijiu from two fermentation rounds by chemosensory technique,2024,Food and Fermentation Industries,No,,eksklusi,
262,5179,2-s2.0-85202678537,"A Review of Perception Technologies for Berry Fruit-Picking Robots: Advantages, Disadvantages, Challenges, and Prospects",2024,Agriculture Switzerland,No,,lanjut,
263,4971,2-s2.0-105030066764,Emerging smart packaging materials and technologies for ethylene detection and freshness monitoring in fresh produce,2025,Sustainable Food Technology,No,,eksklusi,
264,2822,2-s2.0-105046954992,SLAM algorithm for agricultural robots based on deep reinforcement learning and dynamic fusion perception,2026,Nongye Gongcheng Xuebao Transactions of the Chinese Society of Agricultural Engineering,No,,eksklusi,
265,3018,2-s2.0-105022900550,Metabolome and Essential Element Analyses of Five Underutilized European Crops Reveal Their Nutritional Properties and Potential to Diversify the European Food System,2025,Metabolites,No,,eksklusi,
266,2449,2-s2.0-84873805208,Identification of QTLs Associated with Callogenesis and Embryogenesis in Oil Palm Using Genetic Linkage Maps Improved with SSR Markers,2013,Plos One,No,,eksklusi,
267,3371,2-s2.0-85188862575,Semantic segmentation model for greenhouse tomato images using RGB and depth bimodal,2024,Nongye Gongcheng Xuebao Transactions of the Chinese Society of Agricultural Engineering,Yes,,lanjut,
268,5656,2-s2.0-85019387306,Tolerance of mango cv. ʻAtaulfoʼ to irradiation with Co-60 vs. hydrothermal phytosanitary treatment,2017,Radiation Physics and Chemistry,No,,eksklusi,
269,2383,2-s2.0-85019356043,Field trapping of adult red palm weevil rhynchophorus ferrugineus olivier (coleoptera: Curcilionidae) with food baits and synthetic pheromone lure in a coconut plantation,2014,Philippine Agricultural Scientist,No,,eksklusi,
270,175,2-s2.0-105002224357,Research on an Apple Recognition and Yield Estimation Model Based on the Fusion of Improved YOLOv11 and DeepSORT,2025,Agriculture Switzerland,Yes,,lanjut,
271,2390,2-s2.0-84907051439,"Barnettozyma siamensis f.a., sp. nov., a lipid-accumulating ascomycete yeast species",2014,International Journal of Systematic and Evolutionary Microbiology,No,,eksklusi,
272,1924,2-s2.0-85125830917,Effluent from local palm oil mill refinery in Nigeria is excessively oily and potentially genotoxic,2021,Notulae Scientia Biologicae,No,,eksklusi,
273,275,2-s2.0-85208265623,LDC-PP-YOLOE: a lightweight model for detecting and counting citrus fruit,2024,Pattern Analysis and Applications,Yes,,lanjut,
274,5080,2-s2.0-85218210309,Close proximity aerial image for precision viticulture. A review,2025,Journal of Plant Diseases and Protection,No,,eksklusi,
275,3469,2-s2.0-85171781028,Iridoid- and flavonoid-enriched fractions of Cornus sanguinea and Cornus mas exert antioxidant and anti-inflammatory effects and inhibit key enzymes in the treatment of metabolic disorders,2023,Food and Function,No,,eksklusi,
276,2772,2-s2.0-105040959657,Optimal grasping direction of a flexible gripper and its RGB-D multimodal estimation method,2026,Computers and Electronics in Agriculture,No,,eksklusi,
277,5671,2-s2.0-85015323226,Building a better mousetrap [Resources-Hands On],2017,IEEE Spectrum,No,,eksklusi,
278,656,2-s2.0-85079829054,In-field grape cluster size assessment for vine yield estimation using a mobile robot and a consumer level RGB-D Camera,2020,IEEE Robotics and Automation Letters,No,,lanjut,
279,3525,2-s2.0-85150759612,Automated pruning decisions in dormant sweet cherry canopies using instance segmentation,2023,Computers and Electronics in Agriculture,No,,eksklusi,
280,14,2-s2.0-105041373235,BN-NeRF: A fast 3D reconstruction and phenotyping framework for banana plants using handheld devices,2026,Plant Phenomics,No,,eksklusi,
281,4218,2-s2.0-85060485538,A novel bistatic Lidar system for early-detection of plant diseases from unmanned aircraft,2018,31st Congress of the International Council of the Aeronautical Sciences Icas 2018,No,,eksklusi,
282,5184,2-s2.0-85199589988,"Applying Spectroscopies, Imaging Analyses, and Other Non-Destructive Techniques to Olives and Extra Virgin Olive Oil: A Systematic Review of Current Knowledge and Future Applications",2024,Agriculture Switzerland,No,,eksklusi,
283,1676,2-s2.0-85200216507,Evaluation of oil palm (Elaeis guineensis Jacq.) productivity on peatlands based on DRIS analysis of leaf nutrient content in Siak District of Indonesia,2024,Australian Journal of Crop Science,No,,eksklusi,
284,2612,2-s2.0-85196309550,The grading detection model for fingered citron slices (citrus medica ‘fingered’) based on YOLOv8-FCS,2024,Frontiers in Plant Science,No,,eksklusi,
285,2506,2-s2.0-105040971311,Strawberry Ripeness Cascade Detection Method Based on YOLO v8n seg and Lightweight CNN,2026,Nongye Jixie Xuebao Transactions of the Chinese Society for Agricultural Machinery,Yes,,lanjut,
286,3901,2-s2.0-85102353716,Research on Spatial Positioning System of Fruits to be Picked in Field Based on Binocular Vision and SSD Model,2021,Journal of Physics Conference Series,Yes-C1,,eksklusi,
287,1044,2-s2.0-85197364002,Probability map-based grape detection and counting,2024,Computers and Electronics in Agriculture,Yes-C1,,lanjut,
288,5522,2-s2.0-85107550727,Use of internet of things for chronic disease management: An overview,2021,Journal of Medical Signals and Sensors,No,,eksklusi,
289,95,2-s2.0-105043672878,AI-driven precision chemical thinning system and evaluation method for variable-rate application in apple orchards,2026,Artificial Intelligence in Agriculture,No,,eksklusi,
290,2204,2-s2.0-85047838061,The diagnose of oil palm disease using Naive Bayes Method based on Expert System Technology,2018,Journal of Physics Conference Series,No,,eksklusi,
291,4133,2-s2.0-85071766494,Cucumber detection for precision agriculture applications,2019,Robotics Transforming the Future Proceedings of the 21st International Conference on Climbing and Walking Robots and the Support Technologies for Mobile Machines Clawar 2018,No,,eksklusi,
292,1552,2-s2.0-85215003775,Classification of palm oil fruit ripeness based on AlexNet deep Convolutional Neural Network,2025,Sinergi Indonesia,Yes-C3,,lanjut,
293,5818,2-s2.0-85072757696,Context-aware crowd counting,2019,Proceedings of the IEEE Computer Society Conference on Computer Vision and Pattern Recognition,No,,eksklusi,
294,2648,2-s2.0-85163060641,Pest Detection and Identification on Plants Using CNN Algorithm: A survey,2023,2023 International Conference on Computer Communication and Informatics Iccci 2023,No,,eksklusi,
295,1471,2-s2.0-105028941702,Development of Nanocellulose-TiO2 (NCT) Composites for Simultaneous Photodegradation and Antibacterial Activity of Liquid Waste,2026,Applied Research,No,,eksklusi,
296,4731,2-s2.0-85064457055,A Survey of Loop-Closure Detection Method of Visual SLAM in Complex Environments,2019,Jiqiren Robot,No,,eksklusi,
297,4068,2-s2.0-85072345472,Fruit detection in an apple orchard using a mobile terrestrial laser scanner,2019,Biosystems Engineering,Yes,,lanjut,
298,3884,2-s2.0-85105472209,Tree extraction and estimation of walnut structure parameters using airborne LiDAR data,2021,International Journal of Applied Earth Observation and Geoinformation,No,,eksklusi,
299,4272,2-s2.0-85017294017,Apple tree canopy geometric parameters acquirement based on 3D point clouds,2017,Nongye Gongcheng Xuebao Transactions of the Chinese Society of Agricultural Engineering,No,,eksklusi,
300,3161,2-s2.0-105034092152,Detection of Grapevine Viral Symptoms Using UAV-based Point Cloud Data and Vegetation Indices,2025,International Geoscience and Remote Sensing Symposium IGARSS,No,,eksklusi,
