idx,eid,kode_ai_mentah,keputusan_ai
3262,2-s2.0-85204794422,X,X
4398,2-s2.0-84901937243,X,X
2487,2-s2.0-84866518981,X,X
5618,2-s2.0-85074210536,X,X
3935,2-s2.0-85132526858,X,X
1270,2-s2.0-85083422258,I,L
3710,2-s2.0-85124536454,X,X
2028,2-s2.0-85099298886,I,L
5078,2-s2.0-85214035572,R,L
3123,2-s2.0-85214281889,X,X
4101,2-s2.0-85064009334,X,X
596,2-s2.0-85108358419,M,L
4315,2-s2.0-84992298143,X,X
77,2-s2.0-105028664063,X,X
2660,2-s2.0-85133707822,X,X
4268,2-s2.0-85017201611,X,X
4942,2-s2.0-105027069557,X,X
5018,2-s2.0-105006832178,X,X
3600,2-s2.0-85151144083,X,X
3903,2-s2.0-85096345530,X,X
3787,2-s2.0-85142804607,X,X
4257,2-s2.0-85018894371,X,X
3809,2-s2.0-85138182547,X,X
5675,2-s2.0-84983080808,X,X
1148,2-s2.0-85180543929,M,L
5880,2-s2.0-105000471427,X,X
483,2-s2.0-85146234142,X,X
1596,2-s2.0-105003424023,X,X
4128,2-s2.0-85073761690,X,X
3693,2-s2.0-85130103464,X,X
1089,2-s2.0-85200983190,X,X
1609,2-s2.0-85211119444,I,L
2181,2-s2.0-105038114108,X,X
5375,2-s2.0-85139593099,X,X
2693,2-s2.0-85084189340,X,X
4189,2-s2.0-85016488113,X,X
1256,2-s2.0-85099923542,I,L
76,2-s2.0-105043726482,M,L
1135,2-s2.0-85172879730,I,L
4275,2-s2.0-85015314685,X,X
4622,2-s2.0-85185559064,X,X
3782,2-s2.0-85147412872,X,X
3879,2-s2.0-85111939244,X,X
5859,2-s2.0-84986264911,X,X
5677,2-s2.0-84979743734,X,X
3174,2-s2.0-105041019396,X,X
2521,2-s2.0-105027253041,M,L
1747,2-s2.0-85179083429,I,L
3683,2-s2.0-85131452801,X,X
3739,2-s2.0-85121930085,X,X
1624,2-s2.0-85208426508,X,X
5625,2-s2.0-85061254106,X,X
381,2-s2.0-85192134528,I,L
4894,2-s2.0-105031286197,X,X
3194,2-s2.0-105015470358,X,X
185,2-s2.0-105001095751,X,X
3555,2-s2.0-105010383231,X,X
2207,2-s2.0-85033455569,X,X
4437,2-s2.0-84904127165,X,X
4879,2-s2.0-105024209152,X,X
2093,2-s2.0-85083361062,X,X
2847,2-s2.0-105035185507,M,L
3703,2-s2.0-85127192347,X,X
5303,2-s2.0-85184454773,X,X
4156,2-s2.0-85050607771,X,X
5815,2-s2.0-84986278309,T,L
1731,2-s2.0-85216032780,X,X
125,2-s2.0-105018648232,M,L
1582,2-s2.0-105024999145,X,X
1396,2-s2.0-84928029113,X,X
1178,2-s2.0-85126233034,X,X
4777,2-s2.0-105041134580,X,X
1559,2-s2.0-105037443466,M,L
795,2-s2.0-84925672275,X,X
1053,2-s2.0-85195641391,X,X
5239,2-s2.0-85208496927,X,X
3754,2-s2.0-85134482034,X,X
640,2-s2.0-85113664418,I,L
521,2-s2.0-85132789856,I,L
1434,2-s2.0-105033362038,X,X
2166,2-s2.0-85073237642,X,X
2891,2-s2.0-105033883894,X,X
1957,2-s2.0-85107143263,X,X
5382,2-s2.0-85137387715,X,X
1678,2-s2.0-105003533944,X,X
1391,2-s2.0-84958534104,I,L
1142,2-s2.0-85164268253,X,X
2585,2-s2.0-85197171006,X,X
5343,2-s2.0-85147805648,X,X
3492,2-s2.0-85158059643,X,X
4390,2-s2.0-84938401451,X,X
4527,2-s2.0-84867821440,X,X
2598,2-s2.0-85200956482,X,X
5151,2-s2.0-85210531427,X,X
5226,2-s2.0-85187273107,M,L
1304,2-s2.0-85059854616,X,X
5172,2-s2.0-85196558024,X,X
157,2-s2.0-105009750834,X,X
847,2-s2.0-84870553898,X,X
5839,2-s2.0-85096092602,X,X
3641,2-s2.0-85140045394,I,L
1238,2-s2.0-85100728874,X,X
5357,2-s2.0-85146821677,X,X
2576,2-s2.0-105023835706,X,X
4701,2-s2.0-85097424155,X,X
4150,2-s2.0-85055270203,X,X
4662,2-s2.0-85131919956,X,X
4421,2-s2.0-84903753044,X,X
926,2-s2.0-105016458362,I,L
5006,2-s2.0-105017264880,X,X
513,2-s2.0-85133466253,X,X
1290,2-s2.0-85067299335,X,X
527,2-s2.0-85135944181,X,X
2281,2-s2.0-85013231640,X,X
4458,2-s2.0-84881390345,X,X
2022,2-s2.0-85087486517,X,X
1086,2-s2.0-85176961840,I,L
4081,2-s2.0-85055493682,X,X
2264,2-s2.0-85021376618,X,X
2219,2-s2.0-85054495204,I,L
3577,2-s2.0-85181149640,X,X
5551,2-s2.0-85086580261,X,X
2172,2-s2.0-85053252563,X,X
1136,2-s2.0-85149578645,M,L
2787,2-s2.0-105048494316,R,L
1156,2-s2.0-85141248621,M,L
4167,2-s2.0-85056609799,X,X
615,2-s2.0-85100587836,X,X
3581,2-s2.0-85170519756,X,X
720,2-s2.0-85073302479,X,X
762,2-s2.0-85035350023,X,X
522,2-s2.0-85129105475,I,L
246,2-s2.0-85210156698,I,L
2096,2-s2.0-85083359227,X,X
4564,2-s2.0-105044488271,X,X
2799,2-s2.0-105048299158,X,X
622,2-s2.0-85114201293,I,L
4703,2-s2.0-85103932295,X,X
3611,2-s2.0-85182318952,X,X
575,2-s2.0-85122722913,X,X
5381,2-s2.0-85143189081,X,X
2968,2-s2.0-105040741306,X,X
2410,2-s2.0-84898052707,I,L
4066,2-s2.0-85075075169,X,X
1254,2-s2.0-85092297028,X,X
3593,2-s2.0-85164297345,X,X
2467,2-s2.0-84867378120,X,X
3657,2-s2.0-85138802826,X,X
2136,2-s2.0-85064858945,X,X
1769,2-s2.0-85175051454,X,X
2561,2-s2.0-105015357214,M,L
1320,2-s2.0-85045463489,I,L
2773,2-s2.0-105050222061,X,X
1383,2-s2.0-84941208236,I,L
4871,2-s2.0-105015554216,X,X
166,2-s2.0-85217377327,X,X
10,2-s2.0-105044408090,I,L
3518,2-s2.0-85160342790,X,X
3084,2-s2.0-105011737002,X,X
1416,2-s2.0-84884572740,X,X
1870,2-s2.0-85124873787,X,X
4657,2-s2.0-85143761877,X,X
5012,2-s2.0-105008509875,X,X
5495,2-s2.0-85119083670,X,X
1518,2-s2.0-105022276552,I,L
2538,2-s2.0-105035073855,X,X
2090,2-s2.0-85076441152,X,X
1513,2-s2.0-105025890346,I,L
3085,2-s2.0-85219342429,X,X
5674,2-s2.0-85017549155,X,X
2734,2-s2.0-84896770200,X,X
4706,2-s2.0-85109789915,X,X
4926,2-s2.0-105049690813,R,L
1357,2-s2.0-85019266854,X,X
5593,2-s2.0-85068110023,X,X
603,2-s2.0-85111930419,X,X
1319,2-s2.0-85073750248,X,X
2319,2-s2.0-84969745125,X,X
1620,2-s2.0-105022622416,X,X
321,2-s2.0-85191311518,X,X
582,2-s2.0-85131808089,X,X
1899,2-s2.0-85128258667,X,X
421,2-s2.0-85162921189,I,L
3868,2-s2.0-85107213893,X,X
632,2-s2.0-85133952933,X,X
5687,2-s2.0-84944706276,X,X
4063,2-s2.0-85059443610,X,X
1182,2-s2.0-85132256334,X,X
927,2-s2.0-105007526785,R,L
986,2-s2.0-105035999390,X,X
4107,2-s2.0-85055872603,X,X
4650,2-s2.0-85175027824,X,X
1841,2-s2.0-85139133543,I,L
5352,2-s2.0-85167360438,X,X
1335,2-s2.0-85035801258,I,L
902,2-s2.0-105012358925,I,L
4099,2-s2.0-85064644485,X,X
2597,2-s2.0-85181680090,I,L
1980,2-s2.0-85105399845,X,X
5707,2-s2.0-84920514437,X,X
2678,2-s2.0-85105815833,X,X
3028,2-s2.0-105005203221,X,X
4806,2-s2.0-105047857647,X,X
3114,2-s2.0-105003564063,X,X
4158,2-s2.0-85053373506,X,X
250,2-s2.0-105032742552,X,X
304,2-s2.0-85189083615,X,X
879,2-s2.0-105040183864,X,X
5887,2-s2.0-85209564088,X,X
3608,2-s2.0-85174415082,X,X
64,2-s2.0-105031703283,I,L
2350,2-s2.0-84940062304,X,X
1587,2-s2.0-105034171637,I,L
683,2-s2.0-85079435727,X,X
4490,2-s2.0-84869465825,X,X
360,2-s2.0-85208264967,X,X
4767,2-s2.0-105041160103,X,X
3531,2-s2.0-85163812665,X,X
362,2-s2.0-85188461432,M,L
1962,2-s2.0-85103786302,X,X
465,2-s2.0-85142427748,X,X
1306,2-s2.0-85061396039,X,X
2106,2-s2.0-85073532622,X,X
4001,2-s2.0-85086008294,X,X
4628,2-s2.0-85180598219,X,X
4886,2-s2.0-105020308586,X,X
5158,2-s2.0-105044104472,X,X
3843,2-s2.0-85116966303,X,X
3980,2-s2.0-85086503494,X,X
4440,2-s2.0-84893149770,X,X
4681,2-s2.0-85124225003,X,X
3931,2-s2.0-85099070680,X,X
2003,2-s2.0-85176137927,I,L
5190,2-s2.0-85195885452,X,X
1651,2-s2.0-85149592150,X,X
4097,2-s2.0-85065480146,X,X
2804,2-s2.0-105035664909,X,X
1316,2-s2.0-85072642032,X,X
5585,2-s2.0-85071883342,X,X
1112,2-s2.0-85165008313,I,L
2878,2-s2.0-105034190221,X,X
5403,2-s2.0-85137088517,X,X
1101,2-s2.0-85191322445,X,X
481,2-s2.0-85164620053,M,L
2455,2-s2.0-84899538750,X,X
4860,2-s2.0-105028581813,X,X
5812,2-s2.0-84864435705,X,X
1338,2-s2.0-85048695579,X,X
2214,2-s2.0-85048313692,X,X
3859,2-s2.0-85113632854,X,X
2226,2-s2.0-85071857025,X,X
3038,2-s2.0-105024756379,X,X
5170,2-s2.0-85201257587,X,X
4867,2-s2.0-105034130024,R,L
3546,2-s2.0-85149012649,X,X
1964,2-s2.0-85110407306,X,X
3661,2-s2.0-85137774483,X,X
131,2-s2.0-105023122149,M,L
3397,2-s2.0-85191392710,I,L
855,2-s2.0-84864588388,X,X
3367,2-s2.0-85186336096,X,X
5179,2-s2.0-85202678537,R,L
4971,2-s2.0-105030066764,X,X
2822,2-s2.0-105046954992,X,X
3018,2-s2.0-105022900550,X,X
2449,2-s2.0-84873805208,X,X
3371,2-s2.0-85188862575,I,L
5656,2-s2.0-85019387306,X,X
2383,2-s2.0-85019356043,X,X
175,2-s2.0-105002224357,I,L
2390,2-s2.0-84907051439,X,X
1924,2-s2.0-85125830917,X,X
275,2-s2.0-85208265623,I,L
5080,2-s2.0-85218210309,X,X
3469,2-s2.0-85171781028,X,X
2772,2-s2.0-105040959657,X,X
5671,2-s2.0-85015323226,X,X
656,2-s2.0-85079829054,I,L
3525,2-s2.0-85150759612,X,X
14,2-s2.0-105041373235,X,X
4218,2-s2.0-85060485538,X,X
5184,2-s2.0-85199589988,X,X
1676,2-s2.0-85200216507,X,X
2612,2-s2.0-85196309550,X,X
2506,2-s2.0-105040971311,M,L
3901,2-s2.0-85102353716,X,X
1044,2-s2.0-85197364002,I,L
5522,2-s2.0-85107550727,X,X
95,2-s2.0-105043672878,X,X
2204,2-s2.0-85047838061,X,X
4133,2-s2.0-85071766494,X,X
1552,2-s2.0-85215003775,I,L
5818,2-s2.0-85072757696,X,X
2648,2-s2.0-85163060641,X,X
1471,2-s2.0-105028941702,X,X
4731,2-s2.0-85064457055,X,X
4068,2-s2.0-85072345472,I,L
3884,2-s2.0-85105472209,X,X
4272,2-s2.0-85017294017,X,X
3161,2-s2.0-105034092152,X,X
