tahap,idx,ai1,ai2,sama,kritis,juga_cocok_ai2,catatan_ai2
judul,10,L,L-C1,ya,,,
judul,14,X,L,tidak,,,"Rekonstruksi NeRF tanaman pisang; fenotipe tanaman, perlu cek apakah buah/tandan diukur."
judul,64,L,L-C1,ya,,,
judul,76,L,L,ya,,,
judul,77,X,X,ya,,,
judul,95,X,L,tidak,,,Penjarangan kimia apel; mungkin memakai deteksi/hitung buah atau bunga.
judul,125,L,L,ya,,,
judul,131,L,L-C1,ya,,,Rekonstruksi point cloud 3D tomat; perlu cek apakah buah dihitung.
judul,157,X,X,ya,,,
judul,166,X,L-C1,tidak,ya,,
judul,175,L,L-C1,ya,,,
judul,185,X,X,ya,,,
judul,246,L,L-C1,ya,,,Oklusi berselang mengisyaratkan pelacakan lintas bingkai.
judul,250,X,X,ya,,,
judul,275,L,L,ya,,,
judul,304,X,X,ya,,,
judul,321,X,X,ya,,,
judul,360,X,L,tidak,,,Sensor tidak jelas dari judul; mungkin berbasis citra.
judul,362,L,L,ya,,,
judul,381,L,L-C1,ya,,,
judul,421,L,L-C1,ya,,,
judul,465,X,X,ya,,,
judul,481,L,L,ya,,,
judul,483,X,X,ya,,,
judul,513,X,X,ya,,,
judul,521,L,L-C1,ya,,,
judul,522,L,L-C1,ya,,,
judul,527,X,X,ya,,,
judul,575,X,X,ya,,,
judul,582,X,X,ya,,,
judul,596,L,L,ya,,,
judul,603,X,X,ya,,,
judul,615,X,X,ya,,,
judul,622,L,L,ya,,,
judul,632,X,X,ya,,,
judul,640,L,L-C1,ya,,,
judul,656,L,L,ya,,,
judul,683,X,X,ya,,,
judul,720,X,X,ya,,,
judul,762,X,X,ya,,,"Objek yang dilacak dan dicacah adalah burung, bukan buah."
judul,795,X,X,ya,,,
judul,847,X,X,ya,,,
judul,855,X,X,ya,,,
judul,879,X,X,ya,,,Estimasi hasil kenari dengan model ML dan penginderaan jauh; tanpa deteksi buah.
judul,902,L,L,ya,,,
judul,926,L,L,ya,,,
judul,927,L,L,ya,,,Mungkin model hasil tanpa deteksi buah (E3); abstrak perlu dibaca.
judul,986,X,X,ya,,,
judul,1044,L,L,ya,,,
judul,1053,X,L,tidak,,,
judul,1086,L,L,ya,,,
judul,1089,X,X,ya,,,
judul,1101,X,X,ya,,,
judul,1112,L,L,ya,,,"Sistem robot terbang; mungkin video, tetapi judul tidak menyebutnya."
judul,1135,L,L,ya,,,
judul,1136,L,L,ya,,,Citra udara; belum jelas apakah buah dideteksi atau hasil dimodelkan dari tajuk.
judul,1142,X,X,ya,,,
judul,1148,L,L,ya,,,
judul,1156,L,L,ya,,,Citra UAV; belum jelas apakah tandan anggur dideteksi.
judul,1178,X,X,ya,,,
judul,1182,X,X,ya,,,Estimasi hasil dari indeks satelit; E3.
judul,1238,X,L,tidak,,,"Objek adalah perbungaan nanas, bukan buah; diteruskan karena pencacahan berbasis citra."
judul,1254,X,X,ya,,,
judul,1256,L,L-C1,ya,,,Kata multitemporal mengisyaratkan pengamatan berulang pada tanaman yang sama.
judul,1270,L,L,ya,,,
judul,1290,X,X,ya,,,
judul,1304,X,X,ya,,,
judul,1306,X,X,ya,,,
judul,1316,X,X,ya,,,
judul,1319,X,X,ya,,,
judul,1320,L,L,ya,,,
judul,1335,L,L-C1,ya,,,Akuisisi citra bergerak; mungkin beberapa pengamatan atas tanaman yang sama.
judul,1338,X,X,ya,,,
judul,1357,X,X,ya,,,
judul,1383,L,L,ya,,,
judul,1391,L,L,ya,,,
judul,1396,X,X,ya,,,
judul,1416,X,X,ya,,,
judul,1434,X,X,ya,,,
judul,1471,X,X,ya,,,
judul,1513,L,L-C3,ya,,,
judul,1518,L,L-C3,ya,,,
judul,1552,L,L-C3,ya,,,
judul,1559,L,L,ya,,,"Judul generik tentang inferensi deteksi; objek tidak disebut, perlu abstrak."
judul,1582,X,X,ya,,,
judul,1587,L,L-C3,ya,,,
judul,1596,X,X,ya,,,
judul,1609,L,L-C3,ya,,,
judul,1620,X,X,ya,,,
judul,1624,X,X,ya,,,
judul,1651,X,X,ya,,,
judul,1676,X,X,ya,,,
judul,1678,X,L-C3,tidak,ya,,Judul menekankan kendali lengan pengumpul TBS (cenderung E4); dilanjutkan karena mungkin memuat deteksi tandan berbasis citra.
judul,1731,X,X,ya,,,
judul,1747,L,L-C3,ya,,,
judul,1769,X,X,ya,,,
judul,1841,L,L-C3,ya,,,
judul,1870,X,X,ya,,,
judul,1899,X,X,ya,,,
judul,1924,X,X,ya,,,
judul,1957,X,X,ya,,,
judul,1962,X,X,ya,,,
judul,1964,X,X,ya,,,
judul,1980,X,X,ya,,,
judul,2003,L,L-C3,ya,,,
judul,2022,X,X,ya,,,
judul,2028,L,L-C3,ya,,,
judul,2090,X,X,ya,,,
judul,2093,X,X,ya,,,
judul,2096,X,X,ya,,,
judul,2106,X,X,ya,,,
judul,2136,X,X,ya,,,
judul,2166,X,X,ya,,,
judul,2172,X,X,ya,,,
judul,2181,X,X,ya,,,
judul,2204,X,X,ya,,,
judul,2207,X,X,ya,,,
judul,2214,X,X,ya,,,
judul,2219,L,L-C3,ya,,,
judul,2226,X,X,ya,,,Penginderaan jauh untuk manajemen sawit; kemungkinan tanpa deteksi tandan.
judul,2264,X,X,ya,,,
judul,2281,X,X,ya,,,
judul,2319,X,X,ya,,,
judul,2350,X,X,ya,,,
judul,2383,X,X,ya,,,
judul,2390,X,X,ya,,,
judul,2410,L,L-C3,ya,,,
judul,2449,X,X,ya,,,
judul,2455,X,X,ya,,,
judul,2467,X,X,ya,,,
judul,2487,X,X,ya,,,
judul,2506,L,L,ya,,,
judul,2521,L,L,ya,,,
judul,2538,X,X,ya,,,
judul,2561,L,L,ya,,,
judul,2576,X,X,ya,,,
judul,2585,X,L,tidak,,,
judul,2597,L,L,ya,,,Dataset deteksi dan estimasi hasil kopi dan mete.
judul,2598,X,L,tidak,,,
judul,2612,X,X,ya,,,Irisan buah; pascapanen.
judul,2648,X,X,ya,,,
judul,2660,X,L,tidak,,,Judul tidak menyebut apakah buah difoto di pohon atau pascapanen.
judul,2678,X,L,tidak,,,
judul,2693,X,X,ya,,,
judul,2734,X,L,tidak,,,Judul tidak menyebut di pohon atau pascapanen; kemungkinan E2.
judul,2772,X,X,ya,,,Arah genggam gripper; pemetikan saja.
judul,2773,X,X,ya,,,"Tinjauan penyemprotan presisi; persepsi sasaran tajuk, bukan buah."
judul,2787,L,L,ya,,,
judul,2799,X,X,ya,,,
judul,2804,X,L,tidak,,,
judul,2822,X,X,ya,,,SLAM robot pertanian tanpa indikasi buah.
judul,2847,L,L,ya,,,
judul,2878,X,X,ya,,,Deteksi pohon palem dengan LiDAR UAV; bukan buah.
judul,2891,X,X,ya,,,
judul,2968,X,X,ya,,,
judul,3018,X,X,ya,,,
judul,3028,X,X,ya,,,Titik potong pada point cloud; hanya pemetikan.
judul,3038,X,L,tidak,,,
judul,3084,X,X,ya,,,
judul,3085,X,X,ya,,,
judul,3114,X,X,ya,,,
judul,3123,X,X,ya,,,
judul,3161,X,X,ya,,,
judul,3174,X,X,ya,,,
judul,3194,X,L,tidak,,,Judul tidak menyebut buah secara jelas; drone dan AI untuk optimasi panen produk liar mungkin memuat deteksi buah.
judul,3262,X,X,ya,,,
judul,3367,X,X,ya,,,
judul,3371,L,L,ya,,,Segmentasi tomat RGB-D; mungkin mencakup buah.
judul,3397,L,L,ya,,,
judul,3469,X,X,ya,,,
judul,3492,X,X,ya,,,
judul,3518,X,X,ya,,,
judul,3525,X,X,ya,,,
judul,3531,X,X,ya,,,
judul,3546,X,X,ya,,,
judul,3555,X,X,ya,,,
judul,3577,X,X,ya,,,
judul,3581,X,L,tidak,,,
judul,3593,X,X,ya,,,"Ekstraksi individu tanaman dari UAV, bukan buah."
judul,3600,X,X,ya,,,
judul,3608,X,X,ya,,,
judul,3611,X,X,ya,,,
judul,3641,L,L-C1,ya,,,Judul menyebut multi-view RGB-D; objek buah belum pasti.
judul,3657,X,X,ya,,,
judul,3661,X,L,tidak,,,
judul,3683,X,X,ya,,,
judul,3693,X,L,tidak,,,Pemanenan leci; pengelompokan 3D mungkin memuat lokalisasi buah yang dievaluasi.
judul,3703,X,X,ya,,,
judul,3710,X,X,ya,,,
judul,3739,X,X,ya,,,
judul,3754,X,L,tidak,,,"Judul generik tentang pengenalan citra fusi multimodal; objek tidak disebut, perlu abstrak."
judul,3782,X,X,ya,,,
judul,3787,X,X,ya,,,
judul,3809,X,X,ya,,,
judul,3843,X,X,ya,,,
judul,3859,X,X,ya,,,
judul,3868,X,X,ya,,,
judul,3879,X,X,ya,,,
judul,3884,X,X,ya,,,
judul,3901,X,L,tidak,,,
judul,3903,X,X,ya,,,
judul,3931,X,X,ya,,,
judul,3935,X,X,ya,,,
judul,3980,X,X,ya,,,Segmentasi point cloud struktur kebun apel berteralis; judul tidak menyebut buah.
judul,4001,X,X,ya,,,
judul,4063,X,X,ya,,,
judul,4066,X,X,ya,,,
judul,4068,L,L,ya,,,
judul,4081,X,X,ya,,,
judul,4097,X,X,ya,,,
judul,4099,X,X,ya,,,
judul,4101,X,X,ya,,,
judul,4107,X,X,ya,,,
judul,4128,X,L,tidak,,,
judul,4133,X,L,tidak,,,
judul,4150,X,X,ya,,,
judul,4156,X,X,ya,,,
judul,4158,X,X,ya,,,
judul,4167,X,X,ya,,,Judul hanya menyebut titik petik (E4).
judul,4189,X,X,ya,,,
judul,4218,X,X,ya,,,
judul,4257,X,X,ya,,,
judul,4268,X,L,tidak,,,Berfokus pada robot pemetik; lokalisasi visual buah mungkin dievaluasi.
judul,4272,X,X,ya,,,
judul,4275,X,X,ya,,,
judul,4315,X,X,ya,,,
judul,4390,X,X,ya,,,
judul,4398,X,X,ya,,,
judul,4421,X,L,tidak,,,Pengukuran pertumbuhan tanaman stroberi; belum jelas apakah buah diukur.
judul,4437,X,X,ya,,,
judul,4440,X,X,ya,,,
judul,4458,X,X,ya,,,
judul,4490,X,X,ya,,,
judul,4527,X,X,ya,,,
judul,4564,X,L,tidak,,,
judul,4622,X,L,tidak,,,
judul,4628,X,X,ya,,,
judul,4650,X,L,tidak,,,Tinjauan SLAM visual di luar pertanian; mungkin T.
judul,4657,X,L,tidak,,,Tinjauan SLAM visual di luar pertanian; mungkin T.
judul,4662,X,L,tidak,,,
judul,4681,X,X,ya,,,
judul,4701,X,L,tidak,,,
judul,4703,X,L,tidak,,,
judul,4706,X,X,ya,,,"Pelacakan multi-target radar laut; bukan sensor citra, dikeluarkan."
judul,4731,X,L,tidak,,,Survei loop closure visual SLAM; kandidat T.
judul,4767,X,X,ya,,,
judul,4777,X,L,tidak,,,Tinjauan UAV untuk vitikultur; mungkin mencakup estimasi hasil berbasis deteksi tandan anggur.
judul,4806,X,X,ya,,,
judul,4860,X,X,ya,,,
judul,4867,L,L,ya,,,"Tinjauan AI sawit; fokus pohon, mungkin mencakup tandan."
judul,4871,X,L,tidak,,,Tinjauan pencitraan vitikultur; mungkin mencakup estimasi hasil tandan anggur.
judul,4879,X,X,ya,,,
judul,4886,X,X,ya,,,Tinjauan prediksi hasil dengan penginderaan jauh; tanpa deteksi buah.
judul,4894,X,X,ya,,,
judul,4926,L,L,ya,,,
judul,4942,X,X,ya,,,
judul,4971,X,X,ya,,,
judul,5006,X,L,tidak,,,Tinjauan robot panen; mungkin memuat persepsi buah.
judul,5012,X,X,ya,,,
judul,5018,X,L,tidak,,,Tinjauan rantai pasok buah; mungkin sebagian besar pascapanen.
judul,5078,L,L,ya,,,
judul,5080,X,L,tidak,,,Tinjauan citra udara jarak dekat untuk kebun anggur; mungkin mencakup estimasi hasil.
judul,5151,X,X,ya,,,
judul,5158,X,L,tidak,,,Tinjauan spektroskopi dan pencitraan NIR buah; kemungkinan pascapanen.
judul,5170,X,X,ya,,,
judul,5172,X,X,ya,,,
judul,5179,L,L,ya,,,
judul,5184,X,L,tidak,,,Tinjauan teknik nondestruktif zaitun; mungkin pascapanen saja.
judul,5190,X,X,ya,,,
judul,5226,L,L,ya,,,
judul,5239,X,X,ya,,,
judul,5303,X,L,tidak,,,"Tinjauan pencitraan fluoresens untuk mutu produk pertanian; kemungkinan besar pascapanen, tetapi dapat mencakup buah di pohon."
judul,5343,X,X,ya,,,
judul,5352,X,X,ya,,,
judul,5357,X,X,ya,,,
judul,5375,X,X,ya,,,
judul,5381,X,X,ya,,,
judul,5382,X,X,ya,,,
judul,5403,X,X,ya,,,
judul,5495,X,X,ya,,,
judul,5522,X,X,ya,,,
judul,5551,X,X,ya,,,
judul,5585,X,X,ya,,,
judul,5593,X,X,ya,,,
judul,5618,X,X,ya,,,
judul,5625,X,X,ya,,,
judul,5656,X,X,ya,,,
judul,5671,X,X,ya,,,
judul,5674,X,X,ya,,,
judul,5675,X,X,ya,,,
judul,5677,X,X,ya,,,
judul,5687,X,X,ya,,,
judul,5707,X,X,ya,,,Inspeksi mutu pangan dengan visi mesin; pascapanen.
judul,5812,X,L,tidak,,,Makalah metode SLAM RGB-D; kandidat T.
judul,5815,L,L,ya,,,
judul,5818,X,L,tidak,,,Metode pencacahan objek di luar pertanian (T).
judul,5839,X,L,tidak,,,
judul,5859,X,L,tidak,,,
judul,5880,X,X,ya,,,
judul,5887,X,X,ya,,,Deteksi target kecil inframerah; bukan pelacakan atau pencacahan.
kelayakan,2,C1,C1,ya,,C4,Pencacahan video dengan BoT-SORT dan garis virtual; kelas mutu dihitung per buah terlacak.
kelayakan,4,C1,C1,ya,,C5,"pencacahan 3D dengan Gaussian splatting multi-pandang, pembelajaran kontrastif lintas pandang, dan Hough voting"
kelayakan,21,X-E4,C1,tidak,ya,C5,"rekonstruksi NeRF dari citra multi-pandang tandan anggur, pencacahan beri (MAE 0,50) dan lokalisasi 3D dievaluasi; tujuan akhir penjarangan robotik, tetapi pencacahan dievaluasi sehingga bukan E4"
kelayakan,55,C1,C1,ya,,,tanpa abstrak; judul menyatakan pelacakan dan pencacahan jeruk dari video UAV
kelayakan,60,C5,C5,ya,,,"tanpa abstrak; estimasi ukuran stroberi dengan segmentasi dan model kerucut terpancung. Ragu: judul tidak menyebut sensor kedalaman maupun apakah buah masih di tanaman; bila pascapanen, kodenya X-E2."
kelayakan,79,C1,C1,ya,,C5,Pelacakan dan segmentasi multi-objek (Grounded-SAM2) dengan SfM dari UAV untuk pemetaan 3D dan pelengkapan bentuk buah apel.
kelayakan,114,C5,C5,ya,,C1,"Volume tandan anggur dari awan titik SfM ponsel; banyak pandang digabung untuk pengukuran ukuran, bukan pencacahan."
kelayakan,115,C2,C1,tidak,,C4;C2,"hitungan buah matang dari dua sisi tanaman digabung dengan tiga strategi untuk regresi hasil; kelas matang/belum matang; bila penggabungan dua sisi dianggap bukan kontribusi utama, kodenya C4"
kelayakan,137,C1,C1,ya,,,tanpa abstrak; pencacahan kiwi per baris dari video ponsel dengan pelacakan buah.
kelayakan,148,X-E2,X-E2,ya,,C1,"batas: buah dicacah di konveyor mesin panen (bukan di pohon) dengan pelacakan BoT-SORT; bila buah di konveyor pemanen dianggap layak, kodenya C1"
kelayakan,152,C1,C1,ya,,C4,Pelacakan dan pencacahan wilayah pada video; jumlah tomat per tahap kematangan.
kelayakan,161,C1,C1,ya,,C2,"tanpa abstrak; 'dual-association' dan pencacahan waktu nyata ditafsirkan sebagai asosiasi data pelacakan pada video. Ragu: bila pencacahan per citra tanpa langkah lintas citra, kodenya C2."
kelayakan,196,C1,C1,ya,,,Rekonstruksi NeRF dari banyak pandangan dan pencacahan buah kapas tingkat plot dengan FruitNeRF; objeknya buah kapas (boll).
kelayakan,210,X-E4,C5,tidak,,,"Segmentasi instans apel dengan YOLOv8 dan pengambilan point cloud dari kedalaman untuk lokalisasi. Evaluasi yang dilaporkan hanya akurasi segmentasi, sehingga berbatasan dengan X-E5."
kelayakan,226,X-E5,C1,tidak,ya,C4,"batas: pencitraan berulang petak yang sama dengan penanda tetap dan pelacakan buah individual sepanjang musim; sasarannya penilaian kematangan, bukan pencacahan"
kelayakan,236,C1,C1,ya,,,YOLOv7 dengan DeepSORT dan garis ROI untuk pencacahan; evaluasi yang dilaporkan terutama deteksi.
kelayakan,286,C1,C1,ya,,,tanpa abstrak; judul menyebut pelacakan multiobjek pertanian dengan asosiasi spasial; objek buah tidak dapat dipastikan dari judul.
kelayakan,299,C5,C5,ya,,,"tanpa abstrak; deteksi daring dan pelokalan cepat jeruk yang bergoyang, ditafsirkan sebagai pelokalan 3D yang dievaluasi. Ragu: bila hanya titik petik untuk robot, kodenya X-E4."
kelayakan,312,C1,C1,ya,,,tanpa abstrak; pencacahan dengan pelacakan DeepSORT pada video
kelayakan,333,C2,C1,tidak,,C2,"batas: bingkai video tersinkron dari beberapa UAV digabung menjadi satu citra kontinu sebelum deteksi dan pencacahan; tidak ada pelacakan eksplisit, sehingga C2 juga dapat dibela"
kelayakan,344,C1,C1,ya,,,"pencacahan apel dengan pelacakan (StrongSort, ByteTrack, OCSort) pada video, HOTA dilaporkan"
kelayakan,353,C5,C5,ya,,,Deteksi dan segmentasi jeruk pada awan titik LiDAR terestrial; penggabungan beberapa pindaian tidak disebut.
kelayakan,400,C1,C1,ya,,,pencacahan jeruk hijau dari video sepanjang baris dengan YOLOv4 dan pelacakan objek untuk mencegah hitung ganda
kelayakan,406,C1,C1,ya,,,"Pencacahan apel pada video dengan pelacakan dan penetapan ID unik; MOTA, IDSR, dan galat cacah per video dilaporkan."
kelayakan,424,C1,C1,ya,,,pencacahan apel lintas frame video dengan SORT dan Cascade-SORT
kelayakan,497,X-E5,C2,tidak,,,"deteksi tandan anggur per citra dengan evaluasi jumlah tandan (R2 0,91; RMSE 2,4); tahap kematangan hanya kondisi uji, bukan kelas"
kelayakan,566,C2,C2,ya,,,tanpa abstrak; deteksi buah dan estimasi muatan kebun jeruk dengan YOLO.
kelayakan,656,C5,C5,ya,,C1,"Estimasi ukuran tandan anggur dengan kamera RGB-D pada robot; pindaian video dari 3 sudut pandang, tetapi abstrak tidak menyebut penggabungan pengamatan tandan yang sama."
kelayakan,666,C4,C4,ya,,C5,"tanpa abstrak; deteksi, pencacahan, dan penilaian kematangan dengan citra multispektral"
kelayakan,685,C2,C1,tidak,,C2,Kontribusi utama detektor citra tunggal; estimasi muatan kebun memakai citra dua sisi pohon dengan faktor koreksi terhadap hitungan panen. Kasus batas C1/C2.
kelayakan,724,C2,C2,ya,,,pencacahan apel per citra dengan CNN dan estimasi hasil; tidak ada langkah lintas citra yang disebut
kelayakan,725,C2,X-E3,tidak,,,"abstrak menyatakan hasil dipetakan tanpa mendeteksi buah, dari parameter struktur pohon UAV"
kelayakan,838,C1,C1,ya,,C5,"Memindai kedua sisi baris, mendeteksi dan meregistrasi apel dari citra berurutan, lalu menghasilkan cacah; rig stereo dua kamera."
kelayakan,875,C2,C2,ya,,,pencacahan apel dari citra tunggal
kelayakan,917,C2,C2,ya,,C1,tanpa abstrak; pencacahan buah berbasis visi dengan UAV; tidak ada petunjuk pelacakan atau penggabungan lintas citra pada judul
kelayakan,931,C2,C2,ya,,,"Deteksi citra tunggal dengan regresi hasil prediksi terhadap hasil aktual (R2 0,98)."
kelayakan,956,C2,C2,ya,,,"Deteksi dan pencacahan tandan anggur per citra (WGISD), MAE dan RMSE; multimodal berarti citra dan teks, bukan sensor non-RGB."
kelayakan,959,C2,C2,ya,,,Estimasi muatan buah multispesies per citra (deteksi dan regresi heatmap).
kelayakan,970,C4,C4,ya,,C2;C5,"tanpa abstrak. Judul menyebut grading, lokalisasi, dan estimasi hasil sekaligus; atribut kelas bersama pencacahan. Tidak dapat dipastikan apakah buah di pohon atau pascapanen, dan apakah multi-modal berarti sensor non-RGB."
kelayakan,976,C2,C5,tidak,,C2,"galat lokalisasi 3D (X, Y, Z dalam mm) dievaluasi di lapangan; akurasi pencacahan juga dilaporkan; citra tunggal"
kelayakan,1000,C2,C2,ya,,,"pencacahan jeruk dari citra UAV dengan YOLOv7, R2 0,98 terhadap hitungan 20 pohon; tidak ada langkah lintas citra yang disebut"
kelayakan,1011,C2,C4,tidak,,C2,pencacahan tomat per tingkat kematangan dari citra tunggal
kelayakan,1042,C2,X-E7,tidak,,C2,"tanpa abstrak; jurnal berbahasa Mandarin (Nongye Jixie Xuebao); bila naskah dianggap layak bahasa, kodenya C2"
kelayakan,1047,C2,C2,ya,,,"tanpa abstrak; estimasi hasil jeruk dari citra UAV dengan deep learning, diasumsikan mendeteksi buah; bila tidak, X-E3"
kelayakan,1062,C2,X-E5,tidak,,C2,"Judul menyebut estimasi hasil, tetapi abstrak hanya melaporkan akurasi deteksi, ukuran model, dan FPS; tidak ada evaluasi pencacahan atau hasil."
kelayakan,1121,C2,C2,ya,,,jumlah buah beri dan hasil per tanaman dari citra tunggal dengan regresi
kelayakan,1126,C2,C2,ya,,,"tanpa abstrak; judul menyatakan estimasi hasil mangga pada kanopi dengan machine vision, tanpa petunjuk lintas citra"
kelayakan,1148,X-E2,X-E2,ya,,,Deteksi dan pencacahan buah dan sayur untuk kasir supermarket dan pasar; bukan buah di tanaman.
kelayakan,1180,R,R,ya,,,"tanpa abstrak. Judul menyatakan tinjauan menyeluruh estimasi hasil buah di kebun, metode langsung dan tidak langsung."
kelayakan,1186,C2,C2,ya,,,Pengenalan dan pencacahan mahkota nanas dari citra UAV tampak atas; tiap citra diproses sendiri.
kelayakan,1188,C2,C2,ya,,C1,"Deteksi CNN dan pencacahan kiwi dari citra UAV di bawah kanopi. Judul menyebut multi-angle, tetapi abstrak tidak menguraikan langkah penggabungan antarcitra; C1 mungkin bila teks lengkap menunjukkan penggabungan sudut pandang."
kelayakan,1265,C1,C2,tidak,,C1,"Deteksi dan pencacahan apel per pohon pada ortomosaik UAV dengan regresi linear ke jumlah total. Ortomosaik dibangun dari banyak citra, tetapi pencacahan dilakukan pada satu citra gabungan tanpa asosiasi buah lintas citra."
kelayakan,1300,C2,C2,ya,,,Jumlah dan ukuran tandan dari citra RGB UAV untuk estimasi hasil per tanaman; tiap citra diproses sendiri.
kelayakan,1364,C2,C2,ya,,,Abstrak hanya memuat nama kongres dan judul; diputuskan dari judul (estimasi hasil buah oleh sistem otonom); akuisisi multi-pandang tidak dapat dipastikan.
kelayakan,1431,C2,C2,ya,,C5,"tanpa abstrak. Bab buku tentang estimasi hasil buah jeruk dengan citra multispektral; diasumsikan mendeteksi buah. Bila hasil dimodelkan dari indeks tanpa deteksi buah, yang tepat adalah X-E3."
kelayakan,1453,C3,C3,ya,,,Klasifikasi kematangan tandan kelapa sawit dari citra dengan SECoS.
kelayakan,1555,C3,C3,ya,,,deteksi dan estimasi pose TBS sawit matang dengan YOLOv8-pose
kelayakan,1566,C3,C3,ya,,,deteksi brondolan sawit dengan YOLOv8 nano
kelayakan,1608,C3,C3,ya,,C5,Deteksi kematangan TBS sawit di konveyor dengan citra multispektral LED dan YOLOv4.
kelayakan,1639,C3,C3,ya,,,"tanpa abstrak; deteksi brondolan untuk pengumpul otomatis, diasumsikan sawit"
kelayakan,1704,C3,C3,ya,,,tanpa abstrak; deteksi kematangan TBS sawit dengan YOLOv6.
kelayakan,1804,C3,C3,ya,,,anotasi otomatis dan klasifikasi kematangan buah sawit dengan YOLO
kelayakan,1805,C3,C3,ya,,,Deteksi kematangan sawit di pohon dengan dataset video; tidak ada langkah asosiasi antarbingkai yang disebut.
kelayakan,1806,C3,C3,ya,,,Klasifikasi kematangan sawit dengan KNN dan fitur warna.
kelayakan,1880,C3,C3,ya,,,"Klasifikasi kematangan brondolan sawit (ripe, unripe, over ripe) dengan pengurangan latar."
kelayakan,2187,R,R,ya,,C3,tinjauan metode pengolahan citra dan logika fuzzy untuk grading buah sawit
kelayakan,2192,C3,C3,ya,,,Sistem penilaian kematangan TBS sawit waktu nyata.
kelayakan,2459,C3,C3,ya,,,tanpa abstrak; deteksi kematangan buah sawit dengan citra luar ruang
kelayakan,2508,X-E5,C4,tidak,,,"Deteksi tomat dengan kelas kematangan dari citra tunggal di rumah kaca; tidak ada pencacahan eksplisit, sehingga berbatasan dengan X-E5."
kelayakan,2517,C4,C4,ya,,,Deteksi tiga tahap kematangan tomat dan pencacahan dari citra tunggal.
kelayakan,2542,X-E5,C4,tidak,,,"tanpa abstrak; deteksi kematangan stroberi (atribut kelas) dari citra tunggal; pencacahan dan kondisi di tanaman tidak dapat dipastikan dari judul, alternatif X-E5 atau X-E2"
kelayakan,2570,C4,C4,ya,,C2,"Deteksi multikelas tahap buah murbei dan kuantifikasi jumlah per kelas dari citra tunggal (MAE, korelasi)."
kelayakan,2593,C2,C2,ya,,,"tanpa abstrak; deteksi dan pencacahan jujube pada Android, diasumsikan per citra."
kelayakan,2606,X-E5,C4,tidak,,,"deteksi kematangan kelapa di pohon dengan dasbor pemantauan; atribut kelas ada, pencacahan tidak dievaluasi secara eksplisit, alternatif X-E5"
kelayakan,2653,C4,T,tidak,,C4,"tanpa abstrak; judul menyebut benchmark pencacahan objek multikelas dan estimasi ukuran tanpa menyebut buah, sehingga dikode sebagai metode pencacahan objek di luar pertanian. Ragu: bila objeknya buah di pohon, kode yang tepat C4."
kelayakan,2702,X-E5,X-E5,ya,,,"deteksi pisang YOLOv4 per citra; hanya metrik deteksi, tanpa pencacahan dan tanpa kelas kematangan yang dievaluasi"
kelayakan,3053,C5,C5,ya,,,"Fusi RGB, depth, dan termal untuk deteksi mangga di pohon."
kelayakan,3263,R,R,ya,,,tanpa abstrak; judul menyatakan tinjauan komprehensif deteksi dan lokalisasi apel
kelayakan,3328,C5,C5,ya,,,"tanpa abstrak; pengukuran ukuran mangga di kebun dan distribusi ukuran, ditafsirkan memakai kedalaman. Ragu: modalitas sensor tidak disebut di judul."
kelayakan,3363,C5,C5,ya,,,"dataset RGB-D apel di pohon dengan masker amodal untuk deteksi dan estimasi ukuran; lima pohon Elstar dipotret pada empat tahap tumbuh, tetapi tidak ada penautan buah lintas citra"
kelayakan,3456,C5,C5,ya,,,Pengukuran ukuran dan prediksi bobot apel dengan kamera RGB-D Azure Kinect untuk pengukuran di lapangan.
kelayakan,3565,C1,C1,ya,,C5,"Beberapa unit stereo dengan bidang pandang tumpang-tindih; pencocokan point cloud permukaan buah untuk menghapus deteksi ganda buah yang sama antarkamera. Konteks robot panen, tetapi lokalisasi dievaluasi."
kelayakan,3763,C5,C5,ya,,,tanpa abstrak; pelokalan jeruk dengan fusi kamera dan LiDAR.
kelayakan,3831,C5,C5,ya,,,"Penginderaan 3D (stereo dan time-of-flight) dan segmentasi stroberi dengan jaringan 3D, dievaluasi."
kelayakan,4537,T,T,ya,,R,Survei pelacakan multiobjek di luar pertanian; metode asosiasi yang dapat dialihkan.
kelayakan,4631,R,R,ya,,,tanpa abstrak; survei deteksi objek untuk pencacahan tanaman.
kelayakan,4758,T,T,ya,,R,Survei aplikasi structure from motion di luar pertanian.
kelayakan,4779,R,R,ya,,,Tinjauan metode pengenalan buah dan sayur untuk pemanenan.
kelayakan,4822,R,R,ya,,,"Tinjauan estimasi volume produk pertanian dari citra 2D, dari laboratorium ke kebun."
kelayakan,4876,R,R,ya,,,Tinjauan sistematis dan bibliometrik deteksi buah berbasis YOLO.
kelayakan,5155,R,R,ya,,,"Tinjauan robot pemetik yang mencakup sensor visi, deteksi target, dan lokalisasi buah; sebagian isi tentang end-effector (E4)."
kelayakan,5228,R,R,ya,,,tinjauan pengenalan buah di kebun untuk robot pemetik
kelayakan,5321,R,R,ya,,C5,"Tinjauan pengukuran ukuran buah di kebun dengan visi mesin, termasuk pengukuran kedalaman."
kelayakan,5389,R,R,ya,,,"Tinjauan visi komputer untuk vitikultur: deteksi bunga, tandan, beri, dan estimasi hasil."
kelayakan,5520,R,R,ya,,,"tinjauan pengenalan bunga/hasil pada citra tanaman dengan deep learning, mencakup buah"
kelayakan,5761,T,T,ya,,,Dataset dan tolok ukur pelacakan multiobjek di luar pertanian.
kelayakan,5792,T,T,ya,,,makalah metode SLAM di luar pertanian
kelayakan,5847,T,T,ya,,,Baseline re-identifikasi orang (Market1501); metode re-ID di luar pertanian.
kelayakan,5852,T,T,ya,,,metode re-identifikasi objek (orang dan kendaraan) di luar pertanian
kelayakan,5866,T,T,ya,,,makalah metode radiance field di luar pertanian
