idx,eid,key,kode_ai_mentah,keputusan_ai,berkas_sumber,dasar_ai
4537,2-s2.0-105043191482,adzemovic2026deep,T,T,abstrak_07.txt,abstrak
286,2-s2.0-85203516615,hernandez2024multi,C1,C1,abstrak_T00.txt,judul
2570,2-s2.0-105016457566,carandang2025yield,C4,C4,abstrak_05.txt,abstrak
2593,2-s2.0-85185003948,yu2024lightweight,C2,C2,abstrak_T00.txt,judul
959,2-s2.0-105011538424,yoo2025multi,C2,C2,abstrak_02.txt,abstrak
114,2-s2.0-105023694897,upadhyaya2025smartphone,C5,C5,abstrak_B00.txt,abstrak
1364,2-s2.0-85007379022,hung2016autonomous,C2,C2,abstrak_B02.txt,judul
4779,2-s2.0-105050236420,han2026advances,R,R,abstrak_07.txt,abstrak
685,2-s2.0-85062640867,koirala2019deep,C2,C2,abstrak_01.txt,abstrak
2,2-s2.0-105048939745,farhoud2026instance,C1,C1,abstrak_B00.txt,abstrak
1806,2-s2.0-85183539823,saifullah2023palm,C3,C3,abstrak_B02.txt,abstrak
2517,2-s2.0-105037904877,liu2026research,C4,C4,abstrak_05.txt,abstrak
2192,2-s2.0-85051935982,alfatni2018real,C3,C3,abstrak_05.txt,abstrak
1704,2-s2.0-85201574178,chowdhury2024oil,C3,C3,abstrak_T00.txt,judul
5761,2-s2.0-85141264316,sun2022dancetrack,T,T,abstrak_08.txt,abstrak
152,2-s2.0-105010300309,wang2025tomato,C1,C1,abstrak_00.txt,abstrak
353,2-s2.0-85208494163,da2024detection,C5,C5,abstrak_B00.txt,abstrak
137,2-s2.0-105005067303,zhang2025row,C1,C1,abstrak_T00.txt,judul
236,2-s2.0-105022721011,majdalawieh2025optimizing,C1,C1,abstrak_00.txt,abstrak
3053,2-s2.0-105025948192,cao2025tree,C5,C5,abstrak_B02.txt,abstrak
1126,2-s2.0-85146465328,neethi2023intelligent,C2,C2,abstrak_T00.txt,judul
2187,2-s2.0-85062797274,patkar2018challenging,R,R,abstrak_05.txt,abstrak
725,2-s2.0-85058902246,sarron2018mango,C2,C2,abstrak_02.txt,abstrak
2459,2-s2.0-84875184931,haron2012white,C3,C3,abstrak_T00.txt,judul
312,2-s2.0-85188562002,tu2024passion,C1,C1,abstrak_T00.txt,judul
666,2-s2.0-85083504971,chen2020detection,C4,C4,abstrak_T00.txt,judul
333,2-s2.0-85189021999,melnychenko2024intelligent,C2,C2,abstrak_00.txt,abstrak
976,2-s2.0-85214789095,jin2025enhanced,C2,C2,abstrak_B01.txt,abstrak
1804,2-s2.0-85146683543,mamat2023enhancing,C3,C3,abstrak_04.txt,abstrak
1639,2-s2.0-85204017513,narendran2024loose,C3,C3,abstrak_T00.txt,judul
148,2-s2.0-105002666191,safre2025deep,X E2,X-E2,abstrak_B00.txt,abstrak
1011,2-s2.0-105011353608,zhao2025ta,C2,C2,abstrak_02.txt,abstrak
1042,2-s2.0-85207797688,xiao2024camellia,C2,C2,abstrak_T00.txt,judul
875,2-s2.0-105042347538,zhang2026yolo11,C2,C2,abstrak_02.txt,abstrak
5792,2-s2.0-85020739341,murartal2017orb,T,T,abstrak_08.txt,abstrak
4,2-s2.0-105049054780,zhao2026adapting,C1,C1,abstrak_B00.txt,abstrak
226,2-s2.0-105003640946,johnson2025agtech,X E5,X-E5,abstrak_00.txt,abstrak
1121,2-s2.0-85135713342,palacios2023early,C2,C2,abstrak_03.txt,abstrak
5866,2-s2.0-85166312196,kerbl20233d,T,T,abstrak_08.txt,abstrak
1047,2-s2.0-85192153841,subeesh2024uav,C2,C2,abstrak_T00.txt,judul
5389,2-s2.0-85140362969,mohimont2022computer,R,R,abstrak_08.txt,abstrak
4876,2-s2.0-105034816451,pugazhendi2026advances,R,R,abstrak_B03.txt,abstrak
2653,2-s2.0-85138990389,liu2022benchmark,C4,C4,abstrak_T00.txt,judul
3763,2-s2.0-85135092265,xu2022citrus,C5,C5,abstrak_T00.txt,judul
299,2-s2.0-85207086642,lou2024online,C5,C5,abstrak_T00.txt,judul
931,2-s2.0-105024308860,zeng2025yolo,C2,C2,abstrak_B01.txt,abstrak
3328,2-s2.0-85195673721,neupane2024machine,C5,C5,abstrak_T00.txt,judul
656,2-s2.0-85079829054,kurtser2020field,C5,C5,abstrak_B01.txt,abstrak
4631,2-s2.0-85176381720,huang2023survey,R,R,abstrak_T00.txt,judul
1300,2-s2.0-85067343482,di2019low,C2,C2,abstrak_03.txt,abstrak
406,2-s2.0-85171464036,wu2023twice,C1,C1,abstrak_01.txt,abstrak
1265,2-s2.0-85088834564,apoloapolo2020cloud,C1,C1,abstrak_03.txt,abstrak
566,2-s2.0-85118563837,mirhaji2021fruit,C2,C2,abstrak_T00.txt,judul
1062,2-s2.0-85187248066,jing2024optimizing,C2,C2,abstrak_02.txt,abstrak
1453,2-s2.0-105042034976,alkhowarizmi2026visual,C3,C3,abstrak_04.txt,abstrak
3831,2-s2.0-85118130939,le20213d,C5,C5,abstrak_06.txt,abstrak
161,2-s2.0-105011959735,lyu2025real,C1,C1,abstrak_T00.txt,judul
4822,2-s2.0-105045866067,wei2026volume,R,R,abstrak_07.txt,abstrak
60,2-s2.0-105043764885,liu2026estimating,C5,C5,abstrak_T00.txt,judul
3456,2-s2.0-85173226061,miranda2023assessing,C5,C5,abstrak_B03.txt,abstrak
3263,2-s2.0-85208764090,azizi2024image,R,R,abstrak_T00.txt,judul
2542,2-s2.0-105012990513,gan2025real,X E5,X-E5,abstrak_T00.txt,judul
2702,2-s2.0-85102843440,fu2020fast,X E5,X-E5,abstrak_06.txt,abstrak
724,2-s2.0-85062983796,hani2018apple,C2,C2,abstrak_B01.txt,abstrak
3363,2-s2.0-85181946478,genemola2024amodalapplesize,C5,C5,abstrak_06.txt,abstrak
344,2-s2.0-85207819307,garderes2024apple,C1,C1,abstrak_00.txt,abstrak
5520,2-s2.0-85108616920,darwin2021recognition,R,R,abstrak_08.txt,abstrak
424,2-s2.0-85164845343,hu2023fruit,C1,C1,abstrak_01.txt,abstrak
497,2-s2.0-85142694854,lu2022swin,X E5,X-E5,abstrak_01.txt,abstrak
115,2-s2.0-105014169382,singh2025development,C2,C2,abstrak_B00.txt,abstrak
917,2-s2.0-105021809050,szolc2026vision,C2,C2,abstrak_T00.txt,judul
400,2-s2.0-85180444995,gremes2023system,C1,C1,abstrak_01.txt,abstrak
5852,2-s2.0-85114955158,he2021transreid,T,T,abstrak_08.txt,abstrak
21,2-s2.0-105039015981,yokin20263d,X E4,X-E4,abstrak_B00.txt,abstrak
1555,2-s2.0-105035529855,nor2025evaluating,C3,C3,abstrak_B02.txt,abstrak
1000,2-s2.0-85208479669,daiaeddine2025uav,C2,C2,abstrak_02.txt,abstrak
5228,2-s2.0-85212704255,liu2024research,R,R,abstrak_08.txt,abstrak
1566,2-s2.0-105016844256,hakim2025loose,C3,C3,abstrak_04.txt,abstrak
2606,2-s2.0-85219500715,cabaluna2024computer,X E5,X-E5,abstrak_06.txt,abstrak
55,2-s2.0-105043990304,weng2026citrus,C1,C1,abstrak_T00.txt,judul
1188,2-s2.0-85149794121,ripa2022orchard,C2,C2,abstrak_B01.txt,abstrak
1880,2-s2.0-85134725510,arulnathan2022background,C3,C3,abstrak_05.txt,abstrak
5321,2-s2.0-85153699395,neupane2023fruit,R,R,abstrak_08.txt,abstrak
970,2-s2.0-85214030439,albaaji2025intelligent,C4,C4,abstrak_T00.txt,judul
1431,2-s2.0-84931402402,ye2012fruit,C2,C2,abstrak_T00.txt,judul
1180,2-s2.0-85125223475,he2022fruit,R,R,abstrak_T00.txt,judul
1148,2-s2.0-85180543929,luo2023improved,X E2,X-E2,abstrak_03.txt,abstrak
5155,2-s2.0-85207537832,chen2024key,R,R,abstrak_07.txt,abstrak
5847,2-s2.0-85083336680,luo2019bag,T,T,abstrak_08.txt,abstrak
838,2-s2.0-105047031250,wang2013automated,C1,C1,abstrak_02.txt,abstrak
1186,2-s2.0-85110232232,wan2022automated,C2,C2,abstrak_03.txt,abstrak
956,2-s2.0-105034767999,xu2025transfer,C2,C2,abstrak_B01.txt,abstrak
196,2-s2.0-105015567268,jiang2025neural,C1,C1,abstrak_B00.txt,abstrak
1608,2-s2.0-85205253694,shiddiq2024multispectral,C3,C3,abstrak_04.txt,abstrak
1805,2-s2.0-85147426818,junior2023video,C3,C3,abstrak_04.txt,abstrak
210,2-s2.0-105004644813,qin2025research,X E4,X-E4,abstrak_00.txt,abstrak
3565,2-s2.0-85191529094,xie2023fruit,C1,C1,abstrak_06.txt,abstrak
79,2-s2.0-105021641625,wang2026uav,C1,C1,abstrak_B00.txt,abstrak
2508,2-s2.0-105039592137,chu2026embedding,X E5,X-E5,abstrak_05.txt,abstrak
4758,2-s2.0-84880270836,wei2013applications,T,T,abstrak_B03.txt,abstrak
