no,prioritas,alasan_prioritas,idx,key,tahun,judul,doi,dasar_keputusan,pdf_ada,path_pdf,teks_ada,kode_ai_mekanisme,kode_ai_akuisisi,kode_ai_per_kelas,kode_ai_hasil_ringkas,draf_ai_mekanisme,final_mekanisme,draf_ai_akuisisi,final_akuisisi,draf_ai_per_kelas,final_per_kelas,draf_ai_hasil_ringkas,final_hasil_ringkas,draf_ai_sumber_kode,final_sumber_kode,draf_ai_halaman,draf_ai_bukti,final_halaman,draf_ai_referensi_hitung,final_referensi_hitung,draf_ai_tingkat_metrik,final_tingkat_metrik,draf_ai_cara_kelas,final_cara_kelas,draf_ai_berubah,final_berubah,draf_ai_catatan,catatan_peninjau,catatan_skrip
1,1,tab:acq,178,arizasentis2025comparative,2025,Comparative analysis of single-view and multiple-view data collection strategies for detecting partially-occluded grape bunches: Field trials,10.1016/j.jafr.2025.101736,abstrak,Y,literature/scopus-2026-09/pdf/arizasentis2025comparative.pdf,Y,M3,D,N,anggur tanpa perompesan daun; multipandang vs satu pandang; rasio jejak terlacak/GT 74% vs 23%; buram gerak pada multipandang,M3,,V,,N,,,,teks lengkap,,"Tabel 1 (h. 3); Gbr. 4 (h. 4); R2/RMSE h. 5, h. 8",increasing the R2 from 0.39 with a single view to 0.53 with multiple views,,anotasi,,identitas;hitung,,,,ya (lama: akuisisi=D),,"DRAF MODEL dari teks/<key>.txt + pdftotext, belum diverifikasi manusia. Data: video UAV (tiga perspektif) dilacak PointTrack; kode D lama mungkin lebih tepat V - putuskan. Metrik MOTSA/sMOTSA (pelacakan) + selisih jumlah terhadap GT video.",,
2,1,tab:acq,581,anderson2021estimation,2021,Estimation of fruit load in australian mango orchards using machine vision,10.3390/agronomy11091711,abstrak,Y,literature/scopus-2026-09/pdf/anderson2021estimation.pdf,Y,M1,D,N,"mangga; multipandang per pohon terhadap hitungan rumah kemas; galat rata-rata 11% (MV-Raw) vs 17% (MV-CAL); kebun teralis over-estimasi 25,2%",M1,,D,,N,,,,teks lengkap,,Tabel 2 (h. 11); Gbr. 6,"achieved an average percentage error on packhouse counts of 26, 13, 11 and 17%",,packhouse,,hitung,,,,tidak,,"DRAF MODEL dari teks/<key>.txt + pdftotext, belum diverifikasi manusia. Acuan utama hitungan packhouse; pohon kalibrasi dihitung tangan untuk faktor oklusi (MV-CAL).",,
3,1,tab:acq,700,wang2019mango,2019,Mango fruit load estimation using a video based MangoYOLO—Kalman filter—hungarian algorithm method,10.3390/s19122742,abstrak,Y,literature/scopus-2026-09/pdf/wang2019mango.pdf,Y,M3,V,N,"mangga; MangoYOLO + Kalman + Hungarian multi-ke-satu; 9,9% hitung ganda dan 7,3% terlewat pada video 192 buah",M3,,V,,N,,,,teks lengkap,,Tabel 2 (h. 14); Tabel 1 (h. 14),achieved a count equivalent to 62% of the harvest count with bias corrected RMSE = 18.0 fruit/tree,,panen;anotasi,,hitung,,,,tidak,,"DRAF MODEL dari teks/<key>.txt + pdftotext, belum diverifikasi manusia. Dua acuan: panen 21 pohon (Tabel 2) dan hitungan manusia pada video 192 buah (hitung ganda 9,9%, terlewat 7,3%).",,
4,1,tab:acq,766,stein2016image,2016,"Image based mango fruit detection, localisation and yield estimation using multiple view geometry",10.3390/s16111915,abstrak,Y,literature/scopus-2026-09/pdf/stein2016image.pdf,Y,M4,V,N,"mangga 522 pohon, 71.609 buah; korespondensi berpasangan dari data navigasi + triangulasi; LiDAR memisahkan pohon; galat 1,36% per pohon tanpa kalibrasi; satu dan dua pandang memerlukan kalibrasi",M4,,V,,N,,,,teks lengkap,,Gbr. 9 (h. 13); Tabel 1 (h. 6),"only the proposed multi-view approach can do so without calibration, with an error rate of only 1.36% for individual trees",,pohon;panen,,hitung,,,,tidak,,"DRAF MODEL dari teks/<key>.txt + pdftotext, belum diverifikasi manusia. 18 pohon dihitung di pohon dan saat panen (Tabel 1); validasi utama memakai hitungan panen.",,
5,1,tab:acq,1,felippomes2026video,2026,Video-based fruit detection and tracking: effects of scanning conditions on fruit load estimation,10.1016/j.compag.2026.112330,abstrak,N,,N,M3+M4,V,N,"420 pohon apel, dua kamera RGB-D, tiga jarak; MAPE 6,91%, R2 0,733 (ZED 2, 225 cm); pemindaian dua sisi memperbaiki estimasi per segmen",,,,,,,,,abstrak,,,,,,,,,,,,,Tanpa teks lengkap lokal: kode AI saat ini berdasar abstrak. Cari PDF (unduhan/PRIORITAS-UNDUH-MANUAL.md) lalu isi final_* dari teks lengkap.,,
6,1,tab:assoc,50,piazolo2026enhanced,2026,Enhanced grape tracking (using deep neural networks) with an extended matching algorithm for SORT and DeepSORT,10.1016/j.compag.2026.111529,abstrak,N,,N,M3,V,N,"anggur dari UAV; SORT+ menaikkan akurasi hitung 33% menjadi 96%, ID switch turun 62% tanpa data latih re-ID",,,,,,,,,abstrak,,,,,,,,,,,,,Tanpa teks lengkap lokal: kode AI saat ini berdasar abstrak. Cari PDF (unduhan/PRIORITAS-UNDUH-MANUAL.md) lalu isi final_* dari teks lengkap.,,
7,1,tab:assoc,22,xing2026lightweight,2026,A lightweight multi-view detection and counting method for real-time cherry tomato yield estimation using greenhouse inspection robots,10.1016/j.atech.2026.102260,abstrak,N,,N,M3,V,N,"tomat ceri, robot; kompensasi multipandang menurunkan galat hitung 95,6%; akurasi hitung 95,2%",,,,,,,,,abstrak,,,,,,,,,,,,,Tanpa teks lengkap lokal: kode AI saat ini berdasar abstrak. Cari PDF (unduhan/PRIORITAS-UNDUH-MANUAL.md) lalu isi final_* dari teks lengkap.,,
8,1,tab:assoc,197,hong2025fruitgaussian,2025,Fruitgaussian: 3D Gaussian Splatting for Automated Fruit Counting in Natural Orchard,10.23919/ccc64809.2025.11179457,abstrak,N,,N,M4,D,N,"kesemek; 3D Gaussian Splatting; akurasi hitung 96%, 16% di atas metode NeRF",,,,,,,,,abstrak,,,,,,,,,,,,,Tanpa teks lengkap lokal: kode AI saat ini berdasar abstrak. Cari PDF (unduhan/PRIORITAS-UNDUH-MANUAL.md) lalu isi final_* dari teks lengkap.,,
9,1,tab:assoc,231,lei2025spatio,2025,Spatio-Temporal Metric-Semantic Mapping for Persistent Orchard Monitoring: Method and Dataset,10.1109/lra.2025.3588037,abstrak,N,,N,M4+M2,T,N,"pemetaan 4D multisesi apel; LiDAR-RGB; asosiasi posisi, visual, topologi; akurasi hitung 96,9% (1.790 apel, 60 pohon); presisi asosiasi +23,7%",,,,,,,,,abstrak,,,,,,,,,,,,,Tanpa teks lengkap lokal: kode AI saat ini berdasar abstrak. Cari PDF (unduhan/PRIORITAS-UNDUH-MANUAL.md) lalu isi final_* dari teks lengkap.,,
10,1,tab:assoc,189,mollineda2025estimation,2025,Estimation of orange tree production by regression from video segments under uncontrolled conditions,10.1007/s00521-024-10772-4,abstrak,N,,N,M1,V,N,jeruk; regresi jumlah dari segmen video; banyak bingkai lebih baik secara statistik dari satu bingkai; set data publik,,,,,,,,,abstrak,,,,,,,,,,,,,Tanpa teks lengkap lokal: kode AI saat ini berdasar abstrak. Cari PDF (unduhan/PRIORITAS-UNDUH-MANUAL.md) lalu isi final_* dari teks lengkap.,,
11,1,tab:assoc,195,poncemachete2025optimizing,2025,Optimizing Fruit Yield Prediction: Evaluating Multiobject Tracking Algorithms for Calamansi Fruit Detection Using Yolov8m,10.1109/iccae64891.2025.10980575,abstrak,N,,N,M3+M2,V,N,"calamansi dari drone; ByteTrack terbaik (MOTA 59,67%, HOTA 65,42%, IDF1 73,72%) dibanding SORT dan DeepSORT",,,,,,,,,abstrak,,,,,,,,,,,,,Tanpa teks lengkap lokal: kode AI saat ini berdasar abstrak. Cari PDF (unduhan/PRIORITAS-UNDUH-MANUAL.md) lalu isi final_* dari teks lengkap.,,
12,1,tab:assoc,120,qi2025assessment,2025,Assessment of the tomato cluster yield estimation algorithms via tracking-by-detection approaches,10.1016/j.inpa.2025.02.005,abstrak,N,,N,M3+M2,V,N,"tomat tandan; banding SORT, DeepSORT, ByteTrack, BoT-SORT dan laju bingkai; set data MOT publik 165.172 instans",,,,,,,,,abstrak,,,,,,,,,,,,,Tanpa teks lengkap lokal: kode AI saat ini berdasar abstrak. Cari PDF (unduhan/PRIORITAS-UNDUH-MANUAL.md) lalu isi final_* dari teks lengkap.,,
13,1,tab:assoc,203,wei2025multi,2025,Multi-Object Tracking for Apple Counting in Orchards Using Stereo Vision,10.1109/metroagrifor66923.2025.11512512,abstrak,N,,N,M3+M4,V,N,"apel, stereo + GPS + odometri visual; OC-SORT terbaik (HOTA 0,59); RMSE 6,24%, R2 0,96",,,,,,,,,abstrak,,,,,,,,,,,,,Tanpa teks lengkap lokal: kode AI saat ini berdasar abstrak. Cari PDF (unduhan/PRIORITAS-UNDUH-MANUAL.md) lalu isi final_* dari teks lengkap.,,
14,1,tab:assoc,449,genemola2023video,2023,Video-Based Fruit Detection and Tracking for Apple Counting and Mapping,10.1109/metroagrifor58484.2023.10424135,abstrak,N,,N,M3+M2,V,N,"apel; ByteTrack (HOTA 0,689) vs SORT dan DeepSORT; DeepSORT 128 ms per citra; MAPE 7,47% seminggu sebelum panen",,,,,,,,,abstrak,,,,,,,,,,,,,Tanpa teks lengkap lokal: kode AI saat ini berdasar abstrak. Cari PDF (unduhan/PRIORITAS-UNDUH-MANUAL.md) lalu isi final_* dari teks lengkap.,,
15,1,tab:acq,471,qureshi2023seeing,2023,Seeing the Fruit for the Leaves: Robotically Mapping Apple Fruitlets in a Commercial Orchard,10.1109/iros55552.2023.10341502,abstrak,N,,N,M4,D,N,"buah kecil apel, robot mengangkangi kanopi; pindaian dua sisi 81,17% vs satu sisi 73,7%; galat ukuran 5,9% RMSE",,,,,,,,,abstrak,,,,,,,,,,,,,Tanpa teks lengkap lokal: kode AI saat ini berdasar abstrak. Cari PDF (unduhan/PRIORITAS-UNDUH-MANUAL.md) lalu isi final_* dari teks lengkap.,,
16,1,tab:acq,440,vijayakumar2023tree,2023,Tree-level citrus yield prediction utilizing ground and aerial machine vision and machine learning,10.1016/j.atech.2022.100077,abstrak,N,,N,M1,D,N,"jeruk per pohon; citra UAV + hitung darat satu sisi atau dua sisi; MAPE 23,45% (satu sisi) vs 25,72% (dua sisi)",,,,,,,,,abstrak,,,,,,,,,,,,,Tanpa teks lengkap lokal: kode AI saat ini berdasar abstrak. Cari PDF (unduhan/PRIORITAS-UNDUH-MANUAL.md) lalu isi final_* dari teks lengkap.,,
17,1,tab:assoc,535,zhang2022deep,2022,Deep-learning-based in-field citrus fruit detection and tracking,10.1093/hr/uhac003,abstrak,N,,N,M3+M2,V,N,"jeruk; OrangeSort wilayah hitung + gerak; mAP OrangeYolo 0,957; MAE hitung 0,081 vs SORT 0,45 dan DeepSORT 1,212",,,,,,,,,abstrak,,,,,,,,,,,,,Tanpa teks lengkap lokal: kode AI saat ini berdasar abstrak. Cari PDF (unduhan/PRIORITAS-UNDUH-MANUAL.md) lalu isi final_* dari teks lengkap.,,
18,1,tab:assoc,672,genemola2020fruit,2020,"Fruit detection, yield prediction and canopy geometric characterization using LiDAR with forced air flow",10.1016/j.compag.2019.105121,abstrak,N,,N,M4,S,N,"apel; LiDAR multipandang dan aliran udara paksa masing-masing menambah 6,5% dan 6,7% buah terlokalisasi; RMSE hasil <6%",,,,,,,,,abstrak,,,,,,,,,,,,,Tanpa teks lengkap lokal: kode AI saat ini berdasar abstrak. Cari PDF (unduhan/PRIORITAS-UNDUH-MANUAL.md) lalu isi final_* dari teks lengkap.,,
19,1,tab:assoc,4032,genemola2020fruitb,2020,Fruit detection and 3D location using instance segmentation neural networks and structure-from-motion photogrammetry,10.1016/j.compag.2019.105165,abstrak,N,,N,M4,D,N,"apel 11 pohon, 1.455 buah; Mask R-CNN + SfM + SVM; F1 0,816 (2D) menjadi 0,881 (3D); SfM lambat",,,,,,,,,abstrak,,,,,,,,,,,,,Tanpa teks lengkap lokal: kode AI saat ini berdasar abstrak. Cari PDF (unduhan/PRIORITAS-UNDUH-MANUAL.md) lalu isi final_* dari teks lengkap.,,
20,1,tab:assoc,723,liu2018robust,2018,"Robust Fruit Counting: Combining Deep Learning, Tracking, and Structure from Motion",10.1109/iros.2018.8594239,abstrak,N,,N,M3+M4,V,N,"mangga dan jeruk; FCN + KLT/Kalman/Hungarian, lalu SfM untuk menolak jejak ganda dan pencilan; siang dan malam",,,,,,,,,abstrak,,,,,,,,,,,,,Tanpa teks lengkap lokal: kode AI saat ini berdasar abstrak. Cari PDF (unduhan/PRIORITAS-UNDUH-MANUAL.md) lalu isi final_* dari teks lengkap.,,
21,1,tab:acq,777,gongal2016apple,2016,Apple crop-load estimation with over-the-row machine vision system,10.1016/j.compag.2015.10.022,abstrak,N,,N,M4,D,N,"apel, terowongan over-the-row dua sisi; lokasi 3D untuk menghapus apel ganda; galat identifikasi duplikat 21,1%; akurasi 82% (dua sisi) vs 58% (satu sisi)",,,,,,,,,abstrak,,,,,,,,,,,,,Tanpa teks lengkap lokal: kode AI saat ini berdasar abstrak. Cari PDF (unduhan/PRIORITAS-UNDUH-MANUAL.md) lalu isi final_* dari teks lengkap.,,
22,2,judul saja,495,tureckova2022slicing,2022,Slicing aided large scale tomato fruit detection and counting in 360-degree video data from a greenhouse,10.1016/j.measurement.2022.111977,judul,Y,literature/scopus-2026-09/pdf/tureckova2022slicing.pdf,Y,M3,V,N,"tomat, video 360 derajat rumah kaca; deteksi berbantuan irisan (judul)",M0,,1,,N,,,,teks lengkap,,Tabel 3 (h. 15),Final results reach 83.09% F1 score value on a test set,,anotasi,,deteksi,,,,ya (lama: mekanisme=M3; akuisisi=V),,"DRAF MODEL dari teks/<key>.txt + pdftotext, belum diverifikasi manusia. Teks lengkap: satu citra lebar per baris tanaman dari video 360 derajat; prediksi potongan dijahit ulang, tanpa pelacakan. Kode judul M3/V tampaknya salah; periksa juga status C1 (Cek 2).",,
23,2,judul saja,91,blondet2026counting,2026,Counting Avocados in Orchard Videos Using a YOLO and BoT-SORT-Based Architecture,10.1007/978-3-032-20322-9_36,judul,N,,N,M3,V,N,"alpukat, BoT-SORT (judul)",,,,,,,,,judul,,,,,,,,,,,,,Tanpa teks lengkap lokal: kode AI saat ini berdasar judul. Cari PDF (unduhan/PRIORITAS-UNDUH-MANUAL.md) lalu isi final_* dari teks lengkap.,,
24,2,judul saja,64,feng2026greenhouse,2026,Greenhouse Tomato Fruit Inspection and Counting Method Based on Improved YOLO v8n ByteTrack,10.6041/j.issn.1000-1298.2026.05.011,judul,N,,N,M3,V,N,"tomat rumah kaca, ByteTrack (judul)",,,,,,,,,judul,,,,,,,,,,,,,Tanpa teks lengkap lokal: kode AI saat ini berdasar judul. Cari PDF (unduhan/PRIORITAS-UNDUH-MANUAL.md) lalu isi final_* dari teks lengkap.,,
25,2,judul saja,2901,hu2026calibration,2026,Calibration-enhanced multi-view RGB-D vision for robust recognition and 3D localization of strawberries under occlusions,10.1016/j.compag.2025.111221,judul,N,,N,M4,D,N,stroberi; RGB-D multipandang dengan kalibrasi untuk pengenalan dan lokalisasi 3D di bawah oklusi (judul),,,,,,,,,judul,,,,,,,,,,,,,Tanpa teks lengkap lokal: kode AI saat ini berdasar judul. Cari PDF (unduhan/PRIORITAS-UNDUH-MANUAL.md) lalu isi final_* dari teks lengkap.,,
26,2,judul saja,10,huang2026mfft,2026,MFFT: an improved method for stable ID tracking and counting of multi-class mango segmentation with multi-feature fusion in complex occlusion scenarios,10.1016/j.compag.2026.112149,judul,N,,N,M3,V,Y,mangga multikelas; pelacakan ID stabil dengan fusi fitur (judul),,,,,,,,,judul,,,,,,,,,,,,,Tanpa teks lengkap lokal: kode AI saat ini berdasar judul. Cari PDF (unduhan/PRIORITAS-UNDUH-MANUAL.md) lalu isi final_* dari teks lengkap.,,
27,2,judul saja,73,park2026incremental,2026,Incremental 3D Crop Model Association for Real-Time Counting in Dense Orchards,10.1109/lra.2026.3662648,judul,N,,N,M4,V,N,"asosiasi model tanaman 3D inkremental dengan GIoU 3D; kebun padat (judul, TLDR)",,,,,,,,,judul,,,,,,,,,,,,,Tanpa teks lengkap lokal: kode AI saat ini berdasar judul. Cari PDF (unduhan/PRIORITAS-UNDUH-MANUAL.md) lalu isi final_* dari teks lengkap.,,
28,2,judul saja,47,tu2026passion,2026,Passion Fruit Counting Method Based on Lightweight YOLO lln CLL and BoT SORT,10.6041/j.issn.1000-1298.2026.10.021,judul,N,,N,M3,V,N,"markisa, BoT-SORT (judul)",,,,,,,,,judul,,,,,,,,,,,,,Tanpa teks lengkap lokal: kode AI saat ini berdasar judul. Cari PDF (unduhan/PRIORITAS-UNDUH-MANUAL.md) lalu isi final_* dari teks lengkap.,,
29,2,judul saja,55,weng2026citrus,2026,Citrus tracking and counting using UAV remote sensing video imagery with improved YOLO11,10.11975/j.issn.1002-6819.202508166,judul,N,,N,M3,V,N,jeruk dari video UAV (judul),,,,,,,,,judul,,,,,,,,,,,,,Tanpa teks lengkap lokal: kode AI saat ini berdasar judul. Cari PDF (unduhan/PRIORITAS-UNDUH-MANUAL.md) lalu isi final_* dari teks lengkap.,,
30,2,judul saja,170,lyu2025counting,2025,Counting bagging grape using improved YOLOv9s and adaptive Kalman filter,10.11975/j.issn.1002-6819.202412026,judul,N,,N,M3,V,N,anggur berkantong; Kalman adaptif (judul),,,,,,,,,judul,,,,,,,,,,,,,Tanpa teks lengkap lokal: kode AI saat ini berdasar judul. Cari PDF (unduhan/PRIORITAS-UNDUH-MANUAL.md) lalu isi final_* dari teks lengkap.,,
31,2,judul saja,161,lyu2025real,2025,Real-time detecting and counting dual-association bagged grape clusters using EMO-YOLOv5s,10.11975/j.issn.1002-6819.202412150,judul,N,,N,M3,V,N,anggur berkantong; asosiasi ganda (judul),,,,,,,,,judul,,,,,,,,,,,,,Tanpa teks lengkap lokal: kode AI saat ini berdasar judul. Cari PDF (unduhan/PRIORITAS-UNDUH-MANUAL.md) lalu isi final_* dari teks lengkap.,,
32,2,judul saja,246,matos2025apple,2025,An Apple Counting System Robust to Multiple Intermittent Occlusions,10.1007/978-3-031-73497-7_15,judul,N,,N,M3,V,N,apel dengan oklusi berselang (judul),,,,,,,,,judul,,,,,,,,,,,,,Tanpa teks lengkap lokal: kode AI saat ini berdasar judul. Cari PDF (unduhan/PRIORITAS-UNDUH-MANUAL.md) lalu isi final_* dari teks lengkap.,,
33,2,judul saja,158,pichhika2025enhanced,2025,Enhanced YOLO-Based Mango Detection and Centroid Tracking for Precise Yield Estimation,10.1007/s10341-025-01385-9,judul,N,,N,M3,V,N,"mangga; pelacakan sentroid (judul, TLDR)",,,,,,,,,judul,,,,,,,,,,,,,Tanpa teks lengkap lokal: kode AI saat ini berdasar judul. Cari PDF (unduhan/PRIORITAS-UNDUH-MANUAL.md) lalu isi final_* dari teks lengkap.,,
34,2,judul saja,188,tu2025estimation,2025,Estimation of passion fruit yield based on YOLOv8n + OC-SORT + CRCM algorithm,10.1016/j.compag.2024.109727,judul,N,,N,M3,V,N,markisa; OC-SORT + metode hitung CRCM (judul),,,,,,,,,judul,,,,,,,,,,,,,Tanpa teks lengkap lokal: kode AI saat ini berdasar judul. Cari PDF (unduhan/PRIORITAS-UNDUH-MANUAL.md) lalu isi final_* dari teks lengkap.,,
35,2,judul saja,137,zhang2025row,2025,Row-based kiwifruit counting pipeline for smartphone-captured videos using fruit tracking and detection region adaptation guided by support-post,10.1016/j.compag.2025.110476,judul,N,,N,M3,V,N,kiwi dari video ponsel; wilayah deteksi dipandu tiang penyangga (judul),,,,,,,,,judul,,,,,,,,,,,,,Tanpa teks lengkap lokal: kode AI saat ini berdasar judul. Cari PDF (unduhan/PRIORITAS-UNDUH-MANUAL.md) lalu isi final_* dari teks lengkap.,,
36,2,judul saja,278,an2024stratracker,2024,StraTracker: A dynamic counting method for growing strawberries based on multi-target tracking,10.1016/j.compag.2024.109564,judul,N,,N,M3,V,N,stroberi tumbuh; pelacakan multi-target (judul),,,,,,,,,judul,,,,,,,,,,,,,Tanpa teks lengkap lokal: kode AI saat ini berdasar judul. Cari PDF (unduhan/PRIORITAS-UNDUH-MANUAL.md) lalu isi final_* dari teks lengkap.,,
37,2,judul saja,286,hernandez2024multi,2024,Multi-Object Tracking in Agricultural Applications using a Vision Transformer for Spatial Association,10.1016/j.compag.2024.109379,judul,N,,N,M3,V,N,pelacakan dengan vision transformer untuk asosiasi spasial (judul),,,,,,,,,judul,,,,,,,,,,,,,Tanpa teks lengkap lokal: kode AI saat ini berdasar judul. Cari PDF (unduhan/PRIORITAS-UNDUH-MANUAL.md) lalu isi final_* dari teks lengkap.,,
38,2,judul saja,336,qi2024improved,2024,An improved framework based on tracking-by-detection for simultaneous estimation of yield and maturity level in cherry tomatoes,10.1016/j.measurement.2024.114117,judul,N,,N,M3,V,Y,tomat ceri; hasil dan tingkat kematangan serentak berbasis pelacakan (judul),,,,,,,,,judul,,,,,,,,,,,,,Tanpa teks lengkap lokal: kode AI saat ini berdasar judul. Cari PDF (unduhan/PRIORITAS-UNDUH-MANUAL.md) lalu isi final_* dari teks lengkap.,,
39,2,judul saja,319,safre2024advanced,2024,Advanced methods for yield mapping in tart cherries: tank change tracking and YOLO-DeepSort fruit counting,10.17660/actahortic.2024.1395.38,judul,N,,N,M2+M3,V,N,ceri asam; YOLO-DeepSORT + pelacakan pergantian tangki (judul),,,,,,,,,judul,,,,,,,,,,,,,Tanpa teks lengkap lokal: kode AI saat ini berdasar judul. Cari PDF (unduhan/PRIORITAS-UNDUH-MANUAL.md) lalu isi final_* dari teks lengkap.,,
40,2,judul saja,295,santos2024multiple,2024,Multiple orange detection and tracking with 3-D fruit relocalization and neural-net based yield regression in commercial sweet orange orchards,10.1016/j.compag.2024.109199,judul,N,,N,M3+M4,V,N,jeruk manis; pelacakan + relokalisasi 3D + regresi hasil jaringan saraf (judul),,,,,,,,,judul,,,,,,,,,,,,,Tanpa teks lengkap lokal: kode AI saat ini berdasar judul. Cari PDF (unduhan/PRIORITAS-UNDUH-MANUAL.md) lalu isi final_* dari teks lengkap.,,
41,2,judul saja,1060,scalisi2024detecting,2024,"Detecting, mapping and digitising canopy geometry, fruit number and peel colour in pear trees with different architecture",10.1016/j.scienta.2023.112737,judul,N,,N,M4,V,Y,pir; platform komersial memetakan jumlah buah dan warna kulit per pohon (judul),,,,,,,,,judul,,,,,,,,,,,,,Tanpa teks lengkap lokal: kode AI saat ini berdasar judul. Cari PDF (unduhan/PRIORITAS-UNDUH-MANUAL.md) lalu isi final_* dari teks lengkap.,,
42,2,judul saja,312,tu2024passion,2024,A passion fruit counting method based on the lightweight YOLOv5s and improved DeepSORT,10.1007/s11119-024-10132-1,judul,N,,N,M2+M3,V,N,markisa; DeepSORT termodifikasi (judul),,,,,,,,,judul,,,,,,,,,,,,,Tanpa teks lengkap lokal: kode AI saat ini berdasar judul. Cari PDF (unduhan/PRIORITAS-UNDUH-MANUAL.md) lalu isi final_* dari teks lengkap.,,
43,2,judul saja,296,villacres2024assessing,2024,Assessing a multi-camera system to enhance fruit visibility for robotic harvesting in a V-trellised apple orchard,10.1016/j.compag.2024.109164,judul,N,,N,M0,D,N,apel V-trellis; sistem multikamera untuk visibilitas buah bagi robot panen (judul),,,,,,,,,judul,,,,,,,,,,,,,Tanpa teks lengkap lokal: kode AI saat ini berdasar judul. Cari PDF (unduhan/PRIORITAS-UNDUH-MANUAL.md) lalu isi final_* dari teks lengkap.,,
44,2,judul saja,325,wang2024camellia,2024,Camellia oleifera Fruit Static and Dynamic Detection Counting Based on Improved COF-YOLO v8n,10.6041/j.issn.1000-1298.2024.04.019,judul,N,,N,M3,V,N,camellia; hitung statis dan dinamis (judul),,,,,,,,,judul,,,,,,,,,,,,,Tanpa teks lengkap lokal: kode AI saat ini berdasar judul. Cari PDF (unduhan/PRIORITAS-UNDUH-MANUAL.md) lalu isi final_* dari teks lengkap.,,
45,2,judul saja,297,wang2024slam,2024,"SLAM-PYE: Tightly coupled GNSS-binocular-inertial fusion for pitaya positioning, counting, and yield estimation",10.1016/j.compag.2024.109177,judul,N,,N,M4,V,N,"pitaya; GNSS-stereo-inersia SLAM untuk posisi, hitung, hasil (judul)",,,,,,,,,judul,,,,,,,,,,,,,Tanpa teks lengkap lokal: kode AI saat ini berdasar judul. Cari PDF (unduhan/PRIORITAS-UNDUH-MANUAL.md) lalu isi final_* dari teks lengkap.,,
46,2,judul saja,381,xia2024kiwifruit,2024,Kiwifruit Counting Using Kiwidetector and Kiwitracker,10.1007/978-3-031-47724-9_41,judul,N,,N,M3,V,N,kiwi; Kiwitracker (judul),,,,,,,,,judul,,,,,,,,,,,,,Tanpa teks lengkap lokal: kode AI saat ini berdasar judul. Cari PDF (unduhan/PRIORITAS-UNDUH-MANUAL.md) lalu isi final_* dari teks lengkap.,,
47,2,judul saja,334,zheng2024robust,2024,A robust and efficient citrus counting approach for large-scale unstructured orchards,10.1016/j.agsy.2024.103867,judul,N,,N,M3,V,N,jeruk kebun tak terstruktur skala besar (judul),,,,,,,,,judul,,,,,,,,,,,,,Tanpa teks lengkap lokal: kode AI saat ini berdasar judul. Cari PDF (unduhan/PRIORITAS-UNDUH-MANUAL.md) lalu isi final_* dari teks lengkap.,,
48,2,judul saja,462,guo2023real,2023,Real-time Production Prediction of Kiwifruit in Orchard Based on Video Tracking Algorithm,10.6041/j.issn.1000-1298.2023.06.018,judul,N,,N,M3,V,N,kiwi; prediksi produksi berbasis pelacakan video (judul),,,,,,,,,judul,,,,,,,,,,,,,Tanpa teks lengkap lokal: kode AI saat ini berdasar judul. Cari PDF (unduhan/PRIORITAS-UNDUH-MANUAL.md) lalu isi final_* dari teks lengkap.,,
49,2,judul saja,422,lyu2023method,2023,Method for estimation of bagged grape yield using a self-correcting NMS-ByteTrack,10.11975/j.issn.1002-6819.202304116,judul,N,,N,M3,V,N,anggur berkantong; NMS-ByteTrack koreksi diri (judul),,,,,,,,,judul,,,,,,,,,,,,,Tanpa teks lengkap lokal: kode AI saat ini berdasar judul. Cari PDF (unduhan/PRIORITAS-UNDUH-MANUAL.md) lalu isi final_* dari teks lengkap.,,
50,2,judul saja,469,parico2023real,2023,Real-Time Pear Fruit Detection and Counting Using YOLOv4 Models and Deep SORT,10.1007/978-981-19-8113-5_11,judul,N,,N,M2+M3,V,N,pir; YOLOv4 + DeepSORT (judul; versi prosiding dari 592),,,,,,,,,judul,,,,,,,,,,,,,Tanpa teks lengkap lokal: kode AI saat ini berdasar judul. Cari PDF (unduhan/PRIORITAS-UNDUH-MANUAL.md) lalu isi final_* dari teks lengkap.,,
51,2,judul saja,433,shen2023real,2023,Real-time tracking and counting of grape clusters in the field based on channel pruning with YOLOv5s,10.1016/j.compag.2023.107662,judul,N,,N,M3,V,N,anggur; YOLOv5s dipangkas + pelacakan (judul),,,,,,,,,judul,,,,,,,,,,,,,Tanpa teks lengkap lokal: kode AI saat ini berdasar judul. Cari PDF (unduhan/PRIORITAS-UNDUH-MANUAL.md) lalu isi final_* dari teks lengkap.,,
52,2,judul saja,464,villacres2023apple,2023,Apple orchard production estimation using deep learning strategies: A comparison of tracking-by-detection algorithms,10.1016/j.compag.2022.107513,judul,N,,N,M3,V,N,apel; perbandingan algoritme pelacakan-dengan-deteksi (judul),,,,,,,,,judul,,,,,,,,,,,,,Tanpa teks lengkap lokal: kode AI saat ini berdasar judul. Cari PDF (unduhan/PRIORITAS-UNDUH-MANUAL.md) lalu isi final_* dari teks lengkap.,,
53,2,judul saja,555,dai2022tracking,2022,Tracking and Counting Method for Tomato Fruits Scouting Robot in Greenhouse,10.1007/978-3-031-13844-7_6,judul,N,,N,M3,V,N,"tomat, robot pengintai rumah kaca (judul)",,,,,,,,,judul,,,,,,,,,,,,,Tanpa teks lengkap lokal: kode AI saat ini berdasar judul. Cari PDF (unduhan/PRIORITAS-UNDUH-MANUAL.md) lalu isi final_* dari teks lengkap.,,
54,2,judul saja,522,gao2022novel,2022,A novel apple fruit detection and counting methodology based on deep learning and trunk tracking in modern orchard,10.1016/j.compag.2022.107000,judul,N,,N,M3,V,N,apel; pelacakan batang pohon sebagai acuan gerak (judul),,,,,,,,,judul,,,,,,,,,,,,,Tanpa teks lengkap lokal: kode AI saat ini berdasar judul. Cari PDF (unduhan/PRIORITAS-UNDUH-MANUAL.md) lalu isi final_* dari teks lengkap.,,
55,2,judul saja,509,he2022cascade,2022,Cascade-SORT: A robust fruit counting approach using multiple features cascade matching,10.1016/j.compag.2022.107223,judul,N,,N,M3,V,N,Cascade-SORT; pencocokan kaskade banyak fitur (judul),,,,,,,,,judul,,,,,,,,,,,,,Tanpa teks lengkap lokal: kode AI saat ini berdasar judul. Cari PDF (unduhan/PRIORITAS-UNDUH-MANUAL.md) lalu isi final_* dari teks lengkap.,,
56,2,judul saja,3641,vulpi2022rgb,2022,An RGB-D multi-view perspective for autonomous agricultural robots,10.1016/j.compag.2022.107419,judul,N,,N,M4,D,N,robot pertanian; perspektif multipandang RGB-D (judul),,,,,,,,,judul,,,,,,,,,,,,,Tanpa teks lengkap lokal: kode AI saat ini berdasar judul. Cari PDF (unduhan/PRIORITAS-UNDUH-MANUAL.md) lalu isi final_* dari teks lengkap.,,
57,2,judul saja,525,zhu2022identification,2022,Identification and Counting Method of Potted Kumquat Fruits Based on Point Cloud Registration,10.6041/j.issn.1000-1298.2022.05.021,judul,N,,N,M4,D,N,kumquat pot; registrasi awan titik (judul),,,,,,,,,judul,,,,,,,,,,,,,Tanpa teks lengkap lokal: kode AI saat ini berdasar judul. Cari PDF (unduhan/PRIORITAS-UNDUH-MANUAL.md) lalu isi final_* dari teks lengkap.,,
58,2,judul saja,572,gao2021apple,2021,Apple detection and counting using real-time video based on deep learning and object tracking,10.11975/j.issn.1002-6819.2021.21.025,judul,N,,N,M3,V,N,apel; video waktu nyata + pelacakan (judul),,,,,,,,,judul,,,,,,,,,,,,,Tanpa teks lengkap lokal: kode AI saat ini berdasar judul. Cari PDF (unduhan/PRIORITAS-UNDUH-MANUAL.md) lalu isi final_* dari teks lengkap.,,
59,2,judul saja,617,kirk2021robust,2021,Robust Counting of Soft Fruit Through Occlusions with Re-identification,10.1007/978-3-030-87156-7_17,judul,N,,N,M2,V,N,stroberi; re-identifikasi untuk menembus oklusi (judul),,,,,,,,,judul,,,,,,,,,,,,,Tanpa teks lengkap lokal: kode AI saat ini berdasar judul. Cari PDF (unduhan/PRIORITAS-UNDUH-MANUAL.md) lalu isi final_* dari teks lengkap.,,
60,2,judul saja,1215,scalisi2021reliability,2021,"Reliability of a commercial platform for estimating flower cluster and fruit number, yield, tree geometry and light interception in apple trees under different rootstocks and row orientations",10.1016/j.compag.2021.106519,judul,N,,N,M4,V,N,apel; keandalan platform komersial untuk jumlah bunga dan buah per pohon (judul),,,,,,,,,judul,,,,,,,,,,,,,Tanpa teks lengkap lokal: kode AI saat ini berdasar judul. Cari PDF (unduhan/PRIORITAS-UNDUH-MANUAL.md) lalu isi final_* dari teks lengkap.,,
61,2,judul saja,1361,roy2017vision,2017,Vision-Based Apple Counting and Yield Estimation,10.1007/978-3-319-50115-4_42,judul,N,,N,M4,D,N,"apel; hitung dan hasil berbasis visi (Roy dan Isler; judul, TLDR)",,,,,,,,,judul,,,,,,,,,,,,,Tanpa teks lengkap lokal: kode AI saat ini berdasar judul. Cari PDF (unduhan/PRIORITAS-UNDUH-MANUAL.md) lalu isi final_* dari teks lengkap.,,
62,2,judul saja,818,gongal2014identification,2014,Identification of repetitive apples for improved crop-load estimation with dual-side imaging,,judul,N,,N,M4,D,N,apel; identifikasi apel berulang pada citra dua sisi (judul; pendahulu 777),,,,,,,,,judul,,,,,,,,,,,,,Tanpa teks lengkap lokal: kode AI saat ini berdasar judul. Cari PDF (unduhan/PRIORITAS-UNDUH-MANUAL.md) lalu isi final_* dari teks lengkap.,,
63,2,judul saja,1419,qian2013yield,2013,Yield estimation model of single tree of Fuji apples based on bilateral image identification,10.3969/j.issn.1002-6819.2013.11.017,judul,N,,N,M1,D,N,apel Fuji; model hasil pohon tunggal dari identifikasi citra dua sisi (judul),,,,,,,,,judul,,,,,,,,,,,,,Tanpa teks lengkap lokal: kode AI saat ini berdasar judul. Cari PDF (unduhan/PRIORITAS-UNDUH-MANUAL.md) lalu isi final_* dari teks lengkap.,,
64,3,,52,bharti2026geo,2026,Geo-Referenced Factor-Graph SLAM for Orchard-Scale 3D Apple Reconstruction and Yield Estimation,10.3390/agriculture16070764,abstrak,Y,literature/scopus-2026-09/pdf/bharti2026geo.pdf,Y,M3+M4,V,N,apel; CoTracker3 + GNSS-VIO + graf faktor; peta massa terreferensi,M3+M4,,V,,N,,,,teks lengkap,,Tabel 1 (h. 12); hasil hitung h. 22; Tabel 3 (h. 25),corresponding to an absolute error of 246 apples and an aggregate undercount of 2.46%,,panen;anotasi,,identitas;hitung,,,,tidak,,"DRAF MODEL dari teks/<key>.txt + pdftotext, belum diverifikasi manusia. Hitung total vs panen seluruh blok (9.739 vs 9.985); pelacakan dinilai HOTA/IDF1 (TrackEval) pada data beranotasi.",,
65,3,,57,chen2026research,2026,Research on Lightweight Apple Detection and 3D Accurate Yield Estimation for Complex Orchard Environments,10.3390/horticulturae12030393,abstrak,Y,literature/scopus-2026-09/pdf/chen2026research.pdf,Y,M0,1,N,apel; volume dari awan titik kamera depth per citra; bukan asosiasi lintas pandang,M0,,1,,N,,,,teks lengkap,,Tabel 4 (h. 21); Tabel 5 (h. 22),the mean absolute percentage error (MAPE) of yield estimation can be controlled within 8%,,panen,,deteksi;hitung,,,,tidak,,"DRAF MODEL dari teks/<key>.txt + pdftotext, belum diverifikasi manusia. Acuan = massa tiap apel dipanen dan ditimbang, bukan jumlah; estimasi per citra tanpa asosiasi lintas pandang. Status C1 perlu dicek (Cek 2).",,
66,3,,37,fusaro2026horticultural,2026,Horticultural temporal fruit monitoring via 3D instance segmentation and re-identification using colored point clouds,10.1016/j.compag.2026.111723,abstrak,Y,literature/scopus-2026-09/pdf/fusaro2026horticultural.pdf,Y,M5,T,N,pindaian laser berwarna antarsesi; jaringan pencocokan berbasis atensi; stroberi dan apel,M5,,T,,N,,,,teks lengkap,,Tabel III (h. 12); Gbr. 7,our method consistently achieves the highest performance across all metrics,,anotasi,,identitas,,,,tidak,,"DRAF MODEL dari teks/<key>.txt + pdftotext, belum diverifikasi manusia. Re-identifikasi buah antarsesi pada awan titik berlabel; tidak ada hitungan terhadap pohon atau panen.",,
67,3,,53,lee2026lidarcamera,2026,LiDAR–Camera Fusion for 3D Fruit Counting and Density Mapping in Horizontal Trellis Orchards,10.20965/jrm.2026.p0449,abstrak,Y,literature/scopus-2026-09/pdf/lee2026lidarcamera.pdf,Y,M3+M4,V,N,"pir; fusi LiDAR-kamera + SLAM; akurasi hitung 96,2%; MAE densitas 0,64 buah/m2",M3+M4,,V,,N,,,,teks lengkap,,hasil hitung h. 9; Gbr. 11 (h. 10),a relative counting error of 3.8% and an overall counting accuracy of 96.2%,,anotasi,,hitung,,,,tidak,,"DRAF MODEL dari teks/<key>.txt + pdftotext, belum diverifikasi manusia. GT = 1.891 buah dari anotasi manual seluruh petak uji; periksa apakah anotasi di citra/awan titik atau hitung di pohon.",,
68,3,,51,lin2026tomato,2026,Tomato Maturity Classification and Fruit Counting Based on RGB and Multispectral Images †,10.3390/app16073227,abstrak,Y,literature/scopus-2026-09/pdf/lin2026tomato.pdf,Y,M3,V,Y,"tomat rumah kaca, RGB + multispektral; akurasi kematangan 81%",M2+M3,,V,,Y,,,,teks lengkap,,Tabel 6 (h. 15); Tabel 5 (h. 14),the class receiving the highest number of votes was selected as the final maturity label for each tomato,,anotasi,,deteksi;hitung,,voting antarpandang,,ya (lama: mekanisme=M3),,"DRAF MODEL dari teks/<key>.txt + pdftotext, belum diverifikasi manusia. StrongSORT (gerak + penampilan) -> usul M2+M3 agar konsisten dengan kode DeepSORT lain. Label kelas per tomat dari voting antarbingkai (h. 11).",,
69,3,,79,wang2026uav,2026,UAV-based monocular 3D panoptic mapping for fruit shape completion in orchard,10.1016/j.isprsjprs.2025.11.013,abstrak,Y,literature/scopus-2026-09/pdf/wang2026uav.pdf,Y,M3+M4,V,N,apel dari UAV monokular; Grounded-SAM2 MOTS + SfM + DeepSDF; galat bentuk tingkat milimeter,M3+M4,,V,,N,,,,teks lengkap,,Gbr. 9 (h. 11); Tabel 2 (h. 8),the total RMSE of the 120 apples between predicted apple diameters and ground truth measurements was 1.85 cm,,tidak ada,,identitas,,,,tidak,,"DRAF MODEL dari teks/<key>.txt + pdftotext, belum diverifikasi manusia. Hasil utama ukuran (diameter), bukan jumlah; pelacakan dinilai MOTSA/sMOTSA. Tidak ada acuan hitung.",,
70,3,,108,zhu2026research,2026,Research on Greenhouse Eggplant Fruit Detection and Tracking-Based Counting Using an Improved YOLOv5s-DeepSORT,10.3390/agriculture16020253,abstrak,Y,literature/scopus-2026-09/pdf/zhu2026research.pdf,Y,M2+M3,V,N,terung; DeepSORT + zona hitung untuk menekan hitung ganda,M2+M3,,V,,N,,,,teks lengkap,,Tabel 4 (h. 17),which are the closest to the ground truth values among all methods,,anotasi,,hitung;deteksi,,,,tidak,,"DRAF MODEL dari teks/<key>.txt + pdftotext, belum diverifikasi manusia. Acuan 'manual counting' per video (Tabel 4); tidak jelas dihitung di tanaman atau di video - periksa.",,
71,3,,183,cao2025research,2025,Research on Apple Detection and Tracking Count in Complex Scenes Based on the Improved YOLOv7-Tiny-PDE,10.3390/agriculture15050483,abstrak,Y,literature/scopus-2026-09/pdf/cao2025research.pdf,Y,M2+M3,V,N,apel dari drone; DeepSORT,M2+M3,,V,,N,,,,teks lengkap,,Tabel 7 dan 8 (h. 22); Tabel 2 (h. 16),"the mAP and F1 scores rose by 4% and 1.7%, respectively; and the MOTA value improved by 2%",,anotasi,,identitas;hitung;deteksi,,,,tidak,,"DRAF MODEL dari teks/<key>.txt + pdftotext, belum diverifikasi manusia. Acuan hitung = hitungan manual dari anotasi urutan video (h. 21); MAE per video di Tabel 8.",,
72,3,,116,hassan2025orange,2025,Orange yield estimation using object tracking and 3D reconstruction,10.1016/j.atech.2025.101088,abstrak,Y,literature/scopus-2026-09/pdf/hassan2025orange.pdf,Y,M3+M4,V,Y,"jeruk kamera genggam; ByteTrack + proyeksi 3D + klaster; akurasi kematangan 97,8% (2 kelas)",M3+M4,,V,,N,,,,teks lengkap,,Tabel 4 dan 5 (h. 9),The proposed solution can detect 84.6% oranges in Video 1,,anotasi,,deteksi;hitung,,-,,ya (lama: per_kelas=Y),,"DRAF MODEL dari teks/<key>.txt + pdftotext, belum diverifikasi manusia. Kematangan diklasifikasi per objek saat pelacakan (MobileVit, h. 5-6), tetapi Tabel 4-5 hanya jumlah total -> usul per_kelas N (bila Y, cara_kelas = saat pelacakan). Asal 'Original Count' tidak dinyatakan jelas.",,
73,3,,209,hobart2025fruit,2025,Fruit Detection and Yield Mass Estimation from a UAV Based RGB Dense Cloud for an Apple Orchard,10.3390/drones9010060,abstrak,Y,literature/scopus-2026-09/pdf/hobart2025fruit.pdf,Y,M4,S,N,"apel; awan titik fotogrametri UAV; R2 0,40–0,53 terhadap massa per blok",M4,,S,,N,,,,teks lengkap,,Gbr. 11-13 (h. 12); Gbr. 4 (h. 8),reference yield values for 2020 were higher and ranged from 35 kg to 125 kg per block,,panen,,hitung,,,,tidak,,"DRAF MODEL dari teks/<key>.txt + pdftotext, belum diverifikasi manusia. Acuan massa panen per blok (kg), bukan jumlah buah.",,
74,3,,119,mendez2025capsicum,2025,Capsicum Counting Algorithm Using Infrared Imaging and YOLO11,10.3390/agriculture15242574,abstrak,Y,literature/scopus-2026-09/pdf/mendez2025capsicum.pdf,Y,M3,V,N,"paprika inframerah; BoT-SORT; MOTA 0,85; 67 dari 70 buah terhitung",M3,,V,,N,,,,teks lengkap,,Tabel 6 (h. 14),"the tracker obtained a multiple object tracking accuracy (MOTA) of 0.85, correctly counting 67 of 70 capsicums",,pohon,,identitas;hitung;deteksi,,,,tidak,,"DRAF MODEL dari teks/<key>.txt + pdftotext, belum diverifikasi manusia. Acuan 'actual number of capsicums present in the lane' (70); periksa apakah dihitung di tanaman atau dari video (bisa 'anotasi').",,
75,3,,142,ogundele2025real,2025,Real-Time Strawberry Ripeness Classification and Counting: An Optimized YOLOv8s Framework with Class-Aware Multi-Object Tracking,10.3390/agriculture15181906,abstrak,Y,literature/scopus-2026-09/pdf/ogundele2025real.pdf,Y,M3,V,Y,"stroberi; ByteTrack sadar kelas; R2 0,914, MAPE 9,52%; R2 0,950 untuk kelas matang",M3,,V,,Y,,,,teks lengkap,,Tabel 10 dan Gbr. 15 (h. 22),a strong correlation with ground-truth counts (R2 = 0.914) and a low mean absolute percentage error (MAPE) of 9.52%,,pohon,,hitung;deteksi,,saat pelacakan,,tidak,,"DRAF MODEL dari teks/<key>.txt + pdftotext, belum diverifikasi manusia. GT: dua operator menghitung manual semua stroberi per tingkat kematangan di setiap baris (h. 7). Kelas ditangani di dalam pelacak (Kalman ByteTrack dimodifikasi, h. 4); hitung dengan garis/ROI virtual.",,
76,3,,152,wang2025tomato,2025,Tomato Yield Estimation Using an Improved Lightweight YOLO11n Network and an Optimized Region Tracking-Counting Method,10.3390/agriculture15131353,abstrak,Y,literature/scopus-2026-09/pdf/wang2025tomato.pdf,Y,M3,V,Y,tomat per tahap kematangan; wilayah hitung dioptimasi PSO,M3,,V,,Y,,,,teks lengkap,,Tabel 5 (h. 17); Tabel 3-4 (h. 15-16),the proposed region tracking-counting method achieved a mean counting error (MCE) of 6.6%,,anotasi,,hitung;deteksi,,tidak dinyatakan,,tidak,,"DRAF MODEL dari teks/<key>.txt + pdftotext, belum diverifikasi manusia. Acuan 'actual number of tomatoes in the i-th video' / manual counts; tidak jelas di tanaman atau di video. Cara kelas melekat pada lintasan tidak ditemukan dengan pencarian kata kunci - baca bagian metode.",,
77,3,,240,wu2025maturity,2025,Maturity detection and counting of blueberries in real orchards using a 1novel STF-YOLO model integrated with ByteTrack algorithm,10.3389/fpls.2025.1682024,abstrak,Y,literature/scopus-2026-09/pdf/wu2025maturity.pdf,Y,M3,V,Y,"blueberry tiga kelas kematangan; ByteTrack; akurasi hitung rata-rata 72,49%",M3,,V,,Y,,,,teks lengkap,,Tabel 4 (h. 16); Gbr. 12 (h. 15),"it attained an average counting accuracy of 72.49% across blue, purple, and green maturity classes in video sequences",,pohon,,hitung;deteksi,,tidak dinyatakan,,tidak,,"DRAF MODEL dari teks/<key>.txt + pdftotext, belum diverifikasi manusia. GT: hitung manual per tahap tumbuh saat pengambilan video (h. 11). Kelas tampaknya dari detektor per bingkai; aturan penetapan kelas per lintasan tidak ditemukan.",,
78,3,,175,yan2025research,2025,Research on an Apple Recognition and Yield Estimation Model Based on the Fusion of Improved YOLOv11 and DeepSORT,10.3390/agriculture15070765,abstrak,Y,literature/scopus-2026-09/pdf/yan2025research.pdf,Y,M2+M3,V,N,"apel; DeepSORT + garis wilayah; akurasi estimasi hasil 84,45%",M2+M3,,V,,N,,,,teks lengkap,,Gbr. 18-19 (h. 20-21),with the model achieving a fitting coefficient of 0.96556,,pohon;panen,,hitung;deteksi;identitas,,,,tidak,,"DRAF MODEL dari teks/<key>.txt + pdftotext, belum diverifikasi manusia. 10 pohon dihitung manual; 200 apel dipanen dan ditimbang untuk massa (h. 3). IDF1 dilaporkan untuk pemilihan pelacak (h. 16).",,
79,3,,153,zhai2025dynamic,2025,A Dynamic Kalman Filtering Method for Multi-Object Fruit Tracking and Counting in Complex Orchards,10.3390/s25134138,abstrak,Y,literature/scopus-2026-09/pdf/zhai2025dynamic.pdf,Y,M2+M3,V,N,Kalman dinamis + IoU + fitur re-ID,M2+M3,,V,,N,,,,teks lengkap,,Tabel 2 dan 3 (h. 15-16); Gbr. 8 (h. 17),the proposed method performs robust and continuous tracking (MOTA of 95.0% and HOTA of 82.4%),,anotasi,,identitas;hitung;deteksi,,,,tidak,,"DRAF MODEL dari teks/<key>.txt + pdftotext, belum diverifikasi manusia. Acuan = hitungan manual pada video uji per bingkai waktu (h. 13).",,
80,3,,167,zheng2025robust,2025,A Robust Tomato Counting Framework for Greenhouse Inspection Robots Using YOLOv8 and Inter-Frame Prediction,10.3390/agronomy15051135,abstrak,Y,literature/scopus-2026-09/pdf/zheng2025robust.pdf,Y,M3+M4,V,Y,"tomat rumah kaca, robot; penyaringan depth + prediksi antarbingkai + odometri; MOTA 0,954, lebih baik dari YOLOv8+DeepSORT",M3+M4,,V,,Y,,,,teks lengkap,,Tabel 4-6 (h. 14-16); Tabel 2 (h. 10),The multi-target tracking algorithm demonstrates a MOTA (Multiple Object Tracking Accuracy) of 0.954,,pohon,,identitas;hitung,,tidak dinyatakan,,tidak,,"DRAF MODEL dari teks/<key>.txt + pdftotext, belum diverifikasi manusia. GT per baris (tandan, buah matang, buah mentah) dihitung manual di rumah kaca (Tabel 2). Akurasi per kematangan di Tabel 6 (79-80%); aturan kelas per lintasan tidak ditemukan.",,
81,3,,168,zhou2025yield,2025,Yield Estimation in Banana Orchards Based on DeepSORT and RGB-Depth Images,10.3390/agronomy15051119,abstrak,Y,literature/scopus-2026-09/pdf/zhou2025yield.pdf,Y,M2+M3,V,N,"pisang, RGB-D; DeepSORT dengan tiga kendala; keberhasilan hitung tandan 96,82%",M2+M3,,V,,N,,,,teks lengkap,,Tabel 1 (h. 11); Gbr. 8 (h. 11),the average accuracy of each row gradually increased to 96.82%,,pohon;panen,,hitung,,,,tidak,,"DRAF MODEL dari teks/<key>.txt + pdftotext, belum diverifikasi manusia. Dibandingkan dengan jumlah tandan aktual (61) dan bobot aktual per baris; asal jumlah aktual (hitung di lapangan) perlu dipastikan.",,
82,3,,311,arizasentis2024grapemots,2024,GrapeMOTS: UAV vineyard dataset with MOTS grape bunch annotations recorded from multiple perspectives for enhanced object detection and tracking,10.1016/j.dib.2024.110432,abstrak,Y,literature/scopus-2026-09/pdf/arizasentis2024grapemots.pdf,Y,DATA,V,N,GrapeMOTS: video UAV multi-perspektif dengan anotasi MOTS tandan anggur,DATA,,V,,N,,,,teks lengkap,,Tabel 1 (h. 5),"Description of the videos and annotations provided, along with the number of annotated frames",,anotasi,,tidak ada,,,,tidak,,"DRAF MODEL dari teks/<key>.txt + pdftotext, belum diverifikasi manusia. Artikel data (Data in Brief): anotasi MOTS video UAV multi-perspektif; tidak ada hasil hitung.",,
83,3,,371,du2024green,2024,Green pepper fruits counting based on improved DeepSort and optimized Yolov5s,10.3389/fpls.2024.1417682,abstrak,Y,literature/scopus-2026-09/pdf/du2024green.pdf,Y,M2+M3,V,N,"cabai hijau; DeepSORT dioptimasi; ID switch turun 29,41%",M2+M3,,V,,N,,,,teks lengkap,,Tabel 5-8 (h. 12-14),"ACP (Average Counting Precision), MAE (Mean Absolute Error), and RMSE (Root Mean Squared Error) values of 95.33%, 3.33, and 3.74",,anotasi,,identitas;hitung;deteksi,,,,tidak,,"DRAF MODEL dari teks/<key>.txt + pdftotext, belum diverifikasi manusia. Acuan hitung per video tidak ditemukan dengan kata kunci (kemungkinan hitung manual di video) - periksa. MOTA/MOTP/ID switch di Tabel 5-6.",,
84,3,,338,feng2024approach,2024,Approach of Dynamic Tracking and Counting for Obscured Citrus in Smart Orchard Based on Machine Vision,10.3390/app14031136,abstrak,Y,literature/scopus-2026-09/pdf/feng2024approach.pdf,Y,M3,V,N,"jeruk terhalang; Kalman + Hungarian diperbaiki + garis hitung; akurasi hitung 81,02%",M2+M3,,V,,N,,,,teks lengkap,,Tabel 3 (h. 11); Gbr. 5 (h. 12),the average counting accuracy of the improved algorithm reached 81.02%,,anotasi,,identitas;hitung;deteksi,,,,ya (lama: mekanisme=M3),,"DRAF MODEL dari teks/<key>.txt + pdftotext, belum diverifikasi manusia. Teks: DeepSORT (fitur Re-ID) + filter umur dua tahap (h. 5) -> usul M2+M3 (lama M3). Acuan: 10 video dihitung manual bingkai demi bingkai (h. 7).",,
85,3,,3294,magalhaes2024monovisual3dfilter,2024,MonoVisual3DFilter: 3D tomatoes' localisation with monocular cameras using histogram filters,10.1017/s0263574724000936,abstrak,Y,literature/scopus-2026-09/pdf/magalhaes2024monovisual3dfilter.pdf,Y,M4,V,N,tomat; filter histogram Bayes untuk posisi 3D dari kamera monokular; MAE <20 mm di laboratorium,M4,,D,,N,,,,teks lengkap,,tabel galat h. 15; Gbr. 11-14 (h. 13-16),The algorithm reported a mean absolute error lower than 10 mm in simulation and 20 mm in the testbed,,tidak ada,,tidak ada,,,,ya (lama: akuisisi=V),,"DRAF MODEL dari teks/<key>.txt + pdftotext, belum diverifikasi manusia. Beberapa pose kamera diskret (Gbr. 7-8) -> usul D (lama V). Hasil = galat lokalisasi 3D, bukan jumlah; simulasi dan testbed laboratorium.",,
86,3,,367,muzaddid2024ntrack,2024,NTrack: A Multiple-Object Tracker and Dataset for Infield Cotton Boll Counting,10.1109/tase.2023.3342791,abstrak,Y,literature/scopus-2026-09/pdf/muzaddid2024ntrack.pdf,Y,M3,V,N,kapas; NTrack dengan aliran optik padat + filter partikel; set data video publik,M3,,V,,N,,,,teks lengkap,,Tabel II dan IV (h. 8),Table IV shows the performance of NTrack against,,anotasi,,identitas;hitung,,,,tidak,,"DRAF MODEL dari teks/<key>.txt + pdftotext, belum diverifikasi manusia. HOTA/IDF1/MOTA pada video TexCot22 beranotasi; MAPE hitung 4% (Tabel IV) - asal hitungan acuan perlu dipastikan.",,
87,3,,288,nenavath2024tree,2024,On-Tree Mango Fruit Count Using Live Video-Split Image Dataset to Predict Better Yield at Pre-Harvesting Stage,10.32985/ijeces.15.9.5,abstrak,Y,literature/scopus-2026-09/pdf/nenavath2024tree.pdf,Y,M0,D,N,"mangga; delapan sisi pohon; pemilihan bingkai representatif; akurasi hitung 97,7% pohon tunggal",M0,,D,,N,,,,teks lengkap,,Tabel 1 (h. 8); Gbr. 6 (h. 9),"One tree was selected, and 130 fruits were counted manually",,pohon,,hitung,,,,tidak,,"DRAF MODEL dari teks/<key>.txt + pdftotext, belum diverifikasi manusia. Jumlah 4 atau 8 sisi dijumlahkan tanpa asosiasi (8 sisi: 133-145 vs 130 manual).",,
88,3,,392,saraceni2024agrisort,2024,AgriSORT: A Simple Online Real-time Tracking-by-Detection framework for robotics in precision agriculture,10.1109/icra57147.2024.10610231,abstrak,Y,literature/scopus-2026-09/pdf/saraceni2024agrisort.pdf,Y,M3,V,N,"AgriSORT hanya gerak, tanpa penampilan; tolok ukur MOT anggur meja publik",M3,,V,,N,,,,teks lengkap,,tabel hasil pelacakan h. 5-6; Gbr. 5,"To compute the above metrics, we use TrackEval",,anotasi,,identitas,,,,tidak,,"DRAF MODEL dari teks/<key>.txt + pdftotext, belum diverifikasi manusia. Uji pelacakan (HOTA/MOTA/IDF1/IDsw) pada urutan anggur meja beranotasi CVAT; tidak ada hitungan terhadap tanaman.",,
89,3,,335,sekharamantry2024seamless,2024,"A Seamless Deep Learning Approach for Apple Detection, Depth Estimation, and Tracking Using YOLO Models Enhanced by Multi-Head Attention Mechanism",10.3390/computers13030083,abstrak,Y,literature/scopus-2026-09/pdf/sekharamantry2024seamless.pdf,Y,M3,V,N,"apel dari video drone; ByteTrack + estimasi depth; MAPE 0,027",M3,,V,,N,,,,teks lengkap,,Tabel 2 (h. 18); Tabel 1 (h. 15),a low MAPE of 0.027,,anotasi,,hitung;deteksi,,,,tidak,,"DRAF MODEL dari teks/<key>.txt + pdftotext, belum diverifikasi manusia. Acuan 'manually recorded result' pada tiga video; tidak jelas di pohon atau di video. MOTA didefinisikan (h. 13) tetapi hasil utama MAPE.",,
90,3,,331,viveros2024maturity,2024,Maturity Recognition and Fruit Counting for Sweet Peppers in Greenhouses Using Deep Learning Neural Networks,10.3390/agriculture14030331,abstrak,Y,literature/scopus-2026-09/pdf/viveros2024maturity.pdf,Y,M2+M3,V,Y,"paprika empat warna kematangan; DeepSORT; akurasi hitung 85,7% di lingkungan simulasi",M2+M3,,V,,Y,,,,teks lengkap,,Tabel 6 (h. 26); Tabel 4 (h. 21),demonstrating an accuracy level of 85.7% in two simulated environments,,anotasi,,identitas;hitung;deteksi,,tidak dinyatakan,,tidak,,"DRAF MODEL dari teks/<key>.txt + pdftotext, belum diverifikasi manusia. Uji hitung di 'lingkungan simulasi' (foto disusun menjadi video, h. 16), bukan lorong rumah kaca nyata; MOTA dihitung (Tabel 5-6). Cara kelas per lintasan tidak ditemukan.",,
91,3,,284,yang2024automatic,2024,Automatic Apple Detection and Counting with AD-YOLO and MR-SORT,10.3390/s24217012,abstrak,Y,literature/scopus-2026-09/pdf/yang2024automatic.pdf,Y,M2+M3,V,N,apel; MR-SORT (BoT-SORT + SURF/VLAD rematching),M2+M3,,V,,N,,,,teks lengkap,,Tabel 10-11 (h. 17-18); Gbr. 12 (h. 17),"The multiple-object tracking accuracy of the improved algorithm reached 85.6%, and the average counting error was reduced to 0.07",,anotasi,,identitas;hitung;deteksi,,,,tidak,,"DRAF MODEL dari teks/<key>.txt + pdftotext, belum diverifikasi manusia. GT per video uji (Tabel 1); asal hitungan acuan (anotasi video) perlu dipastikan.",,
92,3,,314,yuan2024simultaneous,2024,Simultaneous Localization and Mapping System for Agricultural Yield Estimation Based on Improved VINS-RGBD: A Case Study of a Strawberry Field,10.3390/agriculture14050784,abstrak,Y,literature/scopus-2026-09/pdf/yuan2024simultaneous.pdf,Y,M4,V,N,"stroberi; VINS-RGBD semantik + pencocokan L_SuperPoint + Voxblox; galat relatif hasil 10,87%",M4,,V,,N,,,,teks lengkap,,Tabel 5 (h. 14),the mean relative error across several tests is recorded at 10.87%,,pohon,,hitung,,,,tidak,,"DRAF MODEL dari teks/<key>.txt + pdftotext, belum diverifikasi manusia. Acuan 'actual number of fruits' tanpa keterangan cara menghitung - periksa (pohon atau anotasi).",,
93,3,,431,abeyrathna2023recognition,2023,Recognition and Counting of Apples in a Dynamic State Using a 3D Camera and Deep Learning Algorithms for Robotic Harvesting Systems,10.3390/s23083810,abstrak,Y,literature/scopus-2026-09/pdf/abeyrathna2023recognition.pdf,Y,M2+M3+M4,V,N,apel pada pohon buatan; DeepSORT pada tiga kecepatan dan tiga sudut; koordinat 3D dari RGB-D,M2+M3+M4,,V,,N,,,,teks lengkap,,Gbr. 19-20 (h. 15-16); Tabel 1 (h. 15),achieving a counting accuracy of 86.6%,,pohon,,hitung;deteksi,,,,tidak,,"DRAF MODEL dari teks/<key>.txt + pdftotext, belum diverifikasi manusia. Pohon buatan dengan jumlah apel diketahui (30 apel); juga RMSE lokalisasi 3D.",,
94,3,,445,arizasentis2023dataset,2023,Dataset on UAV RGB videos acquired over a vineyard including bunch labels for object detection and tracking,10.1016/j.dib.2022.108848,abstrak,Y,literature/scopus-2026-09/pdf/arizasentis2023dataset.pdf,Y,DATA,V,N,"40 video UAV kebun anggur 1,06 ha dengan label topeng tandan",DATA,,V,,N,,,,teks lengkap,,Tabel 1 (h. 4); Gbr. 3 (h. 5),Instance overlay. Each red mask is a grape,,anotasi,,tidak ada,,,,tidak,,"DRAF MODEL dari teks/<key>.txt + pdftotext, belum diverifikasi manusia. Artikel data (Data in Brief): video UAV dengan label topeng tandan; tidak ada hasil hitung.",,
95,3,,438,ciarfuglia2023weakly,2023,"Weakly and semi-supervised detection, segmentation and tracking of table grapes with limited and noisy data",10.1016/j.compag.2023.107624,abstrak,Y,literature/scopus-2026-09/pdf/ciarfuglia2023weakly.pdf,Y,M3+M4,V,N,anggur meja; label pelacakan dari SfM; pelatihan lemah dan semi-terawasi,M3+M4,,V,,N,,,,teks lengkap,,"Tabel 1-7 (h. 10-14), terutama MOTA h. 11",the SfM approach has higher MOTA than DeepSORT at most skip values,,anotasi,,identitas;deteksi,,,,tidak,,"DRAF MODEL dari teks/<key>.txt + pdftotext, belum diverifikasi manusia. Fokus pelabelan semu dan pelacakan; tidak ada hitungan terhadap tanaman atau panen.",,
96,3,,400,gremes2023system,2023,System of Counting Green Oranges Directly from Trees Using Artificial Intelligence,10.3390/agriengineering5040111,abstrak,Y,literature/scopus-2026-09/pdf/gremes2023system.pdf,Y,M3,V,N,jeruk hijau; YOLOv4 + pelacak; 204 buah terhitung mendekati jumlah terlihat,M3,,V,,N,,,,teks lengkap,,Tabel 3 (h. 12); Tabel 2 (h. 12),"the counting algorithm successfully identified and counted 204 oranges, closely approaching the actual count of 208",,anotasi,,hitung;deteksi,,,,tidak,,"DRAF MODEL dari teks/<key>.txt + pdftotext, belum diverifikasi manusia. Acuan = jumlah jeruk yang terlihat di video (208), bukan jumlah di pohon.",,
97,3,,424,hu2023fruit,2023,Fruit Detection and Counting in Apple Orchards Based on Improved Yolov7 and Multi-Object Tracking Methods,10.3390/s23135903,abstrak,Y,literature/scopus-2026-09/pdf/hu2023fruit.pdf,Y,M3,V,N,apel; SORT dan Cascade-SORT menurunkan MAE hitung antarbingkai,M2+M3,,V,,N,,,,teks lengkap,,Tabel 3 (h. 12); Tabel 2 (h. 11),three multi-object tracking methods demonstrated a significant improvement in MAE for inter-frame counting,,anotasi,,hitung;deteksi,,,,ya (lama: mekanisme=M3),,"DRAF MODEL dari teks/<key>.txt + pdftotext, belum diverifikasi manusia. Teks: pelacakan bertingkat dengan fitur penampilan SURF (h. 7-8) -> usul M2+M3 (lama M3). Acuan 'Manual Counting' per video (290 buah) - periksa asal.",,
98,3,,407,lawal2023simplified,2023,"A simplified network topology for fruit detection, counting and mobile-phone deployment",10.1371/journal.pone.0292600,abstrak,Y,literature/scopus-2026-09/pdf/lawal2023simplified.pdf,Y,M3,V,N,"stroberi, jujube, ceri; jaringan ringkas untuk deteksi, pelacakan, hitung",M3,,V,,N,,,,teks lengkap,,Tabel 4 (h. 10); Tabel 3 (h. 9),Summary of track and count with detection speed,,tidak ada,,deteksi,,,,tidak,,"DRAF MODEL dari teks/<key>.txt + pdftotext, belum diverifikasi manusia. Tabel 4 hanya jumlah hasil tiap jaringan tanpa acuan hitungan; metrik kuantitatif hanya deteksi (mAP).",,
99,3,,423,lin2023citrus,2023,Citrus Identification and Counting Algorithm Based on Improved YOLOv5s and DeepSort,10.3390/agronomy13071674,abstrak,Y,literature/scopus-2026-09/pdf/lin2023citrus.pdf,Y,M2+M3,V,N,"jeruk; DeepSORT; akurasi pelacakan 90,83%; sulit membedakan kematangan",M2+M3,,V,,N,,,,teks lengkap,,Tabel 3 (h. 12); Gbr. 9 (h. 11),the average multi-target tracking accuracy for citrus fruits combined with the DeepSort algorithm was 90.83%,,anotasi,,identitas;deteksi,,,,tidak,,"DRAF MODEL dari teks/<key>.txt + pdftotext, belum diverifikasi manusia. MOTA pada sepuluh video jeruk; acuan hitungan terhadap pohon tidak ditemukan.",,
100,3,,421,rapadorincon2023development,2023,Development and evaluation of automated localisation and reconstruction of all fruits on tomato plants in a greenhouse based on multi-view perception and 3D multi-object tracking,10.1016/j.biosystemseng.2023.06.003,abstrak,Y,literature/scopus-2026-09/pdf/rapadorincon2023development.pdf,Y,M4+M3,V,N,"tomat; persepsi multipandang + pelacakan multiobjek 3D; galat hitung maksimum 5,08%; akurasi pelacakan 71,47%",M4+M3,,V,,N,,,,teks lengkap,,Tabel 3 (h. 10),estimated with a maximum error of 5.08% and the tomatoes tracked with an accuracy up to 71.47%,,anotasi,,identitas;hitung,,,,tidak,,"DRAF MODEL dari teks/<key>.txt + pdftotext, belum diverifikasi manusia. GT = kotak dan ID pelacakan beranotasi pada bingkai (Gbr. 4); HOTA dan metrik pelacakan baru.",,
101,3,,521,ge2022tracking,2022,Tracking and Counting of Tomato at Different Growth Period Using an Improving YOLO-Deepsort Network for Inspection Robot,10.3390/machines10060489,abstrak,Y,literature/scopus-2026-09/pdf/ge2022tracking.pdf,Y,M2+M3,V,Y,tomat per fase tumbuh; DeepSORT + garis hitung virtual,M2+M3,,V,,N,,,,teks lengkap,,Tabel 4 (h. 16); Gbr. 16 (h. 19),We calculate the objects that hit the line by setting a virtual counting statistic line,,tidak ada,,deteksi,,-,,ya (lama: per_kelas=Y),,"DRAF MODEL dari teks/<key>.txt + pdftotext, belum diverifikasi manusia. Deteksi per fase tumbuh (Tabel 4) tetapi hitungan hanya diperagakan kualitatif (Gbr. 16), tanpa jumlah per kelas terhadap acuan -> usul per_kelas N (lama Y); bila tetap Y, cara_kelas = tidak dinyatakan.",,
102,3,,540,marangoz2022fruit,2022,Fruit Mapping with Shape Completion for Autonomous Crop Monitoring,10.1109/case49997.2022.9926466,abstrak,Y,literature/scopus-2026-09/pdf/marangoz2022fruit.pdf,Y,M4,V,N,paprika; peta TSDF dari RGB-D + klaster + superelipsoid; volume buah dalam simulasi,M4,,V,,N,,,,teks lengkap,,hasil simulasi h. 5-6; Gbr. 3-5,our approach can accurately estimate fruit volumes,,tidak ada,,tidak ada,,,,tidak,,"DRAF MODEL dari teks/<key>.txt + pdftotext, belum diverifikasi manusia. Evaluasi volume buah pada skenario simulasi; data rumah kaca hanya kualitatif. Tidak ada hitungan; akuisisi = sudut pandang lengan robot (V atau D, periksa).",,
103,3,,533,xia2022culling,2022,Culling Double Counting in Sequence Images for Fruit Yield Estimation,10.3390/agronomy12020440,abstrak,Y,literature/scopus-2026-09/pdf/xia2022culling.pdf,Y,M2,V,N,"apel dan jeruk; pencocokan tambalan + Kuhn-Munkres untuk buah berulang; F1 0,816 dan 0,864",M2,,V,,N,,,,teks lengkap,,Tabel 4 (h. 12); Tabel 3 (h. 11),The designed patch matching model obtained an F1-Score of 0.816 and 0.864 for both apples and oranges,,anotasi,,identitas;deteksi,,,,tidak,,"DRAF MODEL dari teks/<key>.txt + pdftotext, belum diverifikasi manusia. Pencocokan tambalan dengan lapisan kemiripan yang dilatih + Kuhn-Munkres; pertimbangkan M5 bila 'asosiasi yang dipelajari'. Dinilai pada pasangan buah beranotasi, tanpa hitungan terhadap pohon.",,
104,3,,543,zhang2022yield,2022,Yield and maturity estimation of apples in orchards using a 3-step deep learning-based method,10.15586/qas.v14i2.1008,abstrak,Y,literature/scopus-2026-09/pdf/zhang2022yield.pdf,Y,M1,D,Y,apel; hitung buah terlihat dari dua sisi + klasifikasi kematangan + algoritme beban buah,M1,,D,,Y,,,,teks lengkap,,Tabel 6 (h. 9); Tabel 5 (h. 9),The correlation factor was calculated as a ratio of the sum of manually counted fruits per tree,,pohon,,hitung;deteksi,,tidak dinyatakan,,tidak,,"DRAF MODEL dari teks/<key>.txt + pdftotext, belum diverifikasi manusia. Dua sisi pohon tanpa asosiasi, faktor koreksi dari hitungan manual 5-15 pohon. Kelas dari jaringan klasifikasi per deteksi per citra (tidak ada pelacakan) - kosakata cara_kelas tidak pas; tulis di catatan.",,
105,3,,577,osman2021yield,2021,Yield estimation and visualization solution for precision agriculture,10.3390/s21196657,abstrak,Y,literature/scopus-2026-09/pdf/osman2021yield.pdf,Y,M2+M3,V,N,"apel, jeruk, labu; DeepSORT dengan ekstraktor ResNet; akurasi 91–95% apel; GPS untuk peta",M2+M3,,V,,N,,,,teks lengkap,,Tabel 5-7 (h. 16-19),"comparing between the yield predicted by the model, and ground truth count which is performed manually by a human",,anotasi,,hitung,,,,tidak,,"DRAF MODEL dari teks/<key>.txt + pdftotext, belum diverifikasi manusia. Hitungan manual oleh manusia pada klip video (kemungkinan dari video, bukan di pohon) - periksa.",,
106,3,,592,parico2021real,2021,Real time pear fruit detection and counting using yolov4 models and deep sort,10.3390/s21144803,abstrak,Y,literature/scopus-2026-09/pdf/parico2021real.pdf,Y,M2+M3,V,N,"pir; DeepSORT; metode ID unik F1count 87,85% lebih andal dari garis ROI",M2+M3,,V,,N,,,,teks lengkap,,Tabel 9 (h. 26),"the unique ID method was found to be more reliable, with an F1count of 87.85%",,anotasi,,hitung;identitas;deteksi,,,,tidak,,"DRAF MODEL dari teks/<key>.txt + pdftotext, belum diverifikasi manusia. Tabel 9 juga memuat MOTA (75,47% unique-ID vs 56,60% garis ROI). Acuan hitungan pada video; asal (anotasi video) perlu dipastikan.",,
107,3,,602,torressanchez2021grape,2021,Grape cluster detection using uav photogrammetric point clouds as a low‐cost tool for yield forecasting in vineyards,10.3390/s21093083,abstrak,Y,literature/scopus-2026-09/pdf/torressanchez2021grape.pdf,Y,M4,S,N,"anggur dari awan titik fotogrametri UAV; R2 >0,75 terhadap bobot panen",M4,,S,,N,,,,teks lengkap,,Tabel 1 (h. 9); Gbr. 6 (h. 11),The proposed methodology achieved R2 values higher than 0.75 between the harvest weight and the projected area,,panen,,hitung,,,,tidak,,"DRAF MODEL dari teks/<key>.txt + pdftotext, belum diverifikasi manusia. Acuan bobot panen per kelompok 6 tanaman anggur; bukan jumlah tandan. Awan titik UAV tanpa pencacahan individu (M4 dipertanyakan: mungkin M0/M1 atas awan titik - putuskan).",,
108,3,,3912,zaenker2021viewpoint,2021,Viewpoint Planning for Fruit Size and Position Estimation,10.1109/iros51168.2021.9636701,abstrak,Y,literature/scopus-2026-09/pdf/zaenker2021viewpoint.pdf,Y,M4,D,N,paprika; perencanaan sudut pandang berbasis octree ROI; posisi dan ukuran buah,M4,,D,,N,,,,teks lengkap,,Gbr. 4-5 (h. 6),We evaluated our approach in simulated scenarios and compared the resulting fruit estimations with the ground truth,,tidak ada,,tidak ada,,,,tidak,,"DRAF MODEL dari teks/<key>.txt + pdftotext, belum diverifikasi manusia. Perencanaan sudut pandang; evaluasi di simulasi (sel ROI, posisi/ukuran), rumah kaca hanya kualitatif. Tidak ada hitungan.",,
109,3,,580,zineelabidine2021assigning,2021,Assigning apples to individual trees in dense orchards using 3D colour point clouds,10.1016/j.biosystemseng.2021.06.015,abstrak,Y,literature/scopus-2026-09/pdf/zineelabidine2021assigning.pdf,Y,M4,S,N,apel; penyelarasan awan titik musim panen dengan awan titik musim dingin untuk menetapkan buah ke pohon; akurasi >95%,M4,,S,,N,,,,teks lengkap,,Tabel 3 (h. 20); akurasi penetapan h. 18-20,Our apple assignment method achieves an accuracy rate higher than 95%,,anotasi,,deteksi,,,,tidak,,"DRAF MODEL dari teks/<key>.txt + pdftotext, belum diverifikasi manusia. Akurasi penetapan apel ke pohon terhadap lokasi apel beranotasi manual di awan titik; bukan akurasi hitung.",,
110,3,,1265,apoloapolo2020cloud,2020,A Cloud-Based Environment for Generating Yield Estimation Maps From Apple Orchards Using UAV Imagery and a Deep Learning Technique,10.3389/fpls.2020.01086,abstrak,Y,literature/scopus-2026-09/pdf/apoloapolo2020cloud.pdf,Y,M1,D,N,"apel dari ortomosaik UAV; regresi linear dari buah terlihat ke total per pohon; R2 0,80",M1,,D,,N,,,,teks lengkap,,Gbr. 8-9 (h. 9-10); Tabel 2 (h. 11),"compared with apple counts made in situ by an agrotechnician, and an R2 value of 0.86 was acquired",,pohon;panen,,hitung;deteksi,,,,tidak,,"DRAF MODEL dari teks/<key>.txt + pdftotext, belum diverifikasi manusia. Dua acuan: hitungan visual di pohon (R2 0,86) dan buah dipanen (R2 0,80, MAE 128,56).",,
111,3,,675,dong2020semantic,2020,Semantic mapping for orchard environments by merging two-sides reconstructions of tree rows,10.1002/rob.21876,abstrak,Y,literature/scopus-2026-09/pdf/dong2020semantic.pdf,Y,M4,D,N,apel; penggabungan rekonstruksi dua sisi baris dengan fitur global dan semantik; jumlah buah dari model 3D,M4,,D,,N,,,,teks lengkap,,Tabel 5 dan Gbr. 30 (h. 27),We simply add the apple counts from both sides and find how close we are to the actual yield,,panen;anotasi,,hitung;deteksi,,,,tidak,,"DRAF MODEL dari teks/<key>.txt + pdftotext, belum diverifikasi manusia. Gbr. 30: hitungan dua sisi vs 'ground truth apple counts from both sides' (anotasi) dan 'actual yield' (panen) - pastikan sumber. Jumlah akhir tampaknya penjumlahan dua sisi; cek apakah asosiasi 3D dipakai untuk buah.",,
112,3,,658,santos2020grape,2020,"Grape detection, segmentation, and tracking using deep neural networks and three-dimensional association",10.1016/j.compag.2020.105247,abstrak,Y,literature/scopus-2026-09/pdf/santos2020grape.pdf,Y,M3+M4,V,N,"anggur; segmentasi instans F1 0,91; pelacakan dengan asosiasi 3D; set data publik 300 citra",M3+M4,,V,,N,,,,teks lengkap,,Tabel 3-5 (h. 18-21); Gbr. 6 (h. 17),"for instance segmentation, a fine separation of each cluster from other structures in the image",,anotasi,,deteksi,,,,tidak,,"DRAF MODEL dari teks/<key>.txt + pdftotext, belum diverifikasi manusia. Hasil kuantitatif = segmentasi/deteksi; pelacakan asosiasi 3D diperagakan tanpa metrik identitas atau hitung terhadap tanaman.",,
113,3,,699,liu2019monocular,2019,Monocular Camera Based Fruit Counting and Mapping with Semantic Data Association,10.1109/lra.2019.2901987,abstrak,Y,literature/scopus-2026-09/pdf/liu2019monocular.pdf,Y,M3+M4,V,N,"mangga; Kalman + aliran optik, lalu SfM semantik buah-sebagai-fitur untuk mengenali hitung ganda; setara sistem LiDAR+GPS/INS",M3+M4,,V,,N,,,,teks lengkap,,Gbr. 7-10 (h. 7),"the slope is 0.86 compared to 0.97 for the sensor suite system, and the R2 value is 0.78",,pohon,,hitung,,,,tidak,,"DRAF MODEL dari teks/<key>.txt + pdftotext, belum diverifikasi manusia. 18 pohon dihitung manual di lapangan sebagai GT (h. 6); dibandingkan dengan sistem LiDAR+GPS/INS.",,
114,3,,694,roy2019vision,2019,Vision-based preharvest yield mapping for apple orchards,10.1016/j.compag.2019.104897,abstrak,Y,literature/scopus-2026-09/pdf/roy2019vision.pdf,Y,M4+M1,V,N,"apel 252 pohon; klaster spasial + gerak kamera untuk menggabungkan hitung lintas pandang dan dua sisi; akurasi 91,98–94,81%",M4+M1,,V,,N,,,,teks lengkap,,Tabel 2 (h. 20); Tabel 1 (h. 14),Our yield estimation method achieves an overall accuracy of 91.98% − 94.81% across different datasets,,panen;anotasi,,hitung;deteksi,,,,tidak,,"DRAF MODEL dari teks/<key>.txt + pdftotext, belum diverifikasi manusia. GT hasil: apel diberi stiker dan diukur setelah panen (h. 11); hitungan per bingkai divalidasi dengan anotasi manual.",,
115,3,,792,linker2015estimation,2015,Estimation of apple orchard yield using night time imaging,10.3920/978-90-8686-814-8_66,abstrak,Y,literature/scopus-2026-09/pdf/linker2015estimation.pdf,Y,M1,D,N,"apel, citra malam dua sisi tiga ketinggian; jumlah enam citra dikalibrasi terhadap 14 pohon; total hasil dalam 10%",M1,,D,,N,,,,teks lengkap,,Tabel 2-3 (h. 6); Tabel 1 (h. 4),the overall yield estimate was within 10% of the actual yield,,panen;pohon,,hitung,,,,tidak,,"DRAF MODEL dari teks/<key>.txt + pdftotext, belum diverifikasi manusia. Pohon dipetik satu per satu untuk GT hasil (h. 1); hitung visual dipakai di Tabel 1; kalibrasi dari 14 pohon.",,
116,3,,2,farhoud2026instance,2026,Instance segmentation and multi-object tracking for fruit quality grading and dynamic yield estimation in Egyptian citrus orchards,10.1016/j.atech.2026.102529,abstrak,N,,N,M3,V,Y,"jeruk, 15 video; BoT-SORT + kompensasi gerak kamera + garis hitung; mAP grading 0,932",,,,,,,,,abstrak,,,,,,,,,,,,,Tanpa teks lengkap lokal: kode AI saat ini berdasar abstrak. Cari PDF (unduhan/PRIORITAS-UNDUH-MANUAL.md) lalu isi final_* dari teks lengkap.,,
117,3,,81,gao2026vision,2026,Vision-Based 3D Fruit Localization for Robotic Harvesting Using Recursive State Estimation,10.1109/aiea70743.2026.11633088,abstrak,N,,N,M3+M4,V,N,lokalisasi 3D rekursif (RLS) lintas bingkai; robot bergerak,,,,,,,,,abstrak,,,,,,,,,,,,,Tanpa teks lengkap lokal: kode AI saat ini berdasar abstrak. Cari PDF (unduhan/PRIORITAS-UNDUH-MANUAL.md) lalu isi final_* dari teks lengkap.,,
118,3,,24,indriani2026sawitmvc,2026,SawitMVC: A multi-view oil palm fruit bunch dataset for detection and counting,10.1016/j.dib.2026.112990,abstrak,N,,N,DATA,D,Y,"SawitMVC: 3.992 citra, 953 pohon sawit, 4 atau 8 sisi; 9.823 tandan unik dengan tautan lintas pandang; kelas B1–B4",,,,,,,,,abstrak,,,,,,,,,,,,,Tanpa teks lengkap lokal: kode AI saat ini berdasar abstrak. Cari PDF (unduhan/PRIORITAS-UNDUH-MANUAL.md) lalu isi final_* dari teks lengkap.,,
119,3,,36,nguyen2026modular,2026,A Modular UAV-Based Framework for Apple Detection and Yield Extrapolation from 3D Point Clouds,10.1145/3748522.3779768,abstrak,N,,N,M4+M1,S,N,"awan titik UAV apel; regresi R2 ~0,99 terhadap hitungan per seksi; DBSCAN untuk lokasi",,,,,,,,,abstrak,,,,,,,,,,,,,Tanpa teks lengkap lokal: kode AI saat ini berdasar abstrak. Cari PDF (unduhan/PRIORITAS-UNDUH-MANUAL.md) lalu isi final_* dari teks lengkap.,,
120,3,,23,pardobeainy2026maturity,2026,Maturity and size estimation with yield mapping for hydroponic strawberries using machine vision,10.1016/j.atech.2026.102416,abstrak,N,,N,M3+M4,V,Y,"stroberi; BoT-SORT + GNSS RTK; sembilan kategori ukuran-kematangan; MAE panjang 2,51 mm",,,,,,,,,abstrak,,,,,,,,,,,,,Tanpa teks lengkap lokal: kode AI saat ini berdasar abstrak. Cari PDF (unduhan/PRIORITAS-UNDUH-MANUAL.md) lalu isi final_* dari teks lengkap.,,
121,3,,85,santos2026multi,2026,Multi-Fruit Tracking and 3-D Structure Recovery via CoTracker,10.22456/2175-2745.150960,abstrak,N,,N,M3+M4,V,N,"CoTracker untuk pelacakan buah, lokasi 3D, dan pose kamera sekaligus",,,,,,,,,abstrak,,,,,,,,,,,,,Tanpa teks lengkap lokal: kode AI saat ini berdasar abstrak. Cari PDF (unduhan/PRIORITAS-UNDUH-MANUAL.md) lalu isi final_* dari teks lengkap.,,
122,3,,45,si2026citrus,2026,Citrus yield estimation based on multi- object tracking in video streams using an improved YOLOv8n model,10.13925/j.cnki.gsxb.20250487,abstrak,N,,N,M2+M3,V,N,"jeruk pohon tunggal, video rotasi 360 derajat, DeepSORT",,,,,,,,,abstrak,,,,,,,,,,,,,Tanpa teks lengkap lokal: kode AI saat ini berdasar abstrak. Cari PDF (unduhan/PRIORITAS-UNDUH-MANUAL.md) lalu isi final_* dari teks lengkap.,,
123,3,,74,wang2026semantic,2026,Semantic NeRF-Oriented 3-D Object Counting for Industrial Fruit Harvesting,10.1109/tase.2026.3700861,abstrak,N,,N,M4,D,N,"NeRF semantik + klaster adaptif; akurasi hitung +9,0 poin persentase terhadap garis dasar 3D",,,,,,,,,abstrak,,,,,,,,,,,,,Tanpa teks lengkap lokal: kode AI saat ini berdasar abstrak. Cari PDF (unduhan/PRIORITAS-UNDUH-MANUAL.md) lalu isi final_* dari teks lengkap.,,
124,3,,35,woo2026geometry,2026,Geometry-Driven Triangulation and Differentiable Semantic Gaussian Refinement for 3D Grape Bunch Model Reconstruction in the Field,10.1145/3803291.3803356,abstrak,N,,N,M4,V,N,"anggur; jejak multipandang dengan kendala epipolar tanpa deskriptor penampilan; F1 78,7–88,5% pada 30 tandan",,,,,,,,,abstrak,,,,,,,,,,,,,Tanpa teks lengkap lokal: kode AI saat ini berdasar abstrak. Cari PDF (unduhan/PRIORITAS-UNDUH-MANUAL.md) lalu isi final_* dari teks lengkap.,,
125,3,,58,yang2026real,2026,A real-time semantic 3D vineyard mapping and fruit localization system for yield estimation in dynamic vineyards,10.1016/j.atech.2026.101784,abstrak,N,,N,M4,V,N,anggur; ORB-SLAM3 semantik + DBSCAN; lingkungan dinamis,,,,,,,,,abstrak,,,,,,,,,,,,,Tanpa teks lengkap lokal: kode AI saat ini berdasar abstrak. Cari PDF (unduhan/PRIORITAS-UNDUH-MANUAL.md) lalu isi final_* dari teks lengkap.,,
126,3,,39,yoshida2026cross,2026,Cross-Day Grape Cluster Tracking Using Branch-Based 3D Alignment in Vineyards,10.20965/jrm.2026.p0953,abstrak,N,,N,M4,T,N,anggur lintas hari; penyelarasan 3D berbasis cabang (SfM + SIFT); asosiasi kedekatan spasial,,,,,,,,,abstrak,,,,,,,,,,,,,Tanpa teks lengkap lokal: kode AI saat ini berdasar abstrak. Cari PDF (unduhan/PRIORITAS-UNDUH-MANUAL.md) lalu isi final_* dari teks lengkap.,,
127,3,,4,zhao2026adapting,2026,Adapting SAM3 for 3D fruit counting with cross-view contrastive learning and Hough voting,10.1016/j.compag.2026.112325,abstrak,N,,N,M4,D,N,"pemungutan suara Hough dalam ruang Gaussian 3D; apel, paprika, sintetis; keuntungan terbesar pada oklusi padat",,,,,,,,,abstrak,,,,,,,,,,,,,Tanpa teks lengkap lokal: kode AI saat ini berdasar abstrak. Cari PDF (unduhan/PRIORITAS-UNDUH-MANUAL.md) lalu isi final_* dari teks lengkap.,,
128,3,,0,zhao2026two,2026,A two-stage fine-tuning strategy for 3D object segmentation from multi-view images,10.1016/j.atech.2026.102443,abstrak,N,,N,M4,D,N,"NeRF disetel dengan topeng 2D; buah sintetis dan kedelai; segmentasi 3D, bukan pencacahan utama",,,,,,,,,abstrak,,,,,,,,,,,,,Tanpa teks lengkap lokal: kode AI saat ini berdasar abstrak. Cari PDF (unduhan/PRIORITAS-UNDUH-MANUAL.md) lalu isi final_* dari teks lengkap.,,
129,3,,202,akella2025deep,2025,Deep Learning-Based Coconut Ripeness Classification and Yield Estimation using YOLO and Kalman Filtering,10.1109/sennet64220.2025.11136053,abstrak,N,,N,M3,V,Y,kelapa tiga tahap kematangan; Kalman-Hungarian,,,,,,,,,abstrak,,,,,,,,,,,,,Tanpa teks lengkap lokal: kode AI saat ini berdasar abstrak. Cari PDF (unduhan/PRIORITAS-UNDUH-MANUAL.md) lalu isi final_* dari teks lengkap.,,
130,3,,118,dong2025fruit,2025,Fruit detection and yield estimation in Camellia oleifera based on improved YOLOv8 and ByteTrack algorithm,10.1016/j.atech.2025.101435,abstrak,N,,N,M3+M1,V,N,camellia; ByteTrack + regresi buah permukaan ke buah total,,,,,,,,,abstrak,,,,,,,,,,,,,Tanpa teks lengkap lokal: kode AI saat ini berdasar abstrak. Cari PDF (unduhan/PRIORITAS-UNDUH-MANUAL.md) lalu isi final_* dari teks lengkap.,,
131,3,,222,garg2025autonomous,2025,Autonomous UAV Navigation and Mapping for Accurate Fruit Detection and Counting in Controlled Environments: Simulation and Real-World Validation,10.1109/icuas65942.2025.11007888,abstrak,N,,N,M4,V,N,"UAV di lingkungan terkendali; pemetaan LiDAR untuk mencegah hitung ulang; akurasi 98% simulasi, 90% nyata",,,,,,,,,abstrak,,,,,,,,,,,,,Tanpa teks lengkap lokal: kode AI saat ini berdasar abstrak. Cari PDF (unduhan/PRIORITAS-UNDUH-MANUAL.md) lalu isi final_* dari teks lengkap.,,
132,3,,180,isobe2025mandarin,2025,Mandarin count estimation with 360-degree tree video and transformer-based deep learning,10.1016/j.atech.2025.100874,abstrak,N,,N,M5,V,N,"jeruk mandarin, video 360 derajat; transformer memadukan fitur lintas sudut untuk regresi jumlah",,,,,,,,,abstrak,,,,,,,,,,,,,Tanpa teks lengkap lokal: kode AI saat ini berdasar abstrak. Cari PDF (unduhan/PRIORITAS-UNDUH-MANUAL.md) lalu isi final_* dari teks lengkap.,,
133,3,,230,issad2025real,2025,Real-Time Fruit Detection and Counting,10.1109/icrami64946.2025.11472714,abstrak,N,,N,M3,V,N,"20 kelas buah umum; ByteTrack; akurasi 75,33% terhadap hitung manual",,,,,,,,,abstrak,,,,,,,,,,,,,Tanpa teks lengkap lokal: kode AI saat ini berdasar abstrak. Cari PDF (unduhan/PRIORITAS-UNDUH-MANUAL.md) lalu isi final_* dari teks lengkap.,,
134,3,,196,jiang2025neural,2025,Neural Radiance Fields for Plot-level Cotton Crop Three-dimensional Reconstruction and Yield Estimation,10.13031/aim.202500502,abstrak,N,,N,M4,D,N,"kapas, NeRF tingkat plot; FruitNeRF termodifikasi; dua cara akuisisi",,,,,,,,,abstrak,,,,,,,,,,,,,Tanpa teks lengkap lokal: kode AI saat ini berdasar abstrak. Cari PDF (unduhan/PRIORITAS-UNDUH-MANUAL.md) lalu isi final_* dari teks lengkap.,,
135,3,,232,kemper2025performance,2025,Performance Evaluation of Detection and Tracking Algorithms for Automated Grape Cluster Counting,10.1109/c366505.2025.11340275,abstrak,N,,N,M3,V,N,"anggur; YOLOv12 + BoT-SORT terbaik, akurasi hitung relatif 84,31%",,,,,,,,,abstrak,,,,,,,,,,,,,Tanpa teks lengkap lokal: kode AI saat ini berdasar abstrak. Cari PDF (unduhan/PRIORITAS-UNDUH-MANUAL.md) lalu isi final_* dari teks lengkap.,,
136,3,,978,kutyrev2025uav,2025,UAV-based sustainable orchard management: deep learning for apple detection and yield estimation,10.1051/e3sconf/202561403021,abstrak,N,,N,M1,D,N,apel dari ortofoto UAV; koefisien koreksi eksperimental untuk buah tersembunyi (direncanakan),,,,,,,,,abstrak,,,,,,,,,,,,,Tanpa teks lengkap lokal: kode AI saat ini berdasar abstrak. Cari PDF (unduhan/PRIORITAS-UNDUH-MANUAL.md) lalu isi final_* dari teks lengkap.,,
137,3,,241,louis2025automated,2025,Automated Muskmelon Counting in Real Farm Environment using YOLOv11n,10.1109/icsima66552.2025.11233648,abstrak,N,,N,M3,V,N,"melon rumah kaca, AGV; garis hitung; galat hitung 2,74% dengan anotasi baris depan",,,,,,,,,abstrak,,,,,,,,,,,,,Tanpa teks lengkap lokal: kode AI saat ini berdasar abstrak. Cari PDF (unduhan/PRIORITAS-UNDUH-MANUAL.md) lalu isi final_* dari teks lengkap.,,
138,3,,266,lu2025iot,2025,IoT-Based Precision Litchi Tracking and Counting Method Using Gated Metrics,10.1109/jiot.2025.3561130,abstrak,N,,N,M2+M3,V,N,leci; metrik asosiasi DIoU bergerbang + strategi hitung AreaC,,,,,,,,,abstrak,,,,,,,,,,,,,Tanpa teks lengkap lokal: kode AI saat ini berdasar abstrak. Cari PDF (unduhan/PRIORITAS-UNDUH-MANUAL.md) lalu isi final_* dari teks lengkap.,,
139,3,,236,majdalawieh2025optimizing,2025,"Optimizing Fruit Harvesting Through a High-Performance Deep Learning Framework for Detection, Tracking, and Automated Counting.",10.1109/hpcc67675.2025.00132,abstrak,N,,N,M2+M3,V,N,buah umum; DeepSORT + garis ROI,,,,,,,,,abstrak,,,,,,,,,,,,,Tanpa teks lengkap lokal: kode AI saat ini berdasar abstrak. Cari PDF (unduhan/PRIORITAS-UNDUH-MANUAL.md) lalu isi final_* dari teks lengkap.,,
140,3,,223,meyer2025fruitnerf,2025,FruitNeRF++: A Generalized Multi-Fruit Counting Method Utilizing Contrastive Learning and Neural Radiance Fields,10.1109/iros60139.2025.11247341,abstrak,N,,N,M4,D,N,FruitNeRF++; medan instans dengan embedding kontras; enam buah sintetis + apel nyata,,,,,,,,,abstrak,,,,,,,,,,,,,Tanpa teks lengkap lokal: kode AI saat ini berdasar abstrak. Cari PDF (unduhan/PRIORITAS-UNDUH-MANUAL.md) lalu isi final_* dari teks lengkap.,,
141,3,,228,sasse2025object,2025,An Object-Tracking Technique for Counting Grape Clusters in Brazilian Northeast's Pergola Vineyards,10.23919/fusion65864.2025.11124157,abstrak,N,,N,M3,V,N,"anggur pergola, video ponsel; ByteTrack; hitungan 27% di atas nilai sebenarnya",,,,,,,,,abstrak,,,,,,,,,,,,,Tanpa teks lengkap lokal: kode AI saat ini berdasar abstrak. Cari PDF (unduhan/PRIORITAS-UNDUH-MANUAL.md) lalu isi final_* dari teks lengkap.,,
142,3,,207,vaishnavi2025fruit,2025,Fruit Detection and Yield Estimation using Path Aggregation Feature Pyramid Network and Deep SORT Algorithm: A Case Study on Orange Fruit,10.1109/iceca66444.2025.11383116,abstrak,N,,N,M2+M3,V,Y,"jeruk matang/mentah; DeepSORT; presisi hitung 92,3%",,,,,,,,,abstrak,,,,,,,,,,,,,Tanpa teks lengkap lokal: kode AI saat ini berdasar abstrak. Cari PDF (unduhan/PRIORITAS-UNDUH-MANUAL.md) lalu isi final_* dari teks lengkap.,,
143,3,,227,xieli2025pinesort,2025,PineSORT: A Simple Online Real-Time Tracking Framework for Drone Videos in Agriculture,10.1109/cvprw67362.2025.00012,abstrak,N,,N,M3,V,N,nanas dari drone laju bingkai rendah; kompensasi gerak kamera ORB; metrik ISP-IDF1 baru,,,,,,,,,abstrak,,,,,,,,,,,,,Tanpa teks lengkap lokal: kode AI saat ini berdasar abstrak. Cari PDF (unduhan/PRIORITAS-UNDUH-MANUAL.md) lalu isi final_* dari teks lengkap.,,
144,3,,204,xing2025cb,2025,CB-YOLO-DeepSORT: Real-Time Yield Estimation for Tomatoes in Greenhouses,10.1109/cyber67662.2025.11168194,abstrak,N,,N,M2+M3,V,Y,"tomat rumah kaca, robot kamera depth; DeepSORT per tahap kematangan; MOTA 82,35%",,,,,,,,,abstrak,,,,,,,,,,,,,Tanpa teks lengkap lokal: kode AI saat ini berdasar abstrak. Cari PDF (unduhan/PRIORITAS-UNDUH-MANUAL.md) lalu isi final_* dari teks lengkap.,,
145,3,,247,yang2025hierarchical,2025,Hierarchical 3D Scene Graph based Semantic-Metric SLAM for Plant Inspection and Fruit Counting in Intelligent Hydroponics System,10.1109/jiot.2025.3600531,abstrak,N,,N,M4,V,N,hidroponik vertikal; SLAM semantik-metrik berbasis graf adegan 3D; model ketidakpastian sensor,,,,,,,,,abstrak,,,,,,,,,,,,,Tanpa teks lengkap lokal: kode AI saat ini berdasar abstrak. Cari PDF (unduhan/PRIORITAS-UNDUH-MANUAL.md) lalu isi final_* dari teks lengkap.,,
146,3,,1019,yang2025safe,2025,Towards Safe and Efficient Through-the-Canopy Autonomous Fruit Counting with UAVs,10.1109/icra55743.2025.11127839,abstrak,N,,N,M0,V,N,UAV menembus kanopi; perencanaan jalur untuk mengurangi oklusi; hitung dari citra tingkat kanopi,,,,,,,,,abstrak,,,,,,,,,,,,,Tanpa teks lengkap lokal: kode AI saat ini berdasar abstrak. Cari PDF (unduhan/PRIORITAS-UNDUH-MANUAL.md) lalu isi final_* dari teks lengkap.,,
147,3,,123,zhang2025robust,2025,Robust real-time blueberry counting in greenhouses using small-object detection and mamba-driven multi-step trajectory completion,10.1016/j.atech.2025.101402,abstrak,N,,N,M3,V,N,blueberry; ByteTrack + penyelesaian lintasan untuk menekan hitung ganda akibat deteksi hilang,,,,,,,,,abstrak,,,,,,,,,,,,,Tanpa teks lengkap lokal: kode AI saat ini berdasar abstrak. Cari PDF (unduhan/PRIORITAS-UNDUH-MANUAL.md) lalu isi final_* dari teks lengkap.,,
148,3,,363,ahmad2024enabling,2024,Enabling Consumer UAVs for Precision Agriculture Applications: A Case Study of Yield Estimation,10.1109/icce59016.2024.10444191,abstrak,N,,N,M0,V,N,apel dan persik dari UAV konsumen; deteksi setiap bingkai ke-n tanpa asosiasi eksplisit,,,,,,,,,abstrak,,,,,,,,,,,,,Tanpa teks lengkap lokal: kode AI saat ini berdasar abstrak. Cari PDF (unduhan/PRIORITAS-UNDUH-MANUAL.md) lalu isi final_* dari teks lengkap.,,
149,3,,361,ahmedtaristizabal2024field,2024,An In-Field Dynamic Vision-Based Analysis for Vineyard Yield Estimation,10.1109/access.2024.3431244,abstrak,N,,N,M3+M1,V,N,anggur; SiamFC untuk tandan unik per panel; bobot dari distribusi kalibrasi empiris,,,,,,,,,abstrak,,,,,,,,,,,,,Tanpa teks lengkap lokal: kode AI saat ini berdasar abstrak. Cari PDF (unduhan/PRIORITAS-UNDUH-MANUAL.md) lalu isi final_* dari teks lengkap.,,
150,3,,322,ashokan2024fruit,2024,Fruit yield estimation and forecasting for precision agriculture,10.1063/5.0196960,abstrak,N,,N,M2+M3,V,N,buah umum; DeepSORT + peramalan ARIMA,,,,,,,,,abstrak,,,,,,,,,,,,,Tanpa teks lengkap lokal: kode AI saat ini berdasar abstrak. Cari PDF (unduhan/PRIORITAS-UNDUH-MANUAL.md) lalu isi final_* dari teks lengkap.,,
151,3,,344,garderes2024apple,2024,Apple Detection and Counting Using Neural Networks,10.1109/clei64178.2024.10700174,abstrak,N,,N,M3+M1,V,N,"apel; OCSort HOTA 60,24%; regresi linear untuk menekan galat prediksi; simulator ROS",,,,,,,,,abstrak,,,,,,,,,,,,,Tanpa teks lengkap lokal: kode AI saat ini berdasar abstrak. Cari PDF (unduhan/PRIORITAS-UNDUH-MANUAL.md) lalu isi final_* dari teks lengkap.,,
152,3,,340,ishizuka2024eggplant,2024,Eggplant Detection and Counting Across the Entire Greenhouse Using Deep Learning and Motion Parallax,10.1109/isc260477.2024.11004199,abstrak,N,,N,M3+M4,V,N,terung rumah kaca; paralaks gerak untuk mencegah hitung ganda per bedengan,,,,,,,,,abstrak,,,,,,,,,,,,,Tanpa teks lengkap lokal: kode AI saat ini berdasar abstrak. Cari PDF (unduhan/PRIORITAS-UNDUH-MANUAL.md) lalu isi final_* dari teks lengkap.,,
153,3,,376,kang2024real,2024,Toward Real Scenery: A Lightweight Tomato Growth Inspection Algorithm for Leaf Disease Detection and Fruit Counting,10.34133/plantphenomics.0174,abstrak,N,,N,M3,V,N,"tomat; ByteTrack terbaik dibanding Motpy dan FairMOT; R2 0,93, RMSE 9,17",,,,,,,,,abstrak,,,,,,,,,,,,,Tanpa teks lengkap lokal: kode AI saat ini berdasar abstrak. Cari PDF (unduhan/PRIORITAS-UNDUH-MANUAL.md) lalu isi final_* dari teks lengkap.,,
154,3,,365,matos2024tracking,2024,Tracking and Counting Apples in Orchards under Intermittent Occlusions and Low Frame Rates,10.1109/cvprw63382.2024.00550,abstrak,N,,N,M4+M3,V,N,apel; SfM + pencocokan graf bipartit; tahan oklusi berselang dan laju bingkai rendah,,,,,,,,,abstrak,,,,,,,,,,,,,Tanpa teks lengkap lokal: kode AI saat ini berdasar abstrak. Cari PDF (unduhan/PRIORITAS-UNDUH-MANUAL.md) lalu isi final_* dari teks lengkap.,,
155,3,,341,meyer2024fruitnerf,2024,FruitNeRF: A Unified Neural Radiance Field based Fruit Counting Framework,10.1109/iros58592.2024.10802065,abstrak,N,,N,M4,D,N,FruitNeRF; medan semantik dari citra berpose + klaster; apel nyata dan enam buah sintetis,,,,,,,,,abstrak,,,,,,,,,,,,,Tanpa teks lengkap lokal: kode AI saat ini berdasar abstrak. Cari PDF (unduhan/PRIORITAS-UNDUH-MANUAL.md) lalu isi final_* dari teks lengkap.,,
156,3,,357,pai2024maturity,2024,Maturity and Yield Estimation of Tomatoes Using RGB and Multispectral Images,10.1109/icit58233.2024.10540838,abstrak,N,,N,M3,V,Y,tomat tiga tingkat kematangan; RGB + multispektral; hitung per kelas per kelompok,,,,,,,,,abstrak,,,,,,,,,,,,,Tanpa teks lengkap lokal: kode AI saat ini berdasar abstrak. Cari PDF (unduhan/PRIORITAS-UNDUH-MANUAL.md) lalu isi final_* dari teks lengkap.,,
157,3,,359,zhang2024stablesort,2024,StableSort-CMC: a tracking algorithm for robot dog based orchard fruit counting,10.1109/cac63892.2024.10865478,abstrak,N,,N,M3,V,N,"nektarin, robot anjing; kompensasi gerak kamera menaikkan MOTA 2,9% (MOTA 63,4%)",,,,,,,,,abstrak,,,,,,,,,,,,,Tanpa teks lengkap lokal: kode AI saat ini berdasar abstrak. Cari PDF (unduhan/PRIORITAS-UNDUH-MANUAL.md) lalu isi final_* dari teks lengkap.,,
158,3,,276,zhou2024advancing,2024,Advancing tracking-by-detection with MultiMap: Towards occlusion-resilient online multiclass strawberry counting,10.1016/j.eswa.2024.124587,abstrak,N,,N,M3,V,Y,"stroberi matang/mentah; MultiMap untuk ketahanan oklusi; galat hitung relatif 6,7%; per kelas 8,7% dan 9,9%",,,,,,,,,abstrak,,,,,,,,,,,,,Tanpa teks lengkap lokal: kode AI saat ini berdasar abstrak. Cari PDF (unduhan/PRIORITAS-UNDUH-MANUAL.md) lalu isi final_* dari teks lengkap.,,
159,3,,372,zhou2024utilizing,2024,Utilizing NeRF-Based Rays for Spatial Perception in Fruit Counting Deduplication,10.1109/isitsc64373.2024.00013,abstrak,N,,N,M4,D,N,"jeruk; sinar NeRF + DBSCAN untuk deduplikasi; MAE 1,5 buah per pohon",,,,,,,,,abstrak,,,,,,,,,,,,,Tanpa teks lengkap lokal: kode AI saat ini berdasar abstrak. Cari PDF (unduhan/PRIORITAS-UNDUH-MANUAL.md) lalu isi final_* dari teks lengkap.,,
160,3,,1036,zhu2024citrus,2024,Citrus yield estimation for individual trees integrating pruning intensity and image views,10.1016/j.eja.2024.127349,abstrak,N,,N,M1,D,N,"jeruk per pohon; 2, 4, atau 6 pandang + intensitas pemangkasan; XGBoost; jumlah pandang optimal bergantung pada pemangkasan",,,,,,,,,abstrak,,,,,,,,,,,,,Tanpa teks lengkap lokal: kode AI saat ini berdasar abstrak. Cari PDF (unduhan/PRIORITAS-UNDUH-MANUAL.md) lalu isi final_* dari teks lengkap.,,
161,3,,417,arizasentis2023object,2023,Object detection and tracking on UAV RGB videos for early extraction of grape phenotypic traits,10.1016/j.compag.2023.108051,abstrak,N,,N,M3,V,N,anggur putih dari UAV; PointTrack MOTS; set data publik,,,,,,,,,abstrak,,,,,,,,,,,,,Tanpa teks lengkap lokal: kode AI saat ini berdasar abstrak. Cari PDF (unduhan/PRIORITAS-UNDUH-MANUAL.md) lalu isi final_* dari teks lengkap.,,
162,3,,3604,arlotta2023ekf,2023,An EKF-Based Multi-Object Tracking Framework for a Mobile Robot in a Precision Agriculture Scenario,10.1109/ecmr59166.2023.10256338,abstrak,N,,N,M3+M4,V,N,"anggur meja; pelacakan multiobjek EKF dengan gerak robot, RGB-D; simulator dan laboratorium",,,,,,,,,abstrak,,,,,,,,,,,,,Tanpa teks lengkap lokal: kode AI saat ini berdasar abstrak. Cari PDF (unduhan/PRIORITAS-UNDUH-MANUAL.md) lalu isi final_* dari teks lengkap.,,
163,3,,463,li2023blueberry,2023,Blueberry Yield Estimation Through Multi-View Imagery with YOLOv8 Object Detection,10.13031/aim.202300883,abstrak,N,,N,M1,D,N,"blueberry; tiga pandang (atas, kiri, kanan) dari platform multikamera; regresi untuk tumpang tindih antarpandang",,,,,,,,,abstrak,,,,,,,,,,,,,Tanpa teks lengkap lokal: kode AI saat ini berdasar abstrak. Cari PDF (unduhan/PRIORITAS-UNDUH-MANUAL.md) lalu isi final_* dari teks lengkap.,,
164,3,,406,wu2023twice,2023,Twice matched fruit counting system: An automatic fruit counting pipeline in modern apple orchard using mutual and secondary matches,10.1016/j.biosystemseng.2023.09.005,abstrak,N,,N,M3,V,N,"apel; pencocokan timbal balik dan sekunder; ID switch 3,9%, MOTA 89,9%",,,,,,,,,abstrak,,,,,,,,,,,,,Tanpa teks lengkap lokal: kode AI saat ini berdasar abstrak. Cari PDF (unduhan/PRIORITAS-UNDUH-MANUAL.md) lalu isi final_* dari teks lengkap.,,
165,3,,3565,xie2023fruit,2023,Fruit Distribution Acquisition with Multi-Vision for Multi-Arm Harvesting Robots,10.1109/crc60659.2023.10488608,abstrak,N,,N,M4,D,N,robot panen multilengan; kalibrasi ekstrinsik multikamera + pencocokan awan titik permukaan buah untuk menghapus deteksi berulang,,,,,,,,,abstrak,,,,,,,,,,,,,Tanpa teks lengkap lokal: kode AI saat ini berdasar abstrak. Cari PDF (unduhan/PRIORITAS-UNDUH-MANUAL.md) lalu isi final_* dari teks lengkap.,,
166,3,,3588,zaenker2023graph,2023,Graph-Based View Motion Planning for Fruit Detection,10.1109/iros55552.2023.10342532,abstrak,N,,N,M4,D,N,paprika; perencanaan gerak pandang berbasis graf untuk cakupan buah,,,,,,,,,abstrak,,,,,,,,,,,,,Tanpa teks lengkap lokal: kode AI saat ini berdasar abstrak. Cari PDF (unduhan/PRIORITAS-UNDUH-MANUAL.md) lalu isi final_* dari teks lengkap.,,
167,3,,428,zheng2023efficient,2023,An efficient online citrus counting system for large-scale unstructured orchards based on the unmanned aerial vehicle,10.1002/rob.22147,abstrak,N,,N,M2+M3,V,N,"jeruk dari banyak UAV; DeepSORT + penghitung terdistribusi tak seragam; F1 89,07%, MAPE 12,75%",,,,,,,,,abstrak,,,,,,,,,,,,,Tanpa teks lengkap lokal: kode AI saat ini berdasar abstrak. Cari PDF (unduhan/PRIORITAS-UNDUH-MANUAL.md) lalu isi final_* dari teks lengkap.,,
168,3,,411,zheng2023object,2023,Object-Detection from Multi-View remote sensing Images: A case study of fruit and flower detection and counting on a central Florida strawberry farm,10.1016/j.jag.2023.103457,abstrak,N,,N,M5+M4,D,N,stroberi dari citra UAV mentah multipandang; FaceNet + posisi lalu klaster untuk objek unik; lebih baik dari ortomosaik,,,,,,,,,abstrak,,,,,,,,,,,,,Tanpa teks lengkap lokal: kode AI saat ini berdasar abstrak. Cari PDF (unduhan/PRIORITAS-UNDUH-MANUAL.md) lalu isi final_* dari teks lengkap.,,
169,3,,461,zhou2023dynamic,2023,A Dynamic Object Counting Method for Strawberry Fruits using Vision Transformer Networks and Kalman Filter Tracking,10.13031/aim.202301450,abstrak,N,,N,M3,V,N,"stroberi video ponsel; StrongSORT + DynCount; akurasi hitung 92,05%",,,,,,,,,abstrak,,,,,,,,,,,,,Tanpa teks lengkap lokal: kode AI saat ini berdasar abstrak. Cari PDF (unduhan/PRIORITAS-UNDUH-MANUAL.md) lalu isi final_* dari teks lengkap.,,
170,3,,549,wang2022research,2022,Research on UAV Online Visual Tracking Algorithm based on YOLOv5 and FlowNet2 for Apple Yield Inspection,10.1109/wrcsara57040.2022.9903925,abstrak,N,,N,M3,V,N,"apel dari UAV; aliran optik FlowNet2 + Hungarian; akurasi hasil 90,39%",,,,,,,,,abstrak,,,,,,,,,,,,,Tanpa teks lengkap lokal: kode AI saat ini berdasar abstrak. Cari PDF (unduhan/PRIORITAS-UNDUH-MANUAL.md) lalu isi final_* dari teks lengkap.,,
171,3,,623,gao2021appleb,2021,Apple fruit detection and counting based on deep learning and trunk tracking,10.13031/aim.202100193,abstrak,N,,N,M3,V,N,apel; pelacakan batang pohon; dinding buah vertikal,,,,,,,,,abstrak,,,,,,,,,,,,,Tanpa teks lengkap lokal: kode AI saat ini berdasar abstrak. Cari PDF (unduhan/PRIORITAS-UNDUH-MANUAL.md) lalu isi final_* dari teks lengkap.,,
172,3,,601,itakura2021automatic,2021,Automatic pear and apple detection by videos using deep learning and a Kalman filter,10.1364/osac.424583,abstrak,N,,N,M3,V,N,"pir dan apel, video berjalan; Kalman; 226 dari 234 pir terhitung",,,,,,,,,abstrak,,,,,,,,,,,,,Tanpa teks lengkap lokal: kode AI saat ini berdasar abstrak. Cari PDF (unduhan/PRIORITAS-UNDUH-MANUAL.md) lalu isi final_* dari teks lengkap.,,
173,3,,595,osman2021yieldb,2021,Yield Estimation using Deep Learning for Precision Agriculture,10.1109/wf-iot51360.2021.9595143,abstrak,N,,N,M2+M3,V,N,apel; DeepSORT dengan fitur ResNet,,,,,,,,,abstrak,,,,,,,,,,,,,Tanpa teks lengkap lokal: kode AI saat ini berdasar abstrak. Cari PDF (unduhan/PRIORITAS-UNDUH-MANUAL.md) lalu isi final_* dari teks lengkap.,,
174,3,,614,zhang2021method,2021,A method for organs classification and fruit counting on pomegranate trees based on multi-features fusion and support vector machine by 3D point cloud,10.1016/j.scienta.2020.109791,abstrak,N,,N,M4,1,N,"delima; awan titik RGB-D per pohon + SVM + klaster hierarkis; recall 87,74%, presisi 78,15%",,,,,,,,,abstrak,,,,,,,,,,,,,Tanpa teks lengkap lokal: kode AI saat ini berdasar abstrak. Cari PDF (unduhan/PRIORITAS-UNDUH-MANUAL.md) lalu isi final_* dari teks lengkap.,,
175,3,,649,genemola2020fuji,2020,Fuji-SfM dataset: A collection of annotated images and point clouds for Fuji apple detection and location using structure-from-motion photogrammetry,10.1016/j.dib.2020.105591,abstrak,N,,N,DATA,D,N,"Fuji-SfM: 582 citra berurutan, model 3D 11 pohon, 1.455 apel dengan lokasi 3D",,,,,,,,,abstrak,,,,,,,,,,,,,Tanpa teks lengkap lokal: kode AI saat ini berdasar abstrak. Cari PDF (unduhan/PRIORITAS-UNDUH-MANUAL.md) lalu isi final_* dari teks lengkap.,,
176,3,,655,genemola2020lfuji,2020,LFuji-air dataset: Annotated 3D LiDAR point clouds of Fuji apple trees for fruit detection scanned under different forced air flow conditions,10.1016/j.dib.2020.105248,abstrak,N,,N,DATA,S,N,"LFuji-air: awan titik LiDAR 11 pohon apel, 8 pindaian per pohon, multipandang dan aliran udara",,,,,,,,,abstrak,,,,,,,,,,,,,Tanpa teks lengkap lokal: kode AI saat ini berdasar abstrak. Cari PDF (unduhan/PRIORITAS-UNDUH-MANUAL.md) lalu isi final_* dari teks lengkap.,,
177,3,,640,serafino2020detection,2020,Detection and Counting of Lemons using Artificial Vision and Tracking Techniques for Real Time Harvest Estimation,10.1109/clei52000.2020.00064,abstrak,N,,N,M3,V,N,lemon pada mesin panen; Kuhn-Munkres; kesesuaian >95% dengan hitung visual,,,,,,,,,abstrak,,,,,,,,,,,,,Tanpa teks lengkap lokal: kode AI saat ini berdasar abstrak. Cari PDF (unduhan/PRIORITAS-UNDUH-MANUAL.md) lalu isi final_* dari teks lengkap.,,
178,3,,664,sun2020three,2020,Three-dimensional photogrammetric mapping of cotton bolls in situ based on point cloud segmentation and clustering,10.1016/j.isprsjprs.2019.12.011,abstrak,N,,N,M4,D,N,kapas; SfM dari citra multipandang + klaster densitas; akurasi hitung buah kapas hingga 90%,,,,,,,,,abstrak,,,,,,,,,,,,,Tanpa teks lengkap lokal: kode AI saat ini berdasar abstrak. Cari PDF (unduhan/PRIORITAS-UNDUH-MANUAL.md) lalu isi final_* dari teks lengkap.,,
179,3,,711,huang2019high,2019,"High-throughput image analysis framework for fruit detection, localization and measurement from video streams",10.13031/aim.201900487,abstrak,N,,N,M2+M3,V,N,rumah kaca banyak jenis buah; pencocokan fitur + aliran optik + transformasi proyektif,,,,,,,,,abstrak,,,,,,,,,,,,,Tanpa teks lengkap lokal: kode AI saat ini berdasar abstrak. Cari PDF (unduhan/PRIORITAS-UNDUH-MANUAL.md) lalu isi final_* dari teks lengkap.,,
180,3,,717,jarvinen2019tree,2019,Tree trunk position estimation for accurate fruit counts in apple yield mapping,10.13031/aim.201900918,abstrak,N,,N,M3,V,N,"apel; estimasi posisi batang untuk partisi per pohon; RMSE posisi batang 15,6 piksel",,,,,,,,,abstrak,,,,,,,,,,,,,Tanpa teks lengkap lokal: kode AI saat ini berdasar abstrak. Cari PDF (unduhan/PRIORITAS-UNDUH-MANUAL.md) lalu isi final_* dari teks lengkap.,,
181,3,,702,nellithimaru2019rols,2019,ROLS : Robust object-level SLAM for grape counting,10.1109/cvprw.2019.00321,abstrak,N,,N,M4,V,N,"anggur; SLAM tingkat objek dari stereo; F1 0,977 terhadap hitung citra",,,,,,,,,abstrak,,,,,,,,,,,,,Tanpa teks lengkap lokal: kode AI saat ini berdasar abstrak. Cari PDF (unduhan/PRIORITAS-UNDUH-MANUAL.md) lalu isi final_* dari teks lengkap.,,
182,3,,1344,roy2017active,2017,Active view planning for counting apples in orchards,10.1109/iros.2017.8206500,abstrak,N,,N,M4,D,N,apel; perencanaan pandang aktif untuk menghitung apel dalam klaster; model dunia kombinatorial,,,,,,,,,abstrak,,,,,,,,,,,,,Tanpa teks lengkap lokal: kode AI saat ini berdasar abstrak. Cari PDF (unduhan/PRIORITAS-UNDUH-MANUAL.md) lalu isi final_* dari teks lengkap.,,
183,3,,767,roy2016surveying,2016,Surveying apple orchards with a monocular vision system,10.1109/coase.2016.7743500,abstrak,N,,N,M4,D,N,apel dengan kamera tunggal; SfM inkremental sepotong demi sepotong untuk registrasi dan hitung,,,,,,,,,abstrak,,,,,,,,,,,,,Tanpa teks lengkap lokal: kode AI saat ini berdasar abstrak. Cari PDF (unduhan/PRIORITAS-UNDUH-MANUAL.md) lalu isi final_* dari teks lengkap.,,
184,3,,1406,nuske2014automated,2014,Automated visual yield estimation in vineyards,10.1002/rob.21541,abstrak,N,,N,M1,V,N,anggur empat musim; citra terregistrasi dari kendaraan; kalibrasi ukuran citra ke hasil; hingga 75% variansi spasial,,,,,,,,,abstrak,,,,,,,,,,,,,Tanpa teks lengkap lokal: kode AI saat ini berdasar abstrak. Cari PDF (unduhan/PRIORITAS-UNDUH-MANUAL.md) lalu isi final_* dari teks lengkap.,,
185,3,,1403,nuske2014modeling,2014,Modeling and calibrating visual yield estimates in vineyards,10.1007/978-3-642-40686-7_23,abstrak,N,,N,M1,V,N,anggur; pemodelan dan kalibrasi hitung visual ke hasil; galat 3–4% dengan data kalibrasi,,,,,,,,,abstrak,,,,,,,,,,,,,Tanpa teks lengkap lokal: kode AI saat ini berdasar abstrak. Cari PDF (unduhan/PRIORITAS-UNDUH-MANUAL.md) lalu isi final_* dari teks lengkap.,,
186,3,,1405,song2014automatic,2014,Automatic fruit recognition and counting from multiple images,10.1016/j.biosystemseng.2013.12.008,abstrak,N,,N,M1,D,N,"paprika rumah kaca, >28.000 citra; agregasi statistik pengamatan berulang tak lengkap; korelasi 74,2% tanpa penyesuaian",,,,,,,,,abstrak,,,,,,,,,,,,,Tanpa teks lengkap lokal: kode AI saat ini berdasar abstrak. Cari PDF (unduhan/PRIORITAS-UNDUH-MANUAL.md) lalu isi final_* dari teks lengkap.,,
187,3,,838,wang2013automated,2013,Automated Crop Yield Estimation for Apple Orchards,10.1007/978-3-319-00065-7_50,abstrak,N,,N,M4,V,N,"apel; stereo malam dari kendaraan otonom; registrasi citra berurutan; galat −3,2% dan 1,2% per blok",,,,,,,,,abstrak,,,,,,,,,,,,,Tanpa teks lengkap lokal: kode AI saat ini berdasar abstrak. Cari PDF (unduhan/PRIORITAS-UNDUH-MANUAL.md) lalu isi final_* dari teks lengkap.,,
