no,idx,key,tahun,judul,doi,pdf_ada,path_pdf,fatma_mekanisme,fatma_akuisisi,fatma_per_kelas,fatma_sumber_kode,fatma_halaman,fatma_referensi_hitung,fatma_tingkat_metrik,fatma_cara_kelas,catatan_fatma
1,1,felippomes2026video,2026,Video-based fruit detection and tracking: effects of scanning conditions on fruit load estimation,10.1016/j.compag.2026.112330,N,,,,,,,,,,
2,2,farhoud2026instance,2026,Instance segmentation and multi-object tracking for fruit quality grading and dynamic yield estimation in Egyptian citrus orchards,10.1016/j.atech.2026.102529,N,,,,,,,,,,
3,23,pardobeainy2026maturity,2026,Maturity and size estimation with yield mapping for hydroponic strawberries using machine vision,10.1016/j.atech.2026.102416,N,,,,,,,,,,
4,45,si2026citrus,2026,Citrus yield estimation based on multi- object tracking in video streams using an improved YOLOv8n model,10.13925/j.cnki.gsxb.20250487,N,,,,,,,,,,
5,73,park2026incremental,2026,Incremental 3D Crop Model Association for Real-Time Counting in Dense Orchards,10.1109/lra.2026.3662648,N,,,,,,,,,,
6,108,zhu2026research,2026,Research on Greenhouse Eggplant Fruit Detection and Tracking-Based Counting Using an Improved YOLOv5s-DeepSORT,10.3390/agriculture16020253,Y,literature/scopus-2026-09/pdf/zhu2026research.pdf,,,,,,,,,
7,137,zhang2025row,2025,Row-based kiwifruit counting pipeline for smartphone-captured videos using fruit tracking and detection region adaptation guided by support-post,10.1016/j.compag.2025.110476,N,,,,,,,,,,
8,142,ogundele2025real,2025,Real-Time Strawberry Ripeness Classification and Counting: An Optimized YOLOv8s Framework with Class-Aware Multi-Object Tracking,10.3390/agriculture15181906,Y,literature/scopus-2026-09/pdf/ogundele2025real.pdf,,,,,,,,,
9,175,yan2025research,2025,Research on an Apple Recognition and Yield Estimation Model Based on the Fusion of Improved YOLOv11 and DeepSORT,10.3390/agriculture15070765,Y,literature/scopus-2026-09/pdf/yan2025research.pdf,,,,,,,,,
10,207,vaishnavi2025fruit,2025,Fruit Detection and Yield Estimation using Path Aggregation Feature Pyramid Network and Deep SORT Algorithm: A Case Study on Orange Fruit,10.1109/iceca66444.2025.11383116,N,,,,,,,,,,
11,228,sasse2025object,2025,An Object-Tracking Technique for Counting Grape Clusters in Brazilian Northeast's Pergola Vineyards,10.23919/fusion65864.2025.11124157,N,,,,,,,,,,
12,266,lu2025iot,2025,IoT-Based Precision Litchi Tracking and Counting Method Using Gated Metrics,10.1109/jiot.2025.3561130,N,,,,,,,,,,
13,278,an2024stratracker,2024,StraTracker: A dynamic counting method for growing strawberries based on multi-target tracking,10.1016/j.compag.2024.109564,N,,,,,,,,,,
14,312,tu2024passion,2024,A passion fruit counting method based on the lightweight YOLOv5s and improved DeepSORT,10.1007/s11119-024-10132-1,N,,,,,,,,,,
15,325,wang2024camellia,2024,Camellia oleifera Fruit Static and Dynamic Detection Counting Based on Improved COF-YOLO v8n,10.6041/j.issn.1000-1298.2024.04.019,N,,,,,,,,,,
16,400,gremes2023system,2023,System of Counting Green Oranges Directly from Trees Using Artificial Intelligence,10.3390/agriengineering5040111,Y,literature/scopus-2026-09/pdf/gremes2023system.pdf,,,,,,,,,
17,649,genemola2020fuji,2020,Fuji-SfM dataset: A collection of annotated images and point clouds for Fuji apple detection and location using structure-from-motion photogrammetry,10.1016/j.dib.2020.105591,N,,,,,,,,,,
18,711,huang2019high,2019,"High-throughput image analysis framework for fruit detection, localization and measurement from video streams",10.13031/aim.201900487,N,,,,,,,,,,
19,838,wang2013automated,2013,Automated Crop Yield Estimation for Apple Orchards,10.1007/978-3-319-00065-7_50,N,,,,,,,,,,
20,1215,scalisi2021reliability,2021,"Reliability of a commercial platform for estimating flower cluster and fruit number, yield, tree geometry and light interception in apple trees under different rootstocks and row orientations",10.1016/j.compag.2021.106519,N,,,,,,,,,,
