local_number,pdf_file,entry_file,entry_title,entry_year,entry_doi,pdf_pages,pdf_extraction_status,master_match_type,master_record_ids,master_titles,title_abstract_screen,fulltext_document_type_signal,fulltext_per_instance_signal,fulltext_quantitative_signal,fulltext_dataset_protocol_signal,fulltext_global_output_signal,local_fulltext_assessment,assessment_basis
100,100_KAIST Multispectral Pedestrian.pdf,100 - 2015 - KAIST Multispectral Pedestrian - Pedestrian RGB-T.md,Multispectral Pedestrian Detection: Benchmark Dataset and Baseline,2015,,0,not_extracted_unmatched,none,,,,,,,,,unmatched_local_pdf,verified local PDF does not match the current search master by DOI or normalized title
101,101_IAF R-CNN (Illumination-Aware).pdf,101 - 2019 - IAF R-CNN (Illumination-Aware) - Pedestrian RGB-T.md,Illumination-aware Faster R-CNN for Robust Multispectral Pedestrian Detection,2019 (jurnal); pracetak arXiv 2018,10.1016/j.patcog.2018.08.005,0,not_extracted_unmatched,none,,,,,,,,,unmatched_local_pdf,verified local PDF does not match the current search master by DOI or normalized title
102,102_MBNet.pdf,102 - 2020 - MBNet - Pedestrian RGB-T.md,Improving Multispectral Pedestrian Detection by Addressing Modality Imbalance Problems,2020,,0,not_extracted_unmatched,none,,,,,,,,,unmatched_local_pdf,verified local PDF does not match the current search master by DOI or normalized title
103,103_GAFF.pdf,103 - 2021 - GAFF - Pedestrian RGB-T.md,Guided Attentive Feature Fusion for Multispectral Pedestrian Detection,2021,,0,not_extracted_unmatched,none,,,,,,,,,unmatched_local_pdf,verified local PDF does not match the current search master by DOI or normalized title
104,104_Cyclic Fuse-and-Refine (CFR).pdf,104 - 2020 - Cyclic Fuse-and-Refine (CFR) - Pedestrian RGB-T.md,Multispectral Fusion for Object Detection with Cyclic Fuse-and-Refine Blocks,2020,,0,not_extracted_unmatched,none,,,,,,,,,unmatched_local_pdf,verified local PDF does not match the current search master by DOI or normalized title
107,107_ORB-SLAM2.pdf,107 - 2017 - ORB-SLAM2 - RGB-D SLAM.md,"ORB-SLAM2: An Open-Source SLAM System for Monocular, Stereo, and RGB-D Cameras",2017,10.1109/tro.2017.2705103,0,not_extracted_unmatched,none,,,,,,,,,unmatched_local_pdf,verified local PDF does not match the current search master by DOI or normalized title
108,108_DynaSLAM.pdf,108 - 2018 - DynaSLAM - RGB-D SLAM.md,"DynaSLAM: Tracking, Mapping, and Inpainting in Dynamic Scenes",2018,10.1109/lra.2018.2860039,8,ok,doi,M-a76237d4dc1be9ba,"DynaSLAM: Tracking, Mapping, and Inpainting in Dynamic Scenes",advance_fulltext,,"dynaslam: tracking, mapping and inpainting in dynamic scenes berta bescos, jos ´e m. f ´acil, javier civera and jos ´e neira abstract— the assumption of scene rigidity is typical in slam algorithms.","multi-view geometry, deep learning or both. having a static map of the scene allows inpainting the frame background that has been occluded by such dynamic objects. we evaluate our system in public monocular, stereo and rgb-d datasets. we study","emoval of the dynamic objects. fig. 1: overview of dynaslam results for the rgb-d case. a consequence, they can only manage small fractions of dynamic content by classifying them as outliers to such static model. although the static assumption hol",,candidate_fulltext_eligible,per-instance or cross-observation signal plus quantitative and evaluation evidence
109,109_DS-SLAM.pdf,109 - 2018 - DS-SLAM - RGB-D SLAM.md,DS-SLAM: A Semantic Visual SLAM towards Dynamic Environments,2018,,0,not_extracted_unmatched,none,,,,,,,,,unmatched_local_pdf,verified local PDF does not match the current search master by DOI or normalized title
010,10_YOLOv11 (Overview).pdf,010 - 2024 - YOLOv11 (Overview) - Fondasi RGB.md,YOLOv11: An Overview of the Key Architectural Enhancements,2024,,0,not_extracted_unmatched,none,,,,,,,,,unmatched_local_pdf,verified local PDF does not match the current search master by DOI or normalized title
110,110_CFP-SLAM.pdf,110 - 2022 - CFP-SLAM - RGB-D SLAM.md,CFP-SLAM: A Real-Time Visual SLAM Based on Coarse-to-Fine Probability in Dynamic Environments,2022,,0,not_extracted_unmatched,none,,,,,,,,,unmatched_local_pdf,verified local PDF does not match the current search master by DOI or normalized title
111,111_Soares_Visual_SLAM.pdf,111 - 2019 - Visual SLAM YOLO vs Mask R-CNN (Soares dkk.) - RGB-D SLAM.md,Visual SLAM in Human Populated Environments: Exploring the Trade-off Between Accuracy and Speed of YOLO and Mask R-CNN,2019,10.1109/icar46387.2019.8981617,0,not_extracted_unmatched,none,,,,,,,,,unmatched_local_pdf,verified local PDF does not match the current search master by DOI or normalized title
112,112_Expandable YOLO.pdf,112 - 2020 - Expandable YOLO - YOLO plus RGB-D.md,Expandable YOLO: 3D Object Detection from RGB-D Images,2020,,0,not_extracted_unmatched,none,,,,,,,,,unmatched_local_pdf,verified local PDF does not match the current search master by DOI or normalized title
113,113_FusionVision.pdf,113 - 2024 - FusionVision - YOLO plus RGB-D.md,FusionVision: A Comprehensive Approach of 3D Object Reconstruction and Segmentation from RGB-D Cameras Using YOLO and Fast Segment Anything,2024,,0,not_extracted_unmatched,none,,,,,,,,,unmatched_local_pdf,verified local PDF does not match the current search master by DOI or normalized title
115,115_YOLOv8-URE_2D_Point_Cloud_Grasping.pdf,115 - 2025 - YOLOv8-URE 2D+Point Cloud Grasping - YOLO plus RGB-D.md,Research on a Fusion Technique of YOLOv8-URE-Based 2D Vision and Point Cloud for Robotic Grasping in Stacked Scenarios,2025,10.3390/app15126583,0,not_extracted_unmatched,none,,,,,,,,,unmatched_local_pdf,verified local PDF does not match the current search master by DOI or normalized title
117,117_Onboard Dynamic-Object Detection (Xu dkk.).pdf,117 - 2024 - Onboard Dynamic-Object Detection (Xu dkk.) - YOLO plus RGB-D.md,Onboard Dynamic-Object Detection and Tracking for Autonomous Robot Navigation with RGB-D Camera,2024 (versi arXiv pertama 2023),,0,not_extracted_unmatched,none,,,,,,,,,unmatched_local_pdf,verified local PDF does not match the current search master by DOI or normalized title
118,118_Exploring_RGB_Depth_Fusion_Ophoff_dkk.pdf,118 - 2019 - Exploring RGB+Depth Fusion (Ophoff dkk.) - YOLO plus RGB-D.md,Exploring RGB+Depth Fusion for Real-Time Object Detection,2019,10.3390/s19040866,0,not_extracted_unmatched,none,,,,,,,,,unmatched_local_pdf,verified local PDF does not match the current search master by DOI or normalized title
011,11_PP-YOLO.pdf,011 - 2020 - PP-YOLO - Fondasi RGB.md,PP-YOLO: An Effective and Efficient Implementation of Object Detector,2020,,0,not_extracted_unmatched,none,,,,,,,,,unmatched_local_pdf,verified local PDF does not match the current search master by DOI or normalized title
124,124_GeneMola_Fruit.pdf,124 - 2020 - Fruit Detection & 3D Location (Gene-Mola dkk.) - Pertanian.md,Fruit Detection and 3D Location Using Instance Segmentation Neural Networks and Structure-from-Motion Photogrammetry,2020,10.1016/j.compag.2019.105165,23,ok,doi,R-bf38b6fcf1ffadce,Fruit detection and 3D location using instance segmentation neural networks and structure-from-motion photogrammetry,advance_fulltext,,"ement-nocomercial-senseobraderivada 3.0 de creative commons fruit detection and 3d location using instance segmentation neural 1 networks and structure-from-motion photogrammetry 2 jordi gené -molaa,*, ricardo sanz -cortiellaa, joan r. rosell -poloa, jose","vilaplanab, eduard gregorioa 4 aresearch group in agroict & precision agriculture, department of agricultural and forest engineering, universitat de lleida (udl) – agrotecnio 5 center, lleida, catalonia, spain. 6 bdepartment of signal theory and com","n 11 fuji apple trees containing a total 14 of 1455 apples. results showed that, by combining instance segmentation with sfm the system performance increased from an f1 -score 15 of 0.816 (2d fruit detection) to 0.881 (3d fruit detection and locat","interest in agriculture. having this information allows 33 harvest and product ion estimates to be made, which leads to better planning of harvesting, storage and marketing tasks 34 (bargoti and underwood, 2017; nuske et al., 2014) . with such information, it is also poss",candidate_fulltext_eligible,per-instance or cross-observation signal plus quantitative and evaluation evidence
125,125_Iceberg_Lettuce_Harvesting_Robot.pdf,125 - 2020 - Iceberg Lettuce Harvesting Robot - Pertanian.md,A Field-Tested Robotic Harvesting System for Iceberg Lettuce,2020,10.1002/rob.21888,0,not_extracted_unmatched,none,,,,,,,,,unmatched_local_pdf,verified local PDF does not match the current search master by DOI or normalized title
126,126_Automated Fruit Harvesting Robot (Onishi dkk.).pdf,126 - 2019 - Automated Fruit Harvesting Robot (Onishi dkk.) - Pertanian.md,An Automated Fruit Harvesting Robot by Using Deep Learning,2019,10.1186/s40648-019-0141-2,0,not_extracted_unmatched,none,,,,,,,,,unmatched_local_pdf,verified local PDF does not match the current search master by DOI or normalized title
127,127_Fruit Detection & 3D Visualisation (Kang & Chen).pdf,127 - 2020 - Fruit Detection & 3D Visualisation (Kang & Chen) - Pertanian.md,"Fruit Detection, Segmentation and 3D Visualisation of Environments in Apple Orchards",2020,,0,not_extracted_unmatched,none,,,,,,,,,unmatched_local_pdf,verified local PDF does not match the current search master by DOI or normalized title
128,128_Systematic_Review_YOLO_Medis_Qureshi.pdf,128 - 2024 - Systematic Review YOLO Medis (Qureshi dkk.) - Medis.md,A Comprehensive Systematic Review of YOLO for Medical Object Detection (2018 to 2023),2024,10.1109/access.2024.3386826,0,not_extracted_unmatched,none,,,,,,,,,unmatched_local_pdf,verified local PDF does not match the current search master by DOI or normalized title
129,129_COVID-19 CAD dari X-Ray (Al-Antari dkk.).pdf,129 - 2021 - COVID-19 CAD dari X-Ray (Al-Antari dkk.) - Medis.md,Fast Deep Learning Computer-Aided Diagnosis of COVID-19 Based on Digital Chest X-Ray Images,2021,10.1007/s10489-020-02076-6,0,not_extracted_unmatched,none,,,,,,,,,unmatched_local_pdf,verified local PDF does not match the current search master by DOI or normalized title
012,12_R-CNN.pdf,012 - 2014 - R-CNN - Fondasi RGB.md,Rich Feature Hierarchies for Accurate Object Detection and Semantic Segmentation,2014,,0,not_extracted_unmatched,none,,,,,,,,,unmatched_local_pdf,verified local PDF does not match the current search master by DOI or normalized title
130,130_Breast_Lesion_Detection_YOLO_Fusion.pdf,130 - 2021 - Breast Lesion Detection (YOLO Fusion) - Medis.md,Breast Lesions Detection and Classification via YOLO-Based Fusion Models,2021,10.32604/cmc.2021.018461,0,not_extracted_unmatched,none,,,,,,,,,unmatched_local_pdf,verified local PDF does not match the current search master by DOI or normalized title
133,133_EFC-YOLO_Steel_Strip_Defects.pdf,133 - 2023 - EFC-YOLO (Steel Strip Defects) - Industri.md,EFC-YOLO: An Efficient Surface-Defect-Detection Algorithm for Steel Strips,2023,10.3390/s23177619,0,not_extracted_unmatched,none,,,,,,,,,unmatched_local_pdf,verified local PDF does not match the current search master by DOI or normalized title
134,134_PCB_YOLO.pdf,134 - 2024 - PCB-YOLO (PCB Defects) - Industri.md,PCB-YOLO: Enhancing PCB Surface Defect Detection with Coordinate Attention and Multi-Scale Feature Fusion,2024,10.1371/journal,0,not_extracted_unmatched,none,,,,,,,,,unmatched_local_pdf,verified local PDF does not match the current search master by DOI or normalized title
136,136_Safety_Helmet.pdf,136 - 2021 - Safety Helmet Detection (Improved YOLOv5) - Industri.md,Safety Helmet Wearing Detection Based on Improved YOLOv5,2021,,0,not_extracted_unmatched,none,,,,,,,,,unmatched_local_pdf,verified local PDF does not match the current search master by DOI or normalized title
137,137_TPH_YOLOv5.pdf,137 - 2021 - TPH-YOLOv5 (Drone Detection) - Remote Sensing.md,TPH-YOLOv5: Improved YOLOv5 Based on Transformer Prediction Head for Object Detection on Drone-Captured Scenarios,2021,,0,not_extracted_unmatched,none,,,,,,,,,unmatched_local_pdf,verified local PDF does not match the current search master by DOI or normalized title
139,139_UAV-YOLOv8_Small_Object.pdf,139 - 2023 - UAV-YOLOv8 (Small Object) - Remote Sensing.md,UAV-YOLOv8: A Small-Object-Detection Model Based on Improved YOLOv8 for UAV Aerial Photography Scenarios,2023,10.3390/s23167190,0,not_extracted_unmatched,none,,,,,,,,,unmatched_local_pdf,verified local PDF does not match the current search master by DOI or normalized title
013,13_Fast R-CNN.pdf,013 - 2015 - Fast R-CNN - Fondasi RGB.md,Fast R-CNN,2015,,0,not_extracted_unmatched,none,,,,,,,,,unmatched_local_pdf,verified local PDF does not match the current search master by DOI or normalized title
140,140_YOLT (Satellite Imagery).pdf,140 - 2018 - YOLT (Satellite Imagery) - Remote Sensing.md,You Only Look Twice: Rapid Multi-Scale Object Detection in Satellite Imagery,2018,10.1007/s11263-015-0816-y,0,not_extracted_unmatched,none,,,,,,,,,unmatched_local_pdf,verified local PDF does not match the current search master by DOI or normalized title
141,141_NYU Depth v2.pdf,141 - 2012 - NYU Depth v2 - Dataset.md,Indoor Segmentation and Support Inference from RGBD Images,2012,10.1007/978-3-642-33715-4_54,0,not_extracted_unmatched,none,,,,,,,,,unmatched_local_pdf,verified local PDF does not match the current search master by DOI or normalized title
142,142_SUN RGB-D.pdf,142 - 2015 - SUN RGB-D - Dataset.md,SUN RGB-D: A RGB-D Scene Understanding Benchmark Suite,2015,,0,not_extracted_unmatched,none,,,,,,,,,unmatched_local_pdf,verified local PDF does not match the current search master by DOI or normalized title
143,143_ScanNet.pdf,143 - 2017 - ScanNet - Dataset.md,ScanNet: Richly-Annotated 3D Reconstructions of Indoor Scenes,2017,,0,not_extracted_unmatched,none,,,,,,,,,unmatched_local_pdf,verified local PDF does not match the current search master by DOI or normalized title
144,144_KITTI.pdf,144 - 2012 - KITTI - Dataset.md,Are We Ready for Autonomous Driving? The KITTI Vision Benchmark Suite,2012,,0,not_extracted_unmatched,none,,,,,,,,,unmatched_local_pdf,verified local PDF does not match the current search master by DOI or normalized title
145,145_nuScenes.pdf,145 - 2020 - nuScenes - Dataset.md,nuScenes: A Multimodal Dataset for Autonomous Driving,2020,,0,not_extracted_unmatched,none,,,,,,,,,unmatched_local_pdf,verified local PDF does not match the current search master by DOI or normalized title
146,146_Microsoft COCO.pdf,146 - 2014 - Microsoft COCO - Dataset.md,Microsoft COCO: Common Objects in Context,2014,,0,not_extracted_unmatched,none,,,,,,,,,unmatched_local_pdf,verified local PDF does not match the current search master by DOI or normalized title
147,147_ResNet.pdf,147 - 2016 - ResNet - Fusi Multimodal.md,Deep Residual Learning for Image Recognition,2016,,0,not_extracted_unmatched,none,,,,,,,,,unmatched_local_pdf,verified local PDF does not match the current search master by DOI or normalized title
148,148_PointNet.pdf,148 - 2017 - PointNet - Fusi Multimodal.md,PointNet: Deep Learning on Point Sets for 3D Classification and Segmentation,2017,,0,not_extracted_unmatched,none,,,,,,,,,unmatched_local_pdf,verified local PDF does not match the current search master by DOI or normalized title
149,149_CBAM.pdf,149 - 2018 - CBAM - Fusi Multimodal.md,CBAM: Convolutional Block Attention Module,2018,,0,not_extracted_unmatched,none,,,,,,,,,unmatched_local_pdf,verified local PDF does not match the current search master by DOI or normalized title
014,14_Faster R-CNN.pdf,014 - 2017 - Faster R-CNN - Fondasi RGB.md,Faster R-CNN: Towards Real-Time Object Detection with Region Proposal Networks,2017,,0,not_extracted_unmatched,none,,,,,,,,,unmatched_local_pdf,verified local PDF does not match the current search master by DOI or normalized title
150,150_Survei Deteksi & Segmentasi Multimodal (Feng dkk.).pdf,150 - 2021 - Survei Deteksi & Segmentasi Multimodal (Feng dkk.) - Fusi Multimodal.md,"Deep Multi-Modal Object Detection and Semantic Segmentation for Autonomous Driving: Datasets, Methods, and Challenges",2021,10.1109/tits.2020.2971562,0,not_extracted_unmatched,none,,,,,,,,,unmatched_local_pdf,verified local PDF does not match the current search master by DOI or normalized title
151,151_Object Detection in 20 Years (Zou dkk.).pdf,151 - 2023 - Object Detection in 20 Years (Zou dkk.) - Fusi Multimodal.md,Object Detection in 20 Years: A Survey,2023,10.1109/jproc.2023.3238549,0,not_extracted_unmatched,none,,,,,,,,,unmatched_local_pdf,verified local PDF does not match the current search master by DOI or normalized title
153,153_Survei RGB-D SOD (Zhou dkk.).pdf,153 - 2021 - Survei RGB-D SOD (Zhou dkk.) - Fusi Multimodal.md,RGB-D Salient Object Detection: A Survey,2021,,0,not_extracted_unmatched,none,,,,,,,,,unmatched_local_pdf,verified local PDF does not match the current search master by DOI or normalized title
154,154_Survei Dataset RGB-D (Lopes dkk.).pdf,154 - 2022 - Survei Dataset RGB-D (Lopes dkk.) - Fusi Multimodal.md,A Survey on RGB-D Datasets,2022,10.1016/j.cviu.2022.103489,0,not_extracted_unmatched,none,,,,,,,,,unmatched_local_pdf,verified local PDF does not match the current search master by DOI or normalized title
155,155_RT-DETR.pdf,155 - 2024 - RT-DETR - Fondasi RGB.md,DETRs Beat YOLOs on Real-Time Object Detection,2024,,0,not_extracted_unmatched,none,,,,,,,,,unmatched_local_pdf,verified local PDF does not match the current search master by DOI or normalized title
156,156_YOLO-World.pdf,156 - 2024 - YOLO-World - Fondasi RGB.md,YOLO-World: Real-Time Open-Vocabulary Object Detection,2024,,0,not_extracted_unmatched,none,,,,,,,,,unmatched_local_pdf,verified local PDF does not match the current search master by DOI or normalized title
157,157_Gold-YOLO.pdf,157 - 2023 - Gold-YOLO - Fondasi RGB.md,Gold-YOLO: Efficient Object Detector via Gather-and-Distribute Mechanism,2023,,0,not_extracted_unmatched,none,,,,,,,,,unmatched_local_pdf,verified local PDF does not match the current search master by DOI or normalized title
158,158_DINO detector.pdf,158 - 2023 - DINO detector - Fondasi RGB.md,DINO: DETR with Improved DeNoising Anchor Boxes for End-to-End Object Detection,2023,,0,not_extracted_unmatched,none,,,,,,,,,unmatched_local_pdf,verified local PDF does not match the current search master by DOI or normalized title
159,159_DN-DETR.pdf,159 - 2022 - DN-DETR - Fondasi RGB.md,DN-DETR: Accelerate DETR Training by Introducing Query DeNoising,2022,,0,not_extracted_unmatched,none,,,,,,,,,unmatched_local_pdf,verified local PDF does not match the current search master by DOI or normalized title
015,15_SSD.pdf,015 - 2016 - SSD - Fondasi RGB.md,SSD: Single Shot MultiBox Detector,2016,10.1007/978-3-319-46448-0_2,0,not_extracted_unmatched,none,,,,,,,,,unmatched_local_pdf,verified local PDF does not match the current search master by DOI or normalized title
160,160_Conditional DETR.pdf,160 - 2021 - Conditional DETR - Fondasi RGB.md,Conditional DETR for Fast Training Convergence,2021,,0,not_extracted_unmatched,none,,,,,,,,,unmatched_local_pdf,verified local PDF does not match the current search master by DOI or normalized title
161,161_Sparse R-CNN.pdf,161 - 2021 - Sparse R-CNN - Fondasi RGB.md,Sparse R-CNN: End-to-End Object Detection with Learnable Proposals,2021,,0,not_extracted_unmatched,none,,,,,,,,,unmatched_local_pdf,verified local PDF does not match the current search master by DOI or normalized title
162,162_ConvNeXt.pdf,162 - 2022 - ConvNeXt - Fondasi RGB.md,A ConvNet for the 2020s,2022,,0,not_extracted_unmatched,none,,,,,,,,,unmatched_local_pdf,verified local PDF does not match the current search master by DOI or normalized title
163,163_Swin Transformer V2.pdf,163 - 2022 - Swin Transformer V2 - Fondasi RGB.md,Swin Transformer V2: Scaling Up Capacity and Resolution,2022,,0,not_extracted_unmatched,none,,,,,,,,,unmatched_local_pdf,verified local PDF does not match the current search master by DOI or normalized title
164,164_Pyramid Vision Transformer.pdf,164 - 2021 - Pyramid Vision Transformer - Fondasi RGB.md,Pyramid Vision Transformer: A Versatile Backbone for Dense Prediction without Convolutions,2021,,0,not_extracted_unmatched,none,,,,,,,,,unmatched_local_pdf,verified local PDF does not match the current search master by DOI or normalized title
165,165_Co-DETR.pdf,165 - 2023 - Co-DETR - Fondasi RGB.md,DETRs with Collaborative Hybrid Assignments Training,2023,,0,not_extracted_unmatched,none,,,,,,,,,unmatched_local_pdf,verified local PDF does not match the current search master by DOI or normalized title
166,166_CoNet.pdf,166 - 2020 - CoNet - RGB-D SOD.md,Accurate RGB-D Salient Object Detection via Collaborative Learning,2020,,0,not_extracted_unmatched,none,,,,,,,,,unmatched_local_pdf,verified local PDF does not match the current search master by DOI or normalized title
167,167_DCF.pdf,167 - 2021 - DCF - RGB-D SOD.md,Calibrated RGB-D Salient Object Detection,2021,,0,not_extracted_unmatched,none,,,,,,,,,unmatched_local_pdf,verified local PDF does not match the current search master by DOI or normalized title
168,168_SPNet.pdf,168 - 2021 - SPNet - RGB-D SOD.md,Specificity-preserving RGB-D Saliency Detection,2021,,0,not_extracted_unmatched,none,,,,,,,,,unmatched_local_pdf,verified local PDF does not match the current search master by DOI or normalized title
169,169_CAVER.pdf,169 - 2023 - CAVER - RGB-D SOD.md,CAVER: Cross-Modal View-Mixed Transformer for Bi-Modal Salient Object Detection,2023,,0,not_extracted_unmatched,none,,,,,,,,,unmatched_local_pdf,verified local PDF does not match the current search master by DOI or normalized title
016,16_RetinaNet (Focal Loss).pdf,016 - 2017 - RetinaNet (Focal Loss) - Fondasi RGB.md,Focal Loss for Dense Object Detection,2017,,0,not_extracted_unmatched,none,,,,,,,,,unmatched_local_pdf,verified local PDF does not match the current search master by DOI or normalized title
170,170_MobileSal.pdf,170 - 2022 - MobileSal - RGB-D SOD.md,MobileSal: Extremely Efficient RGB-D Salient Object Detection,2022,,0,not_extracted_unmatched,none,,,,,,,,,unmatched_local_pdf,verified local PDF does not match the current search master by DOI or normalized title
171,171_SegFormer.pdf,171 - 2021 - SegFormer - Segmentasi RGB-D.md,SegFormer: Simple and Efficient Design for Semantic Segmentation with Transformers,2021,,0,not_extracted_unmatched,none,,,,,,,,,unmatched_local_pdf,verified local PDF does not match the current search master by DOI or normalized title
172,172_EMSANet.pdf,172 - 2022 - EMSANet - Segmentasi RGB-D.md,Efficient Multi-Task RGB-D Scene Analysis for Indoor Environments,2022,,0,not_extracted_unmatched,none,,,,,,,,,unmatched_local_pdf,verified local PDF does not match the current search master by DOI or normalized title
173,173_GeminiFusion.pdf,173 - 2024 - GeminiFusion - Segmentasi RGB-D.md,GeminiFusion: Efficient Pixel-wise Multimodal Fusion for Vision Transformer,2024,,0,not_extracted_unmatched,none,,,,,,,,,unmatched_local_pdf,verified local PDF does not match the current search master by DOI or normalized title
174,174_Omnivore.pdf,174 - 2022 - Omnivore - Segmentasi RGB-D.md,Omnivore: A Single Model for Many Visual Modalities,2022,,0,not_extracted_unmatched,none,,,,,,,,,unmatched_local_pdf,verified local PDF does not match the current search master by DOI or normalized title
175,175_Depth Anything V2.pdf,175 - 2024 - Depth Anything V2 - Estimasi Kedalaman.md,Depth Anything V2,2024,,0,not_extracted_unmatched,none,,,,,,,,,unmatched_local_pdf,verified local PDF does not match the current search master by DOI or normalized title
176,176_ZoeDepth.pdf,176 - 2023 - ZoeDepth - Estimasi Kedalaman.md,ZoeDepth: Zero-shot Transfer by Combining Relative and Metric Depth,2023,,0,not_extracted_unmatched,none,,,,,,,,,unmatched_local_pdf,verified local PDF does not match the current search master by DOI or normalized title
177,177_Metric3D.pdf,177 - 2023 - Metric3D - Estimasi Kedalaman.md,Metric3D: Towards Zero-Shot Metric 3D Prediction from a Single Image,2023,,0,not_extracted_unmatched,none,,,,,,,,,unmatched_local_pdf,verified local PDF does not match the current search master by DOI or normalized title
178,178_Marigold.pdf,178 - 2024 - Marigold - Estimasi Kedalaman.md,Repurposing Diffusion-Based Image Generators for Monocular Depth Estimation,2024,,0,not_extracted_unmatched,none,,,,,,,,,unmatched_local_pdf,verified local PDF does not match the current search master by DOI or normalized title
179,179_NeWCRFs.pdf,179 - 2022 - NeWCRFs - Estimasi Kedalaman.md,Neural Window Fully-connected CRFs for Monocular Depth Estimation,2022,,0,not_extracted_unmatched,none,,,,,,,,,unmatched_local_pdf,verified local PDF does not match the current search master by DOI or normalized title
017,17_Mask R-CNN.pdf,017 - 2017 - Mask R-CNN - Fondasi RGB.md,Mask R-CNN,2017,,0,not_extracted_unmatched,none,,,,,,,,,unmatched_local_pdf,verified local PDF does not match the current search master by DOI or normalized title
180,180_GDR-Net.pdf,180 - 2021 - GDR-Net - Pose 6D.md,GDR-Net: Geometry-Guided Direct Regression Network for Monocular 6D Object Pose Estimation,2021,10.1109/tpami.2025.3553485,0,not_extracted_unmatched,none,,,,,,,,,unmatched_local_pdf,verified local PDF does not match the current search master by DOI or normalized title
181,181_ZebraPose.pdf,181 - 2022 - ZebraPose - Pose 6D.md,ZebraPose: Coarse to Fine Surface Encoding for 6DoF Object Pose Estimation,2022,,0,not_extracted_unmatched,none,,,,,,,,,unmatched_local_pdf,verified local PDF does not match the current search master by DOI or normalized title
182,182_OnePose.pdf,182 - 2022 - OnePose - Pose 6D.md,OnePose: One-Shot Object Pose Estimation without CAD Models,2022,,10,ok,title,R-ddb2fd36fb7c30b7,OnePose: One-Shot Object Pose Estimation without CAD Models,advance_fulltext,,"(slam). notably, bundletrack [45] pro- poses an online pose tracking pipeline without instance- or category-level models, which resembles ours mostly. how- ever, it uses 2d-2d feature matching instead of 2d-3d as in ours. to recover the 3d informat","twork for each category are unaffordable in many real world ap- plications, e.g., mobile ar, when the number of object cat- egories to be handled is huge. to alleviate the demand for cad models or category- specific training, we go back to an","y categories without instance- or category-specific network training. onepose draws the idea from visual localization and only requires a simple rgb video scan of the object to build a sparse sfm model of the object. then, this model is registered",,candidate_fulltext_eligible,per-instance or cross-observation signal plus quantitative and evaluation evidence
183,183_Contact-GraspNet.pdf,183 - 2021 - Contact-GraspNet - Grasp Robotik.md,Contact-GraspNet: Efficient 6-DoF Grasp Generation in Cluttered Scenes,2021,,0,not_extracted_unmatched,none,,,,,,,,,unmatched_local_pdf,verified local PDF does not match the current search master by DOI or normalized title
184,184_VGN.pdf,184 - 2020 - VGN - Grasp Robotik.md,Volumetric Grasping Network: Real-Time 6 DOF Grasp Detection in Clutter,2020,,0,not_extracted_unmatched,none,,,,,,,,,unmatched_local_pdf,verified local PDF does not match the current search master by DOI or normalized title
185,185_CenterPoint.pdf,185 - 2021 - CenterPoint - Deteksi 3D.md,Center-Based 3D Object Detection and Tracking,2021,,0,not_extracted_unmatched,none,,,,,,,,,unmatched_local_pdf,verified local PDF does not match the current search master by DOI or normalized title
186,186_PV-RCNN.pdf,186 - 2020 - PV-RCNN - Deteksi 3D.md,PV-RCNN: Point-Voxel Feature Set Abstraction for 3D Object Detection,2020,,0,not_extracted_unmatched,none,,,,,,,,,unmatched_local_pdf,verified local PDF does not match the current search master by DOI or normalized title
187,187_BEVFormer.pdf,187 - 2022 - BEVFormer - Deteksi 3D.md,BEVFormer: Learning Bird's-Eye-View Representation from Multi-Camera Images via Spatiotemporal Transformers,2022,,0,not_extracted_unmatched,none,,,,,,,,,unmatched_local_pdf,verified local PDF does not match the current search master by DOI or normalized title
188,188_DETR3D.pdf,188 - 2022 - DETR3D - Deteksi 3D.md,DETR3D: 3D Object Detection from Multi-View Images via 3D-to-2D Queries,2022,,0,not_extracted_unmatched,none,,,,,,,,,unmatched_local_pdf,verified local PDF does not match the current search master by DOI or normalized title
189,189_CFT multispectral.pdf,189 - 2022 - CFT multispectral - Pedestrian RGB-T.md,Cross-Modality Fusion Transformer for Multispectral Object Detection,"2021 (arXiv), diproses untuk *Image and Vision Computing*",,0,not_extracted_unmatched,none,,,,,,,,,unmatched_local_pdf,verified local PDF does not match the current search master by DOI or normalized title
018,18_Feature Pyramid Networks (FPN).pdf,018 - 2017 - Feature Pyramid Networks (FPN) - Fondasi RGB.md,Feature Pyramid Networks for Object Detection,2017,10.48550/arxiv.1612.03144,0,not_extracted_unmatched,none,,,,,,,,,unmatched_local_pdf,verified local PDF does not match the current search master by DOI or normalized title
190,190_ORB-SLAM3.pdf,190 - 2021 - ORB-SLAM3 - RGB-D SLAM.md,"ORB-SLAM3: An Accurate Open-Source Library for Visual, Visual-Inertial, and Multimap SLAM",2021,10.1109/tro.2021.3075644,0,not_extracted_unmatched,none,,,,,,,,,unmatched_local_pdf,verified local PDF does not match the current search master by DOI or normalized title
191,191_DROID-SLAM.pdf,191 - 2021 - DROID-SLAM - RGB-D SLAM.md,"DROID-SLAM: Deep Visual SLAM for Monocular, Stereo, and RGB-D Cameras",2021,,0,not_extracted_unmatched,none,,,,,,,,,unmatched_local_pdf,verified local PDF does not match the current search master by DOI or normalized title
192,192_YOLO26 Detektor Real-Time End-to-End.pdf,192 - 2025 - YOLO26 Detektor Real-Time End-to-End - Fondasi RGB.md,YOLO26: Key Architectural Enhancements and Performance Benchmarking for Real-Time Object Detection,2025,,0,not_extracted_unmatched,none,,,,,,,,,unmatched_local_pdf,verified local PDF does not match the current search master by DOI or normalized title
193,193_RF-DETR NAS untuk Detektor Transformer Real-Time.pdf,193 - 2025 - RF-DETR NAS untuk Detektor Transformer Real-Time - Fondasi RGB.md,RF-DETR: Neural Architecture Search for Real-Time Detection Transformers,2025 (diterima ICLR 2026),,0,not_extracted_unmatched,none,,,,,,,,,unmatched_local_pdf,verified local PDF does not match the current search master by DOI or normalized title
194,194_Le-DETR Encoder Efisien untuk DETR Real-Time.pdf,194 - 2026 - Le-DETR Encoder Efisien untuk DETR Real-Time - Fondasi RGB.md,Le-DETR: Revisiting Real-Time Detection Transformer with Efficient Encoder Design,2026,,0,not_extracted_unmatched,none,,,,,,,,,unmatched_local_pdf,verified local PDF does not match the current search master by DOI or normalized title
195,195_RiO-DETR Deteksi Objek Berorientasi Real-Time.pdf,195 - 2026 - RiO-DETR Deteksi Objek Berorientasi Real-Time - Remote Sensing.md,RiO-DETR: DETR for Real-time Oriented Object Detection,2026,10.1016/j,0,not_extracted_unmatched,none,,,,,,,,,unmatched_local_pdf,verified local PDF does not match the current search master by DOI or normalized title
196,196_GL-DMNet Dual Mutual Learning RGB-D SOD.pdf,196 - 2025 - GL-DMNet Dual Mutual Learning RGB-D SOD - RGB-D SOD.md,Dual Mutual Learning Network with Global-local Awareness for RGB-D Salient Object Detection,2025,,0,not_extracted_unmatched,none,,,,,,,,,unmatched_local_pdf,verified local PDF does not match the current search master by DOI or normalized title
197,197_DiffPixelFormer Segmentasi Scene RGB-D Indoor.pdf,197 - 2025 - DiffPixelFormer Segmentasi Scene RGB-D Indoor - Segmentasi RGB-D.md,DiffPixelFormer: Differential Pixel-Aware Transformer for RGB-D Indoor Scene Segmentation,2025,,0,not_extracted_unmatched,none,,,,,,,,,unmatched_local_pdf,verified local PDF does not match the current search master by DOI or normalized title
198,198_Depth Anything 3 Geometri dari Sembarang Pandangan.pdf,198 - 2025 - Depth Anything 3 Geometri dari Sembarang Pandangan - Estimasi Kedalaman.md,Depth Anything 3: Recovering the Visual Space from Any Views,2025,,0,not_extracted_unmatched,none,,,,,,,,,unmatched_local_pdf,verified local PDF does not match the current search master by DOI or normalized title
199,199_Survei Estimasi Kedalaman Metrik Monokular.pdf,199 - 2025 - Survei Estimasi Kedalaman Metrik Monokular - Estimasi Kedalaman.md,Survey on Monocular Metric Depth Estimation,2025,,0,not_extracted_unmatched,none,,,,,,,,,unmatched_local_pdf,verified local PDF does not match the current search master by DOI or normalized title
019,19_FCOS.pdf,019 - 2019 - FCOS - Fondasi RGB.md,FCOS: Fully Convolutional One-Stage Object Detection,2019,,0,not_extracted_unmatched,none,,,,,,,,,unmatched_local_pdf,verified local PDF does not match the current search master by DOI or normalized title
001,1_You Only Look Once (YOLOv1).pdf,001 - 2016 - You Only Look Once (YOLOv1) - Fondasi RGB.md,"You Only Look Once: Unified, Real-Time Object Detection",2016,,0,not_extracted_unmatched,none,,,,,,,,,unmatched_local_pdf,verified local PDF does not match the current search master by DOI or normalized title
200,200_AsyncMDE Kedalaman Monokular Real-Time Memori Spasial.pdf,200 - 2026 - AsyncMDE Kedalaman Monokular Real-Time Memori Spasial - Estimasi Kedalaman.md,AsyncMDE: Real-Time Monocular Depth Estimation via Asynchronous Spatial Memory,2026,,0,not_extracted_unmatched,none,,,,,,,,,unmatched_local_pdf,verified local PDF does not match the current search master by DOI or normalized title
201,201_UniDAC Kedalaman Metrik Universal untuk Sembarang Kamera.pdf,201 - 2026 - UniDAC Kedalaman Metrik Universal untuk Sembarang Kamera - Estimasi Kedalaman.md,UniDAC: Universal Metric Depth Estimation for Any Camera,2026,,0,not_extracted_unmatched,none,,,,,,,,,unmatched_local_pdf,verified local PDF does not match the current search master by DOI or normalized title
202,202_Focusable Monocular Depth Estimation.pdf,202 - 2026 - Focusable Monocular Depth Estimation - Estimasi Kedalaman.md,Focusable Monocular Depth Estimation,2026,,0,not_extracted_unmatched,none,,,,,,,,,unmatched_local_pdf,verified local PDF does not match the current search master by DOI or normalized title
020,20_CenterNet (Objects as Points).pdf,020 - 2019 - CenterNet (Objects as Points) - Fondasi RGB.md,Objects as Points,2019,,0,not_extracted_unmatched,none,,,,,,,,,unmatched_local_pdf,verified local PDF does not match the current search master by DOI or normalized title
021,21_EfficientDet.pdf,021 - 2020 - EfficientDet - Fondasi RGB.md,EfficientDet: Scalable and Efficient Object Detection,2020,,0,not_extracted_unmatched,none,,,,,,,,,unmatched_local_pdf,verified local PDF does not match the current search master by DOI or normalized title
022,22_DETR.pdf,022 - 2020 - DETR - Fondasi RGB.md,End-to-End Object Detection with Transformers,2020,10.48550/arxiv.2005.12872,0,not_extracted_unmatched,none,,,,,,,,,unmatched_local_pdf,verified local PDF does not match the current search master by DOI or normalized title
023,23_Deformable DETR.pdf,023 - 2021 - Deformable DETR - Fondasi RGB.md,Deformable DETR: Deformable Transformers for End-to-End Object Detection,2021,,0,not_extracted_unmatched,none,,,,,,,,,unmatched_local_pdf,verified local PDF does not match the current search master by DOI or normalized title
024,24_Vision Transformer (ViT).pdf,024 - 2021 - Vision Transformer (ViT) - Fondasi RGB.md,An Image is Worth 16x16 Words: Transformers for Image Recognition at Scale,2021,,0,not_extracted_unmatched,none,,,,,,,,,unmatched_local_pdf,verified local PDF does not match the current search master by DOI or normalized title
025,25_Swin Transformer.pdf,025 - 2021 - Swin Transformer - Fondasi RGB.md,Swin Transformer: Hierarchical Vision Transformer Using Shifted Windows,2021,,0,not_extracted_unmatched,none,,,,,,,,,unmatched_local_pdf,verified local PDF does not match the current search master by DOI or normalized title
026,26_Review YOLO (Terven dkk.).pdf,026 - 2023 - Review YOLO (Terven dkk.) - Survei YOLO.md,A Comprehensive Review of YOLO Architectures in Computer Vision: From YOLOv1 to YOLOv8 and YOLO-NAS,2023,10.3390/make5040083,0,not_extracted_unmatched,none,,,,,,,,,unmatched_local_pdf,verified local PDF does not match the current search master by DOI or normalized title
027,27_Review_YOLO_Manufaktur_Hussain.pdf,027 - 2023 - Review YOLO Manufaktur (Hussain) - Survei YOLO.md,"YOLO-v1 to YOLO-v8, the Rise of YOLO and Its Complementary Nature toward Digital Manufacturing and Industrial Defect Detection",2023,10.3390/machines11070677,0,not_extracted_unmatched,none,,,,,,,,,unmatched_local_pdf,verified local PDF does not match the current search master by DOI or normalized title
028,28_Jiang_YOLO_Review.pdf,028 - 2022 - Review Perkembangan YOLO (Jiang dkk.) - Survei YOLO.md,A Review of Yolo Algorithm Developments,2022,10.1016/j.procs.2022.01.135,0,not_extracted_unmatched,none,,,,,,,,,unmatched_local_pdf,verified local PDF does not match the current search master by DOI or normalized title
029,29_Review YOLO Pertanian (Sapkota dkk.).pdf,029 - 2024 - Review YOLO Pertanian (Sapkota dkk.) - Survei YOLO.md,YOLOv1 to YOLOv10: A Comprehensive Review of YOLO Variants and Their Application in the Agricultural Domain,2024,,31,ok,title,R-13fac9dfb1d3c840,YOLOv1 to YOLOv10: A comprehensive review of YOLO variants and their application in the agricultural domain,advance_fulltext,yolov1 to yolov10: a comprehensive review of yolo variants and their application in the agricultural domain yolo v1 to yolo v10: a comprehensive review of yolo variants and their application in the agricultural domain muj,"he primary objective is to elucidate how these cutting-edge object detection models can re-energise and optimize diverse aspects of agriculture, ranging from crop monitoring to livestock management. it aims to achieve key objectives, including the identifi","lov10, offering a fresh perspective on its implications for precision farming and sustainable agricultural practices in the era of artificial intelligence and automation. further, the survey undertakes a critical analysis of yolo’s performance, synt","ncements in several fields, including architectural design, training strategies, and optimisation techniques. the later variants of yolo are designed to tackle challenges such as small object targets, occlusions, and improving performance across di","tasks such as crop monitoring [ 4], disease detection [ 5], yield estimation [6], and livestock management. the real-time capacity offered by yolo, coupled with its accuracy and adaptability, make yolo variants an attractive solution for addressing the evo",needs_manual_local_review,"review or non-primary document signal; verify IC1, EC2, and EC5 from full text"
002,2_YOLO9000 (YOLOv2).pdf,002 - 2017 - YOLO9000 (YOLOv2) - Fondasi RGB.md,"YOLO9000: Better, Faster, Stronger",2017,,0,not_extracted_unmatched,none,,,,,,,,,unmatched_local_pdf,verified local PDF does not match the current search master by DOI or normalized title
030,30_YOLO Advances to Its Genesis (Sapkota dkk.).pdf,030 - 2025 - Tinjauan Dekade YOLO (Sapkota dkk.) - Survei YOLO.md,YOLO advances to its genesis: a decadal and comprehensive review of the You Only Look Once (YOLO) series,2025 (versi pracetak pertama Juni 2024),10.1007/s10462-025-11253-3,0,not_extracted_unmatched,none,,,,,,,,,unmatched_local_pdf,verified local PDF does not match the current search master by DOI or normalized title
031,31_YOLO-based Object Detection Models (Vijayakumar & Vairavasundaram).pdf,031 - 2024 - Systematic Review YOLO (Vijayakumar & Vairavasundaram) - Survei YOLO.md,YOLO-based Object Detection Models: A Review and its Applications,2024,10.1007/s11042-024-18872-y,0,not_extracted_unmatched,none,,,,,,,,,unmatched_local_pdf,verified local PDF does not match the current search master by DOI or normalized title
032,32_YOLO Evolution Benchmark (Alif & Hussain).pdf,032 - 2024 - YOLO Evolution Benchmark (Alif & Hussain) - Survei YOLO.md,"YOLO Evolution: A Comprehensive Benchmark and Architectural Review of YOLOv12, YOLO11, and Their Previous Versions",2024,,0,not_extracted_unmatched,none,,,,,,,,,unmatched_local_pdf,verified local PDF does not match the current search master by DOI or normalized title
035,35_DMRA.pdf,035 - 2019 - DMRA - RGB-D SOD.md,Depth-Induced Multi-Scale Recurrent Attention Network for Saliency Detection,2019,,0,not_extracted_unmatched,none,,,,,,,,,unmatched_local_pdf,verified local PDF does not match the current search master by DOI or normalized title
036,36_BBS-Net.pdf,036 - 2020 - BBS-Net - RGB-D SOD.md,BBS-Net: RGB-D Salient Object Detection with a Bifurcated Backbone Strategy Network,2020,10.1109/tip.2021.3116793,0,not_extracted_unmatched,none,,,,,,,,,unmatched_local_pdf,verified local PDF does not match the current search master by DOI or normalized title
037,37_D3Net (Rethinking RGB-D SOD).pdf,037 - 2021 - D3Net (Rethinking RGB-D SOD) - RGB-D SOD.md,"Rethinking RGB-D Salient Object Detection: Models, Data Sets, and Large-Scale Benchmarks",2021,10.1109/tnnls.2020.2996406,0,not_extracted_unmatched,none,,,,,,,,,unmatched_local_pdf,verified local PDF does not match the current search master by DOI or normalized title
038,38_JL-DCF.pdf,038 - 2020 - JL-DCF - RGB-D SOD.md,JL-DCF: Joint Learning and Densely-Cooperative Fusion Framework for RGB-D Salient Object Detection,2020,,0,not_extracted_unmatched,none,,,,,,,,,unmatched_local_pdf,verified local PDF does not match the current search master by DOI or normalized title
039,39_S2MA.pdf,039 - 2020 - S2MA - RGB-D SOD.md,Learning Selective Self-Mutual Attention for RGB-D Saliency Detection,2020,,0,not_extracted_unmatched,none,,,,,,,,,unmatched_local_pdf,verified local PDF does not match the current search master by DOI or normalized title
003,3_YOLOv3.pdf,003 - 2018 - YOLOv3 - Fondasi RGB.md,YOLOv3: An Incremental Improvement,2018,,0,not_extracted_unmatched,none,,,,,,,,,unmatched_local_pdf,verified local PDF does not match the current search master by DOI or normalized title
040,40_HDFNet.pdf,040 - 2020 - HDFNet - RGB-D SOD.md,Hierarchical Dynamic Filtering Network for RGB-D Salient Object Detection,2020,,0,not_extracted_unmatched,none,,,,,,,,,unmatched_local_pdf,verified local PDF does not match the current search master by DOI or normalized title
041,41_UC-Net.pdf,041 - 2020 - UC-Net - RGB-D SOD.md,UC-Net: Uncertainty Inspired RGB-D Saliency Detection via Conditional Variational Autoencoders,2020,,0,not_extracted_unmatched,none,,,,,,,,,unmatched_local_pdf,verified local PDF does not match the current search master by DOI or normalized title
042,42_Visual Saliency Transformer (VST).pdf,042 - 2021 - Visual Saliency Transformer (VST) - RGB-D SOD.md,Visual Saliency Transformer,2021,,0,not_extracted_unmatched,none,,,,,,,,,unmatched_local_pdf,verified local PDF does not match the current search master by DOI or normalized title
043,43_SwinNet.pdf,043 - 2022 - SwinNet - RGB-D SOD.md,SwinNet: Swin Transformer Drives Edge-Aware RGB-D and RGB-T Salient Object Detection,2022,10.1109/tcsvt.2021.3127149,0,not_extracted_unmatched,none,,,,,,,,,unmatched_local_pdf,verified local PDF does not match the current search master by DOI or normalized title
044,44_TriTransNet.pdf,044 - 2021 - TriTransNet - RGB-D SOD.md,TriTransNet: RGB-D Salient Object Detection with a Triplet Transformer Embedding Network,2021,10.1145/3474085.3475601,0,not_extracted_unmatched,none,,,,,,,,,unmatched_local_pdf,verified local PDF does not match the current search master by DOI or normalized title
045,45_DSA2F.pdf,045 - 2021 - DSA2F - RGB-D SOD.md,Deep RGB-D Saliency Detection with Depth-Sensitive Attention and Automatic Multi-Modal Fusion,2021,,0,not_extracted_unmatched,none,,,,,,,,,unmatched_local_pdf,verified local PDF does not match the current search master by DOI or normalized title
046,46_CIR-Net.pdf,046 - 2022 - CIR-Net - RGB-D SOD.md,CIR-Net: Cross-modality Interaction and Refinement for RGB-D Salient Object Detection,2022,10.1109/tip.2022.3216198,0,not_extracted_unmatched,none,,,,,,,,,unmatched_local_pdf,verified local PDF does not match the current search master by DOI or normalized title
004,4_YOLOv4.pdf,004 - 2020 - YOLOv4 - Fondasi RGB.md,YOLOv4: Optimal Speed and Accuracy of Object Detection,2020,,0,not_extracted_unmatched,none,,,,,,,,,unmatched_local_pdf,verified local PDF does not match the current search master by DOI or normalized title
050,50_HiDAnet.pdf,050 - 2023 - HiDAnet - RGB-D SOD.md,HiDAnet: RGB-D Salient Object Detection via Hierarchical Depth Awareness,2023,,0,not_extracted_unmatched,none,,,,,,,,,unmatched_local_pdf,verified local PDF does not match the current search master by DOI or normalized title
051,51_FuseNet.pdf,051 - 2016 - FuseNet - Segmentasi RGB-D.md,FuseNet: Incorporating Depth into Semantic Segmentation via Fusion-Based CNN Architecture,2016,10.1007/978-3-319-54181-5_14,0,not_extracted_unmatched,none,,,,,,,,,unmatched_local_pdf,verified local PDF does not match the current search master by DOI or normalized title
052,52_RedNet.pdf,052 - 2018 - RedNet - Segmentasi RGB-D.md,RedNet: Residual Encoder-Decoder Network for Indoor RGB-D Semantic Segmentation,2018,10.48550/arxiv.1806.01054,0,not_extracted_unmatched,none,,,,,,,,,unmatched_local_pdf,verified local PDF does not match the current search master by DOI or normalized title
053,53_RDFNet.pdf,053 - 2017 - RDFNet - Segmentasi RGB-D.md,RDFNet: RGB-D Multi-level Residual Feature Fusion for Indoor Semantic Segmentation,2017,,0,not_extracted_unmatched,none,,,,,,,,,unmatched_local_pdf,verified local PDF does not match the current search master by DOI or normalized title
054,54_ACNet.pdf,054 - 2019 - ACNet - Segmentasi RGB-D.md,ACNet: Attention Based Network to Exploit Complementary Features for RGBD Semantic Segmentation,2019,10.1109/icip.2019.8803025,0,not_extracted_unmatched,none,,,,,,,,,unmatched_local_pdf,verified local PDF does not match the current search master by DOI or normalized title
055,55_SA-Gate.pdf,055 - 2020 - SA-Gate - Segmentasi RGB-D.md,Bi-Directional Cross-Modality Feature Propagation with Separation-and-Aggregation Gate for RGB-D Semantic Segmentation,2020,10.48550/arxiv.2007.09183,0,not_extracted_unmatched,none,,,,,,,,,unmatched_local_pdf,verified local PDF does not match the current search master by DOI or normalized title
056,56_ESANet.pdf,056 - 2021 - ESANet - Segmentasi RGB-D.md,Efficient RGB-D Semantic Segmentation for Indoor Scene Analysis,2021,,0,not_extracted_unmatched,none,,,,,,,,,unmatched_local_pdf,verified local PDF does not match the current search master by DOI or normalized title
057,57_ShapeConv.pdf,057 - 2021 - ShapeConv - Segmentasi RGB-D.md,ShapeConv: Shape-aware Convolutional Layer for Indoor RGB-D Semantic Segmentation,2021,,0,not_extracted_unmatched,none,,,,,,,,,unmatched_local_pdf,verified local PDF does not match the current search master by DOI or normalized title
058,58_CMX.pdf,058 - 2023 - CMX - Segmentasi RGB-D.md,CMX: Cross-Modal Fusion for RGB-X Semantic Segmentation with Transformers,2023,,0,not_extracted_unmatched,none,,,,,,,,,unmatched_local_pdf,verified local PDF does not match the current search master by DOI or normalized title
005,5_YOLOX.pdf,005 - 2021 - YOLOX - Fondasi RGB.md,YOLOX: Exceeding YOLO Series in 2021,2021,,0,not_extracted_unmatched,none,,,,,,,,,unmatched_local_pdf,verified local PDF does not match the current search master by DOI or normalized title
060,60_Multimodal Token Fusion.pdf,060 - 2022 - Multimodal Token Fusion - Segmentasi RGB-D.md,Multimodal Token Fusion for Vision Transformers,2022,10.48550/arxiv.2204.08721,0,not_extracted_unmatched,none,,,,,,,,,unmatched_local_pdf,verified local PDF does not match the current search master by DOI or normalized title
061,61_DFormer.pdf,061 - 2024 - DFormer - Segmentasi RGB-D.md,DFormer: Rethinking RGBD Representation Learning for Semantic Segmentation,2024,,0,not_extracted_unmatched,none,,,,,,,,,unmatched_local_pdf,verified local PDF does not match the current search master by DOI or normalized title
062,62_Depth dari Citra Tunggal (Eigen dkk.).pdf,062 - 2014 - Depth dari Citra Tunggal (Eigen dkk.) - Estimasi Kedalaman.md,Depth Map Prediction from a Single Image Using a Multi-Scale Deep Network,2014,,0,not_extracted_unmatched,none,,,,,,,,,unmatched_local_pdf,verified local PDF does not match the current search master by DOI or normalized title
063,63_Monodepth (Left-Right Consistency).pdf,063 - 2017 - Monodepth (Left-Right Consistency) - Estimasi Kedalaman.md,Unsupervised Monocular Depth Estimation with Left-Right Consistency,2017,,0,not_extracted_unmatched,none,,,,,,,,,unmatched_local_pdf,verified local PDF does not match the current search master by DOI or normalized title
064,64_Monodepth2.pdf,064 - 2019 - Monodepth2 - Estimasi Kedalaman.md,Digging into Self-Supervised Monocular Depth Estimation,2019,,0,not_extracted_unmatched,none,,,,,,,,,unmatched_local_pdf,verified local PDF does not match the current search master by DOI or normalized title
065,65_BTS (Local Planar Guidance).pdf,065 - 2019 - BTS (Local Planar Guidance) - Estimasi Kedalaman.md,From Big to Small: Multi-Scale Local Planar Guidance for Monocular Depth Estimation,2019,,0,not_extracted_unmatched,none,,,,,,,,,unmatched_local_pdf,verified local PDF does not match the current search master by DOI or normalized title
066,66_AdaBins.pdf,066 - 2021 - AdaBins - Estimasi Kedalaman.md,AdaBins: Depth Estimation Using Adaptive Bins,2021,10.1109/cvpr46437.2021.00400,0,not_extracted_unmatched,none,,,,,,,,,unmatched_local_pdf,verified local PDF does not match the current search master by DOI or normalized title
067,67_DPT (Dense Prediction Transformer).pdf,067 - 2021 - DPT (Dense Prediction Transformer) - Estimasi Kedalaman.md,Vision Transformers for Dense Prediction,2021,,0,not_extracted_unmatched,none,,,,,,,,,unmatched_local_pdf,verified local PDF does not match the current search master by DOI or normalized title
068,68_MiDaS (Robust Monocular Depth).pdf,068 - 2022 - MiDaS (Robust Monocular Depth) - Estimasi Kedalaman.md,Towards Robust Monocular Depth Estimation: Mixing Datasets for Zero-Shot Cross-Dataset Transfer,2022 (praterbit arXiv 2019; diterima 2020),,0,not_extracted_unmatched,none,,,,,,,,,unmatched_local_pdf,verified local PDF does not match the current search master by DOI or normalized title
069,69_PackNet.pdf,069 - 2020 - PackNet - Estimasi Kedalaman.md,3D Packing for Self-Supervised Monocular Depth Estimation,2020,,0,not_extracted_unmatched,none,,,,,,,,,unmatched_local_pdf,verified local PDF does not match the current search master by DOI or normalized title
006,6_YOLOv6.pdf,006 - 2022 - YOLOv6 - Fondasi RGB.md,YOLOv6: A Single-Stage Object Detection Framework for Industrial Applications,2022,,0,not_extracted_unmatched,none,,,,,,,,,unmatched_local_pdf,verified local PDF does not match the current search master by DOI or normalized title
070,70_MonoIndoor.pdf,070 - 2021 - MonoIndoor - Estimasi Kedalaman.md,MonoIndoor: Towards Good Practice of Self-Supervised Monocular Depth Estimation for Indoor Environments,2021,10.48550/arxiv.2107.12429,0,not_extracted_unmatched,none,,,,,,,,,unmatched_local_pdf,verified local PDF does not match the current search master by DOI or normalized title
071,71_Depth Anything.pdf,071 - 2024 - Depth Anything - Estimasi Kedalaman.md,Depth Anything: Unleashing the Power of Large-Scale Unlabeled Data,2024,,0,not_extracted_unmatched,none,,,,,,,,,unmatched_local_pdf,verified local PDF does not match the current search master by DOI or normalized title
072,72_Review_Depth_Monokular_Ming_dkk.pdf,072 - 2021 - Review Depth Monokular (Ming dkk.) - Estimasi Kedalaman.md,Deep Learning for Monocular Depth Estimation: A Review,2021,10.1016/j.neucom.2020.12.089,0,not_extracted_unmatched,none,,,,,,,,,unmatched_local_pdf,verified local PDF does not match the current search master by DOI or normalized title
073,73_PoseCNN.pdf,073 - 2018 - PoseCNN - Pose 6D.md,PoseCNN: A Convolutional Neural Network for 6D Object Pose Estimation in Cluttered Scenes,2018,,0,not_extracted_unmatched,none,,,,,,,,,unmatched_local_pdf,verified local PDF does not match the current search master by DOI or normalized title
074,74_DenseFusion.pdf,074 - 2019 - DenseFusion - Pose 6D.md,DenseFusion: 6D Object Pose Estimation by Iterative Dense Fusion,2019,,0,not_extracted_unmatched,none,,,,,,,,,unmatched_local_pdf,verified local PDF does not match the current search master by DOI or normalized title
075,75_PVN3D.pdf,075 - 2020 - PVN3D - Pose 6D.md,PVN3D: A Deep Point-Wise 3D Keypoints Voting Network for 6DoF Pose Estimation,2020,,0,not_extracted_unmatched,none,,,,,,,,,unmatched_local_pdf,verified local PDF does not match the current search master by DOI or normalized title
076,76_FFB6D.pdf,076 - 2021 - FFB6D - Pose 6D.md,FFB6D: A Full Flow Bidirectional Fusion Network for 6D Pose Estimation,2021,,0,not_extracted_unmatched,none,,,,,,,,,unmatched_local_pdf,verified local PDF does not match the current search master by DOI or normalized title
077,77_G2L-Net.pdf,077 - 2020 - G2L-Net - Pose 6D.md,G2L-Net: Global to Local Network for Real-Time 6D Pose Estimation with Embedding Vector Features,2020,,0,not_extracted_unmatched,none,,,,,,,,,unmatched_local_pdf,verified local PDF does not match the current search master by DOI or normalized title
078,78_FoundationPose.pdf,078 - 2024 - FoundationPose - Pose 6D.md,FoundationPose: Unified 6D Pose Estimation and Tracking of Novel Objects,2024,,0,not_extracted_unmatched,none,,,,,,,,,unmatched_local_pdf,verified local PDF does not match the current search master by DOI or normalized title
079,79_Review_Pose_6D_Hoque.pdf,079 - 2021 - Review Pose 6D & Deteksi 3D (Hoque dkk.) - Pose 6D.md,A Comprehensive Review on 3D Object Detection and 6D Pose Estimation With Deep Learning,2021,10.1109/access.2021.3114399,0,not_extracted_unmatched,none,,,,,,,,,unmatched_local_pdf,verified local PDF does not match the current search master by DOI or normalized title
007,7_YOLOv7.pdf,007 - 2023 - YOLOv7 - Fondasi RGB.md,YOLOv7: Trainable Bag-of-Freebies Sets New State-of-the-Art for Real-Time Object Detectors,2023 (pracetak arXiv Juli 2022),10.48550/arxiv.2207.02696,0,not_extracted_unmatched,none,,,,,,,,,unmatched_local_pdf,verified local PDF does not match the current search master by DOI or normalized title
080,80_Deep Learning Robotic Grasps (Lenz dkk.).pdf,080 - 2015 - Deep Learning Robotic Grasps (Lenz dkk.) - Grasp Robotik.md,Deep Learning for Detecting Robotic Grasps,2015 (preprint 2013),10.1177/0278364914549607,0,not_extracted_unmatched,none,,,,,,,,,unmatched_local_pdf,verified local PDF does not match the current search master by DOI or normalized title
081,81_GG-CNN.pdf,081 - 2018 - GG-CNN - Grasp Robotik.md,"Closing the Loop for Robotic Grasping: A Real-Time, Generative Grasp Synthesis Approach",2018,,0,not_extracted_unmatched,none,,,,,,,,,unmatched_local_pdf,verified local PDF does not match the current search master by DOI or normalized title
082,82_GR-ConvNet.pdf,082 - 2020 - GR-ConvNet - Grasp Robotik.md,Antipodal Robotic Grasping using Generative Residual Convolutional Neural Network,2020,,0,not_extracted_unmatched,none,,,,,,,,,unmatched_local_pdf,verified local PDF does not match the current search master by DOI or normalized title
083,83_GR-ConvNet_v2.pdf,083 - 2022 - GR-ConvNet v2 - Grasp Robotik.md,GR-ConvNet v2: A Real-Time Multi-Grasp Detection Network for Robotic Grasping,2022,10.3390/s22166208,0,not_extracted_unmatched,none,,,,,,,,,unmatched_local_pdf,verified local PDF does not match the current search master by DOI or normalized title
084,84_GraspNet-1Billion.pdf,084 - 2020 - GraspNet-1Billion - Grasp Robotik.md,GraspNet-1Billion: A Large-Scale Benchmark for General Object Grasping,2020,,0,not_extracted_unmatched,none,,,,,,,,,unmatched_local_pdf,verified local PDF does not match the current search master by DOI or normalized title
085,85_BCMFNet_Bilateral_Cross-Modal_Fusion.pdf,085 - 2023 - BCMFNet (Bilateral Cross-Modal Fusion) - Grasp Robotik.md,Bilateral Cross-Modal Fusion Network for Robot Grasp Detection,2023,10.3390/s23063340,0,not_extracted_unmatched,none,,,,,,,,,unmatched_local_pdf,verified local PDF does not match the current search master by DOI or normalized title
086,86_Jacquard Dataset.pdf,086 - 2018 - Jacquard Dataset - Grasp Robotik.md,Jacquard: A Large Scale Dataset for Robotic Grasp Detection,2018,,0,not_extracted_unmatched,none,,,,,,,,,unmatched_local_pdf,verified local PDF does not match the current search master by DOI or normalized title
087,87_VoxelNet.pdf,087 - 2018 - VoxelNet - Deteksi 3D.md,VoxelNet: End-to-End Learning for Point Cloud Based 3D Object Detection,2018,,0,not_extracted_unmatched,none,,,,,,,,,unmatched_local_pdf,verified local PDF does not match the current search master by DOI or normalized title
088,88_PointPillars.pdf,088 - 2019 - PointPillars - Deteksi 3D.md,PointPillars: Fast Encoders for Object Detection from Point Clouds,2019,,0,not_extracted_unmatched,none,,,,,,,,,unmatched_local_pdf,verified local PDF does not match the current search master by DOI or normalized title
089,89_PointRCNN.pdf,089 - 2019 - PointRCNN - Deteksi 3D.md,PointRCNN: 3D Object Proposal Generation and Detection from Point Cloud,2019,,0,not_extracted_unmatched,none,,,,,,,,,unmatched_local_pdf,verified local PDF does not match the current search master by DOI or normalized title
008,8_YOLOv9.pdf,008 - 2024 - YOLOv9 - Fondasi RGB.md,YOLOv9: Learning What You Want to Learn Using Programmable Gradient Information,2024,,0,not_extracted_unmatched,none,,,,,,,,,unmatched_local_pdf,verified local PDF does not match the current search master by DOI or normalized title
090,90_Frustum PointNets.pdf,090 - 2018 - Frustum PointNets - Deteksi 3D.md,Frustum PointNets for 3D Object Detection from RGB-D Data,2018,,0,not_extracted_unmatched,none,,,,,,,,,unmatched_local_pdf,verified local PDF does not match the current search master by DOI or normalized title
091,91_MV3D.pdf,091 - 2017 - MV3D - Deteksi 3D.md,Multi-View 3D Object Detection Network for Autonomous Driving,2017,,0,not_extracted_unmatched,none,,,,,,,,,unmatched_local_pdf,verified local PDF does not match the current search master by DOI or normalized title
092,92_AVOD.pdf,092 - 2018 - AVOD - Deteksi 3D.md,Joint 3D Proposal Generation and Object Detection from View Aggregation,2018,,0,not_extracted_unmatched,none,,,,,,,,,unmatched_local_pdf,verified local PDF does not match the current search master by DOI or normalized title
093,93_PointPainting.pdf,093 - 2020 - PointPainting - Deteksi 3D.md,PointPainting: Sequential Fusion for 3D Object Detection,2020,,0,not_extracted_unmatched,none,,,,,,,,,unmatched_local_pdf,verified local PDF does not match the current search master by DOI or normalized title
094,94_3D-CVF.pdf,094 - 2020 - 3D-CVF - Deteksi 3D.md,3D-CVF: Generating Joint Camera and LiDAR Features Using Cross-View Spatial Feature Fusion for 3D Object Detection,2020,,16,ok,title,R-a5bf1b02aae648c3,3D-CVF: Generating Joint Camera and LiDAR Features Using Cross-view Spatial Feature Fusion for 3D Object Detection,advance_fulltext,,"3d-cvf: generating joint camera and lidar features using cross-view spatial feature fusion for 3d object detection jin hyeok yoo⋆, yecheol kim∗, jisong kim, and jun won choi ⋆⋆ department of electrical engineering, hanyang university {jhyoo,yckim,",fusing these two modalities is expected to improve both the accuracy and robustness of 3d object detection. one of the challenges presented by the fusion of cameras and lidar is that the spatial feature maps obtained from each modality are represen,"camera- lidar features for enhanced proposal reﬁnement. our evaluation, con- ducted on the kitti and nuscenes 3d object detection datasets, demon- strates that the camera-lidar fusion oﬀers signiﬁcant performance gain over the lidar-only baseline and",,candidate_fulltext_eligible,per-instance or cross-observation signal plus quantitative and evaluation evidence
095,95_Pseudo-LiDAR.pdf,095 - 2019 - Pseudo-LiDAR - Deteksi 3D.md,Pseudo-LiDAR from Visual Depth Estimation: Bridging the Gap in 3D Object Detection for Autonomous Driving,2019,,0,not_extracted_unmatched,none,,,,,,,,,unmatched_local_pdf,verified local PDF does not match the current search master by DOI or normalized title
096,96_Pseudo-LiDAR++.pdf,096 - 2020 - Pseudo-LiDAR++ - Deteksi 3D.md,Pseudo-LiDAR++: Accurate Depth for 3D Object Detection in Autonomous Driving,2020,,0,not_extracted_unmatched,none,,,,,,,,,unmatched_local_pdf,verified local PDF does not match the current search master by DOI or normalized title
097,97_TransFusion.pdf,097 - 2022 - TransFusion - Deteksi 3D.md,TransFusion: Robust LiDAR-Camera Fusion for 3D Object Detection with Transformers,2022,,15,ok,title,R-0ed063fe474d9ec0,TransFusion: Robust LiDAR-Camera Fusion for 3D Object Detection with Transformers,advance_fulltext,,"transfusion: robust lidar-camera fusion for 3d object detection with transformers xuyang bai1 zeyu hu1 xinge zhu2 qingqiu huang2 yilun chen2 hongbo fu3 chiew-lan tai1 1hong kong university of science and technology 2ads, ias bu, huawei 3city u","nt [64]. to address the shortcomings of the previous fusion ap- proaches, we introduce an effective and robust multi-modal figure 1. left: an example of bad illumination conditions. right: due to the sparsity of point clouds, the hard-associa","v oxelnet [68] and pointpillar [14] achieve reasonably good results using only point clouds as input. however, these lidar-only methods are generally surpassed by the methods using both lidar and camera data on large-scale datasets with sparser po",,candidate_fulltext_eligible,per-instance or cross-observation signal plus quantitative and evaluation evidence
098,98_BEVFusion.pdf,098 - 2023 - BEVFusion - Deteksi 3D.md,BEVFusion: Multi-Task Multi-Sensor Fusion with Unified Bird's-Eye View Representation,2023 (versi awal diunggah 2022),,0,not_extracted_unmatched,none,,,,,,,,,unmatched_local_pdf,verified local PDF does not match the current search master by DOI or normalized title
099,99_Survei Deteksi 3D (Arnold dkk.).pdf,099 - 2019 - Survei Deteksi 3D (Arnold dkk.) - Deteksi 3D.md,A Survey on 3D Object Detection Methods for Autonomous Driving Applications,2019,10.1109/tits.2019.2892405,0,not_extracted_unmatched,none,,,,,,,,,unmatched_local_pdf,verified local PDF does not match the current search master by DOI or normalized title
009,9_YOLOv10.pdf,009 - 2024 - YOLOv10 - Fondasi RGB.md,YOLOv10: Real-Time End-to-End Object Detection,2024,,0,not_extracted_unmatched,none,,,,,,,,,unmatched_local_pdf,verified local PDF does not match the current search master by DOI or normalized title
