id,prioritas,bagian,jenis,kalimat,key,kajian,pdf_ada,teks_lokal,halaman,benar,perbaikan,catatan,oleh,tanggal
K001,1,"Acquisition: how many views, and from where (tab:acq)",baris_tabel,"[stein2016image] | Mango, 16 trees | One image of one side; one image per side; multi-view tracking with triangulation (M4) | Fruit counted: 27% (single, R^2=0.81), 54% (dual, R^2=0.94), 101.4% (multi-view, R^2=0.90) | Hand count on tree and at harvest",stein2016image,Stein dkk. (2016),Y,teks/stein2016image.txt,,,,,,
K002,1,"Acquisition: how many views, and from where (tab:acq)",baris_tabel,"[wang2019mango] | Mango, 21 trees | One image per side; video tracking (M3) | 40% of harvest (bias-corrected RMSE 21.7 fruit/tree) vs 62% (RMSE 18.0) | Harvest count",wang2019mango,Wang dkk. (2019),Y,teks/wang2019mango.txt,,,,,,
K003,1,"Acquisition: how many views, and from where (tab:acq)",baris_tabel,"[gongal2016apple] | Apple, tall spindle | One side; both sides with 3D duplicate removal (M4) | Accuracy 58% vs 82%; error in identifying duplicate apples 21.1% | Manual count",gongal2016apple,Gongal dkk. (2016),N,,,,,,,
K004,1,"Acquisition: how many views, and from where (tab:acq)",baris_tabel,[qureshi2023seeing] | Apple fruitlets | One-sided vs two-sided scans from an over-canopy robot | Counting accuracy 73.7% vs 81.17% | Manual count,qureshi2023seeing,Qureshi dkk. (2023),N,,,,,,,
K005,1,"Acquisition: how many views, and from where (tab:acq)",baris_tabel,"[arizasentis2025comparative] | Grape, commercial vineyard | Single-view vs multiple-view UAV video with tracking | Tracked/ground-truth ratio 23% vs 74%; multi-view degraded by motion blur | Annotated video",arizasentis2025comparative,Ariza-Sent{\'{\i}}s dkk. (2025),Y,teks/arizasentis2025comparative.txt,,,,,,
K006,1,"Acquisition: how many views, and from where (tab:acq)",baris_tabel,"[felippomes2026video] | Apple, 420 trees | Two RGB-D sensors, three distances, two dates, one or both sides | Best MAPE 6.91%, R^2=0.733 at 225 cm; both sides improved estimates per row stretch | Manual count",felippomes2026video,Felip-Pom{\'{e}}s dkk. (2026),N,,,,,,,
K007,1,"Acquisition: how many views, and from where (tab:acq)",baris_tabel,"[vijayakumar2023tree] | Citrus, per tree | UAV features plus fruit counts from one or two sides | MAPE 23.45% (one side) vs 25.72% (two sides), both better than UAV only (35.59%) | Harvest per tree",vijayakumar2023tree,Vijayakumar dkk. (2023),N,,,,,,,
K008,1,"Acquisition: how many views, and from where (tab:acq)",baris_tabel,"[anderson2021estimation] | Mango, 20 orchards | Raw multi-view counts vs multi-view corrected with hand counts | Average error on packhouse count 11% vs 17%; trellis orchards overestimated by 25.2% | Packhouse count",anderson2021estimation,Anderson dkk. (2021),Y,teks/anderson2021estimation.txt,,,,,,
K009,1,Evidence by mechanism (tab:assoc),baris_tabel,"[zhang2022deep] | Citrus | OrangeSort (motion, counting region) vs SORT vs DeepSORT | Counting MAE 0.081 vs 0.45 vs 1.212 | Count",zhang2022deep,Zhang dkk. (2022),N,,,,,,,
K010,1,Evidence by mechanism (tab:assoc),baris_tabel,"[genemola2023video] | Apple | ByteTrack vs SORT vs DeepSORT (YOLOv5x) | HOTA 0.689, 0.680, 0.682; DeepSORT 128 ms per image vs about 15 ms; MAPE 7.47% one week before harvest | Identity and count",genemola2023video,Gen{\'{e}}-Mola dkk. (2023),N,,,,,,,
K011,1,Evidence by mechanism (tab:assoc),baris_tabel,[piazolo2026enhanced] | Grape (UAV) | SORT vs SORT+ with extended matching cascade | Counting accuracy 33% to 96%; ID switches -62%; MOTA and IDF1 +5–6% | Identity and count,piazolo2026enhanced,Piazolo dkk. (2026),N,,,,,,,
K012,1,Evidence by mechanism (tab:assoc),baris_tabel,"[poncemachete2025optimizing] | Calamansi (UAV) | SORT, DeepSORT, ByteTrack | ByteTrack best: MOTA 59.67%, HOTA 65.42%, IDF1 73.72% | Identity",poncemachete2025optimizing,Ponce-Machete & Fajardo (2025),N,,,,,,,
K013,1,Evidence by mechanism (tab:assoc),baris_tabel,"[wei2025multi] | Apple (stereo) | OC-SORT vs ByteTrack with GPS and visual odometry | OC-SORT best (HOTA 0.59); total error 20 apples, RMSE 6.24%, R^2=0.96 | Identity and count",wei2025multi,Wei dkk. (2025),N,,,,,,,
K014,1,Evidence by mechanism (tab:assoc),baris_tabel,"[qi2025assessment] | Tomato clusters | SORT, DeepSORT, ByteTrack, BoT-SORT at reduced frame rates | Public MOT dataset with 165,172 cluster instances | Identity",qi2025assessment,Qi dkk. (2025),N,,,,,,,
K015,1,Evidence by mechanism (tab:assoc),baris_tabel,"[liu2018robust] | Mango, citrus | Tracking alone vs tracking plus SfM correction (M3 vs M3+M4) | SfM step rejected double-counted tracks and improved counting accuracy | Count",liu2018robust,Liu dkk. (2018),N,,,,,,,
K016,1,Evidence by mechanism (tab:assoc),baris_tabel,"[genemola2020fruitb] | Apple, 11 trees | 2D detection vs detection projected into SfM (M4) | F1 0.816 to 0.881 against 1,455 hand-counted apples | Detection in 3D",genemola2020fruitb,Gen{\'{e}}-Mola dkk. (2020),N,,,,,,,
K017,1,Evidence by mechanism (tab:assoc),baris_tabel,"[genemola2020fruit] | Apple | LiDAR from one position vs multi-view, with and without forced air | 6.5% (multi-view) and 6.7% (air flow) more fruit located | Detection in 3D",genemola2020fruit,Gen{\'{e}}-Mola dkk. (2020),N,,,,,,,
K018,1,Evidence by mechanism (tab:assoc),baris_tabel,"[lei2025spatio] | Apple, 60 trees | 4D association (position, appearance, topology) vs baselines | Association precision +23.7%; counting accuracy 96.9% for 1,790 apples | Identity and count",lei2025spatio,Lei dkk. (2025),N,,,,,,,
K019,1,Evidence by mechanism (tab:assoc),baris_tabel,"[hong2025fruitgaussian] | Persimmon | 3D Gaussian splatting vs NeRF-based counting | Counting accuracy 96%, reported as 16% above NeRF-based methods | Count",hong2025fruitgaussian,Hong dkk. (2025),N,,,,,,,
K020,1,Evidence by mechanism (tab:assoc),baris_tabel,[xing2026lightweight] | Cherry tomato | Tracking with and without multi-view compensation | Counting error reduced by 95.6% | Count,xing2026lightweight,Xing dkk. (2026),N,,,,,,,
K021,1,Evidence by mechanism (tab:assoc),baris_tabel,"[mollineda2025estimation] | Orange | Regression from single frames vs video segments | Multi-frame segments better, tested with nonparametric statistics | Count",mollineda2025estimation,Mollineda dkk. (2025),N,,,,,,,
K022,2,Abstract,abstrak,"Image-based fruit inventories count fruit from photographs, but a camera moving along a row or around a tree sees most fruit several times, so a sum of detections overstates the true number.",,,,,,,,,,
K023,2,Abstract,abstrak,This review examines how the literature decides which observations belong to the same fruit and how class labels such as maturity are attached to each unique fruit.,,,,,,,,,,
K024,2,Abstract,abstrak,A systematic search of Scopus identified 971 relevant studies published between 2012 and 2026.,,,,,,,,,,
K025,2,Abstract,abstrak,"The 187 studies that combine several observations of the same fruit were classified into six association mechanisms: no association, statistical correction, appearance matching, temporal tracking, geometric or 3D association, and learned association.",,,,,,,,,,
K026,2,Abstract,abstrak,"Temporal tracking dominates recent work, and geometric association provides the most direct calibration-free counts when camera pose and depth are reliable.",,,,,,,,,,
K027,2,Abstract,abstrak,"On fruit that look alike, appearance features did not improve tracking over motion alone.",,,,,,,,,,
K028,2,Abstract,abstrak,"Few studies report identity errors or counts per class, and comparisons of mechanisms on the same data are rare.",,,,,,,,,,
K029,2,Abstract,abstrak,"In oil palm, published work concentrates on ripeness classification and bunch detection in single images; cross-view association of bunches on a palm has not been evaluated.",,,,,,,,,,
K030,2,Abstract,abstrak,"The review relates each mechanism to the acquisition conditions it requires and proposes the measurements needed to evaluate duplicate-aware, class-wise inventories.",,,,,,,,,,
K031,2,Introduction,kalimat,"In a mango orchard, one image of each side of 16 trees counted 54% of the fruit that were hand-counted, and one image of one side counted 27%; tracking every fruit through a multi-view sequence and triangulating it counted 101.4% [stein2016image].",stein2016image,Stein dkk. (2016),Y,teks/stein2016image.txt,,,,,,
K032,2,Introduction,kalimat,"On 21 mango trees, video tracking recorded 62% of the harvest count and two images per tree recorded 40% [wang2019mango].",wang2019mango,Wang dkk. (2019),Y,teks/wang2019mango.txt,,,,,,
K033,2,Introduction,kalimat,"On a 192-fruit video, the same tracker produced 9.9% double counts and 7.3% missed fruit, which netted to a 2.6% overcount [wang2019mango].",wang2019mango,Wang dkk. (2019),Y,teks/wang2019mango.txt,,,,,,
K034,2,Introduction,kalimat,"The SawitMVC dataset photographed 953 palms from four or eight sides and annotated 9,823 unique bunches in four census classes, with links that record which boxes in different images show the same bunch [indriani2026sawitmvc].",indriani2026sawitmvc,Indriani dkk. (2026),N,,,,,,,
K035-1,2,Introduction,kalimat,"Earlier reviews organize this literature by sensor [gongal2015sensors, fu2020application], by detector family [koirala2019deepb, huang2023survey], by yield-estimation route [anderson2021technologies, he2022fruit], or, for oil palm, by ripeness-sensing method [lai2023oil, goh2025fresh].",gongal2015sensors,Gongal dkk. (2015),N,,,,,,,
K035-2,2,Introduction,kalimat,"Earlier reviews organize this literature by sensor [gongal2015sensors, fu2020application], by detector family [koirala2019deepb, huang2023survey], by yield-estimation route [anderson2021technologies, he2022fruit], or, for oil palm, by ripeness-sensing method [lai2023oil, goh2025fresh].",fu2020application,Fu dkk. (2020),N,,,,,,,
K035-3,2,Introduction,kalimat,"Earlier reviews organize this literature by sensor [gongal2015sensors, fu2020application], by detector family [koirala2019deepb, huang2023survey], by yield-estimation route [anderson2021technologies, he2022fruit], or, for oil palm, by ripeness-sensing method [lai2023oil, goh2025fresh].",koirala2019deepb,Koirala dkk. (2019),N,,,,,,,
K035-4,2,Introduction,kalimat,"Earlier reviews organize this literature by sensor [gongal2015sensors, fu2020application], by detector family [koirala2019deepb, huang2023survey], by yield-estimation route [anderson2021technologies, he2022fruit], or, for oil palm, by ripeness-sensing method [lai2023oil, goh2025fresh].",huang2023survey,Huang dkk. (2023),N,,,,,,,
K035-5,2,Introduction,kalimat,"Earlier reviews organize this literature by sensor [gongal2015sensors, fu2020application], by detector family [koirala2019deepb, huang2023survey], by yield-estimation route [anderson2021technologies, he2022fruit], or, for oil palm, by ripeness-sensing method [lai2023oil, goh2025fresh].",anderson2021technologies,Anderson dkk. (2021),Y,teks/anderson2021technologies.txt,,,,,,
K035-6,2,Introduction,kalimat,"Earlier reviews organize this literature by sensor [gongal2015sensors, fu2020application], by detector family [koirala2019deepb, huang2023survey], by yield-estimation route [anderson2021technologies, he2022fruit], or, for oil palm, by ripeness-sensing method [lai2023oil, goh2025fresh].",he2022fruit,He dkk. (2022),N,,,,,,,
K035-7,2,Introduction,kalimat,"Earlier reviews organize this literature by sensor [gongal2015sensors, fu2020application], by detector family [koirala2019deepb, huang2023survey], by yield-estimation route [anderson2021technologies, he2022fruit], or, for oil palm, by ripeness-sensing method [lai2023oil, goh2025fresh].",lai2023oil,Lai dkk. (2023),Y,teks/lai2023oil.txt,,,,,,
K035-8,2,Introduction,kalimat,"Earlier reviews organize this literature by sensor [gongal2015sensors, fu2020application], by detector family [koirala2019deepb, huang2023survey], by yield-estimation route [anderson2021technologies, he2022fruit], or, for oil palm, by ripeness-sensing method [lai2023oil, goh2025fresh].",goh2025fresh,Goh dkk. (2025),N,,,,,,,
K036,2,Introduction,angka_korpus,"First, a systematic map of 971 Scopus-indexed studies from 2012 to 2026, with the search strings reported in full and the screening decisions and codes provided as supplementary material (Section (ref)).",,,,,,,,,,
K037,2,Introduction,angka_korpus,"Third, a synthesis of the 187 multi-observation studies by mechanism, with the comparisons that were made on the same data reported in two tables, followed by the evidence on class attributes, depth, and oil palm (Sections (ref)–\ref{sec:palm}).",,,,,,,,,,
K038-1,3,"Acquisition: how many views, and from where",kalimat,"First, a single image per side sees a minority of the fruit on a dense canopy: 27% for one side and 54% for two sides in the mango study of [stein2016image], 40% of harvest with two sides in the study of [wang2019mango], and 58% accuracy for one side in the apple study of [gongal2016apple].",stein2016image,Stein dkk. (2016),Y,teks/stein2016image.txt,,,,,,
K038-2,3,"Acquisition: how many views, and from where",kalimat,"First, a single image per side sees a minority of the fruit on a dense canopy: 27% for one side and 54% for two sides in the mango study of [stein2016image], 40% of harvest with two sides in the study of [wang2019mango], and 58% accuracy for one side in the apple study of [gongal2016apple].",wang2019mango,Wang dkk. (2019),Y,teks/wang2019mango.txt,,,,,,
K038-3,3,"Acquisition: how many views, and from where",kalimat,"First, a single image per side sees a minority of the fruit on a dense canopy: 27% for one side and 54% for two sides in the mango study of [stein2016image], 40% of harvest with two sides in the study of [wang2019mango], and 58% accuracy for one side in the apple study of [gongal2016apple].",gongal2016apple,Gongal dkk. (2016),N,,,,,,,
K039,3,"Acquisition: how many views, and from where",kalimat,"Second, the low recall of single views does not prevent a precise estimate if it is calibrated: in the study of Stein et al., the dual-view counts correlated with the true counts more tightly (R^2=0.94) than the multi-view counts (R^2=0.90), but they had to be scaled up by a factor near two [stein2016image].",stein2016image,Stein dkk. (2016),Y,teks/stein2016image.txt,,,,,,
K040-1,3,"Acquisition: how many views, and from where",kalimat,"In the citrus study of Vijayakumar et al. the second side did not reduce the per-tree yield error [vijayakumar2023tree], and in the vineyard study of Ariza-Sentís et al. the multiple-view flights recovered more bunches but suffered from motion blur [arizasentis2025comparative].",vijayakumar2023tree,Vijayakumar dkk. (2023),N,,,,,,,
K040-2,3,"Acquisition: how many views, and from where",kalimat,"In the citrus study of Vijayakumar et al. the second side did not reduce the per-tree yield error [vijayakumar2023tree], and in the vineyard study of Ariza-Sentís et al. the multiple-view flights recovered more bunches but suffered from motion blur [arizasentis2025comparative].",arizasentis2025comparative,Ariza-Sent{\'{\i}}s dkk. (2025),Y,teks/arizasentis2025comparative.txt,,,,,,
K041,3,"Acquisition: how many views, and from where",kalimat,"Zhu et al. found that the best number of views per citrus tree (two, four, or six) depended on how heavily the tree had been pruned [zhu2024citrus].",zhu2024citrus,Zhu dkk. (2024),N,,,,,,,
K042-1,3,"Acquisition: how many views, and from where",kalimat,"Discrete views taken around a tree, as in SawitMVC [indriani2026sawitmvc] or the eight-sided mango protocol of [nenavath2024tree], have wide baselines and no temporal order, so M3 does not apply and association must rely on appearance, geometry, or learning.",indriani2026sawitmvc,Indriani dkk. (2026),N,,,,,,,
K042-2,3,"Acquisition: how many views, and from where",kalimat,"Discrete views taken around a tree, as in SawitMVC [indriani2026sawitmvc] or the eight-sided mango protocol of [nenavath2024tree], have wide baselines and no temporal order, so M3 does not apply and association must rely on appearance, geometry, or learning.",nenavath2024tree,Nayak Nenavath & Perumal (2024),Y,teks/nenavath2024tree.txt,,,,,,
K043-1,3,"Acquisition: how many views, and from where",kalimat,"Several groups have treated view selection itself as the problem: active view planning for apple clusters [roy2017active], viewpoint planning with an octree of fruit regions [zaenker2021viewpoint], and graph-based view sequences for sweet pepper [zaenker2023graph].",roy2017active,Roy & Isler (2017),N,,,,,,,
K043-2,3,"Acquisition: how many views, and from where",kalimat,"Several groups have treated view selection itself as the problem: active view planning for apple clusters [roy2017active], viewpoint planning with an octree of fruit regions [zaenker2021viewpoint], and graph-based view sequences for sweet pepper [zaenker2023graph].",zaenker2021viewpoint,Zaenker dkk. (2021),Y,teks/zaenker2021viewpoint.txt,,,,,,
K043-3,3,"Acquisition: how many views, and from where",kalimat,"Several groups have treated view selection itself as the problem: active view planning for apple clusters [roy2017active], viewpoint planning with an octree of fruit regions [zaenker2021viewpoint], and graph-based view sequences for sweet pepper [zaenker2023graph].",zaenker2023graph,Zaenker dkk. (2023),N,,,,,,,
K044,3,Evidence by mechanism,kalimat,"Nuske et al. registered images from a vehicle driving along vineyard rows and related berry counts to harvest yield; with calibration data from a prior harvest the estimate was within 4%, and within 3% with destructive samples taken at the time of imaging [nuske2014modeling].",nuske2014modeling,Nuske dkk. (2014),N,,,,,,,
K045,3,Evidence by mechanism,kalimat,Across four seasons their estimates captured up to 75% of the spatial variance in yield [nuske2014automated].,nuske2014automated,Nuske dkk. (2014),N,,,,,,,
K046,3,Evidence by mechanism,kalimat,"Linker photographed 42 apple trees from two sides at three heights, summed the six counts per tree, and calibrated the sum against 14 trees; the orchard estimate was within 10% of the actual yield although single-tree errors were sometimes large [linker2015estimation].",linker2015estimation,Linker dkk. (2015),Y,teks/linker2015estimation.txt,,,,,,
K047,3,Evidence by mechanism,kalimat,"Song et al. aggregated repeated, incomplete observations of pepper fruit in over 28,000 images of more than 1,000 plants with a statistical clustering step and reached a correlation of 74.2% with manual counts without linear adjustment [song2014automatic].",song2014automatic,Song dkk. (2014),N,,,,,,,
K048-1,3,Evidence by mechanism,kalimat,"Stein et al. found the dual-view counts more tightly correlated with true counts than any other design, and Anderson et al. reported absolute errors of 2% or less in repeated night-time imaging of mango orchards [stein2016image, anderson2021estimation].",stein2016image,Stein dkk. (2016),Y,teks/stein2016image.txt,,,,,,
K048-2,3,Evidence by mechanism,kalimat,"Stein et al. found the dual-view counts more tightly correlated with true counts than any other design, and Anderson et al. reported absolute errors of 2% or less in repeated night-time imaging of mango orchards [stein2016image, anderson2021estimation].",anderson2021estimation,Anderson dkk. (2021),Y,teks/anderson2021estimation.txt,,,,,,
K049,3,Evidence by mechanism,kalimat,"The factor describes an average tree, cannot say which fruit was counted twice, and must be refitted when canopy, cultivar, or acquisition changes; Anderson et al. found the error on trellised orchards (25.2%) to be several times that on hedge or single-leader systems (3.4–8.2%), and correcting multi-view counts with hand counts of a stratified sample increased the average error from 11% to 17% [anderson2021estimation].",anderson2021estimation,Anderson dkk. (2021),Y,teks/anderson2021estimation.txt,,,,,,
K050-1,3,Evidence by mechanism,kalimat,"Regression from partial views to total counts remains common in UAV work: Apolo-Apolo et al. related top-view apple counts to total counts per tree with R^2=0.80 [apoloapolo2020cloud], and Li et al. used a regression across three views to account for blueberries seen more than once [li2023blueberry].",apoloapolo2020cloud,Apolo-Apolo dkk. (2020),Y,teks/apoloapolo2020cloud.txt,,,,,,
K050-2,3,Evidence by mechanism,kalimat,"Regression from partial views to total counts remains common in UAV work: Apolo-Apolo et al. related top-view apple counts to total counts per tree with R^2=0.80 [apoloapolo2020cloud], and Li et al. used a regression across three views to account for blueberries seen more than once [li2023blueberry].",li2023blueberry,Li dkk. (2023),N,,,,,,,
K051-1,3,Evidence by mechanism,kalimat,"Most studies follow tracking by detection: a detector finds fruit in each frame, a Kalman filter predicts where each track should appear next, and an assignment step, usually the Hungarian algorithm on overlap or distance, links detections to tracks [bewley2016simple, wojke2017simple, zhang2022bytetrack].",bewley2016simple,Bewley dkk. (2016),Y,teks/bewley2016simple.txt,,,,,,
K051-2,3,Evidence by mechanism,kalimat,"Most studies follow tracking by detection: a detector finds fruit in each frame, a Kalman filter predicts where each track should appear next, and an assignment step, usually the Hungarian algorithm on overlap or distance, links detections to tracks [bewley2016simple, wojke2017simple, zhang2022bytetrack].",wojke2017simple,Wojke dkk. (2017),N,,,,,,,
K051-3,3,Evidence by mechanism,kalimat,"Most studies follow tracking by detection: a detector finds fruit in each frame, a Kalman filter predicts where each track should appear next, and an assignment step, usually the Hungarian algorithm on overlap or distance, links detections to tracks [bewley2016simple, wojke2017simple, zhang2022bytetrack].",zhang2022bytetrack,Zhang dkk. (2022),Y,teks/zhang2022bytetrack.txt,,,,,,
K052-1,3,Evidence by mechanism,kalimat,"Parico et al. found the unique-ID rule more reliable for pears (F1 87.85%), because detection flicker caused the line rule to miss fruit that were detected [parico2021real]; Zhang et al. counted citrus only when a track entered a fixed region, and this rule gave the lowest error in Table (ref) [zhang2022deep].",parico2021real,Parico & Ahamed (2021),Y,teks/parico2021real.txt,,,,,,
K052-2,3,Evidence by mechanism,kalimat,"Parico et al. found the unique-ID rule more reliable for pears (F1 87.85%), because detection flicker caused the line rule to miss fruit that were detected [parico2021real]; Zhang et al. counted citrus only when a track entered a fixed region, and this rule gave the lowest error in Table (ref) [zhang2022deep].",zhang2022deep,Zhang dkk. (2022),N,,,,,,,
K053-1,3,Evidence by mechanism,kalimat,"Two apple and citrus studies that compared trackers on the same data found that DeepSORT, which adds a learned appearance descriptor to the motion model, did not outperform trackers that use motion alone and cost far more computation (Table (ref)) [zhang2022deep, genemola2023video].",zhang2022deep,Zhang dkk. (2022),N,,,,,,,
K053-2,3,Evidence by mechanism,kalimat,"Two apple and citrus studies that compared trackers on the same data found that DeepSORT, which adds a learned appearance descriptor to the motion model, did not outperform trackers that use motion alone and cost far more computation (Table (ref)) [zhang2022deep, genemola2023video].",genemola2023video,Gen{\'{e}}-Mola dkk. (2023),N,,,,,,,
K054,3,Evidence by mechanism,kalimat,"Saraceni et al. designed AgriSORT to use motion only, arguing that fruit are static targets of similar appearance, and released a table-grape benchmark with strong self-similarity [saraceni2024agrisort].",saraceni2024agrisort,Saraceni dkk. (2024),Y,teks/saraceni2024agrisort.txt,,,,,,
K055,3,Evidence by mechanism,kalimat,"Piazolo et al. improved SORT with a matching cascade over Mahalanobis, IoU, and Euclidean distances and reached accuracy comparable to DeepSORT without identity training data [piazolo2026enhanced].",piazolo2026enhanced,Piazolo dkk. (2026),N,,,,,,,
K056,3,Evidence by mechanism,kalimat,The same issue appears outside agriculture: DanceTrack was built because targets with uniform appearance and diverse motion defeat trackers that rely on appearance [sun2022dancetrack].,sun2022dancetrack,Sun dkk. (2022),Y,teks/sun2022dancetrack.txt,,,,,,
K057,3,Evidence by mechanism,kalimat,"Studies that reported good results with DeepSORT exist, for example banana bunches with RGB-D and three constraints (96.82% counting success) [zhou2025yield], but they did not compare against a motion-only tracker on the same data.",zhou2025yield,Zhou dkk. (2025),Y,teks/zhou2025yield.txt,,,,,,
K058-1,3,Evidence by mechanism,kalimat,"Missed detections break tracks and create new IDs; Zhang et al. added trajectory prediction to bridge such gaps in blueberry video [zhang2025robust], and Zhou et al. added a multiple-mapping step for occluded strawberries [zhou2024advancing].",zhang2025robust,Zhang & Cao (2025),N,,,,,,,
K058-2,3,Evidence by mechanism,kalimat,"Missed detections break tracks and create new IDs; Zhang et al. added trajectory prediction to bridge such gaps in blueberry video [zhang2025robust], and Zhou et al. added a multiple-mapping step for occluded strawberries [zhou2024advancing].",zhou2024advancing,Zhou dkk. (2024),N,,,,,,,
K059-1,3,Evidence by mechanism,kalimat,"Camera shake on a legged robot reduced tracking accuracy until camera-motion compensation added 2.9 points of MOTA [zhang2024stablesort], and low frame rates from UAVs motivated motion-direction costs and ORB-based compensation in PineSORT [xieli2025pinesort].",zhang2024stablesort,Zhang dkk. (2024),N,,,,,,,
K059-2,3,Evidence by mechanism,kalimat,"Camera shake on a legged robot reduced tracking accuracy until camera-motion compensation added 2.9 points of MOTA [zhang2024stablesort], and low frame rates from UAVs motivated motion-direction costs and ORB-based compensation in PineSORT [xieli2025pinesort].",xieli2025pinesort,Xie-Li & Fallas-Moya (2025),N,,,,,,,
K060,3,Evidence by mechanism,kalimat,"Wang et al. measured the net effect in the most transparent way, by reporting double counts (9.9%) and misses (7.3%) separately instead of only their difference [wang2019mango].",wang2019mango,Wang dkk. (2019),Y,teks/wang2019mango.txt,,,,,,
K061-1,3,Evidence by mechanism,kalimat,"Wang et al. listed it as a separate source of double counts [wang2019mango], and Liu et al. used the depth of each fruit relative to its tree trunk to drop fruit that belong to the far side [liu2019monocular].",wang2019mango,Wang dkk. (2019),Y,teks/wang2019mango.txt,,,,,,
K061-2,3,Evidence by mechanism,kalimat,"Wang et al. listed it as a separate source of double counts [wang2019mango], and Liu et al. used the depth of each fruit relative to its tree trunk to drop fruit that belong to the far side [liu2019monocular].",liu2019monocular,Liu dkk. (2019),Y,teks/liu2019monocular.txt,,,,,,
K062,3,Evidence by mechanism,kalimat,Xia et al. matched patches of fruit between sequence images with a one-to-one assignment and reached F1 0.816 for apples and 0.864 for oranges in identifying repeated fruit [xia2022culling].,xia2022culling,Xia dkk. (2022),Y,teks/xia2022culling.txt,,,,,,
K063,3,Evidence by mechanism,kalimat,Kirk et al. used re-identification to count soft fruit through occlusions [kirk2021robust].,kirk2021robust,Kirk dkk. (2021),N,,,,,,,
K064,3,Evidence by mechanism,kalimat,Zheng et al. combined image appearance and position in a learned distance and clustered strawberry detections from overlapping UAV images; the result found fruit that an orthomosaic hid [zheng2023object].,zheng2023object,Zheng dkk. (2023),N,,,,,,,
K065-1,3,Evidence by mechanism,kalimat,"The pattern across these studies is that appearance works when combined with position and fails as the only cue for look-alike fruit, which agrees with the tracker comparisons above and with the person re-identification literature, where discriminative identity features are learned from large sets of labelled identities [zheng2015scalable, ye2022deep].",zheng2015scalable,Zheng dkk. (2015),N,,,,,,,
K065-2,3,Evidence by mechanism,kalimat,"The pattern across these studies is that appearance works when combined with position and fails as the only cue for look-alike fruit, which agrees with the tracker comparisons above and with the person re-identification literature, where discriminative identity features are learned from large sets of labelled identities [zheng2015scalable, ye2022deep].",ye2022deep,Ye dkk. (2022),Y,teks/ye2022deep.txt,,,,,,
K066,3,Evidence by mechanism,kalimat,Wang et al. used a stereo rig at night on an autonomous vehicle and registered sequential images; block-level errors were -3.2% for about 480 red-apple trees and 1.2% for about 670 green-apple trees [wang2013automated].,wang2013automated,Wang dkk. (2013),N,,,,,,,
K067,3,Evidence by mechanism,kalimat,"Stein et al. established pairwise correspondences between images from the trajectory of a navigation system, triangulated tracked fruit, and used LiDAR to assign each fruit to its tree; 522 trees and 71,609 mangoes were scanned and the error for individual trees was 1.36% [stein2016image].",stein2016image,Stein dkk. (2016),Y,teks/stein2016image.txt,,,,,,
K068-1,3,Evidence by mechanism,kalimat,"Liu et al. replaced the navigation and LiDAR suite with a monocular camera: fruit and trunks were tracked in 2D, converted into 3D landmarks by semantic structure from motion, and projected back into every image to detect double tracks [liu2019monocular, liu2018robust].",liu2019monocular,Liu dkk. (2019),Y,teks/liu2019monocular.txt,,,,,,
K068-2,3,Evidence by mechanism,kalimat,"Liu et al. replaced the navigation and LiDAR suite with a monocular camera: fruit and trunks were tracked in 2D, converted into 3D landmarks by semantic structure from motion, and projected back into every image to detect double tracks [liu2019monocular, liu2018robust].",liu2018robust,Liu dkk. (2018),N,,,,,,,
K069-1,3,Evidence by mechanism,kalimat,"Roy et al. built a piecewise incremental SfM for apple rows because standard SfM failed under the constrained geometry of a row [roy2016surveying], then merged counts from both sides of 252 trees with an accuracy of 91.98–94.81% [roy2019vision].",roy2016surveying,Roy & Isler (2016),N,,,,,,,
K069-2,3,Evidence by mechanism,kalimat,"Roy et al. built a piecewise incremental SfM for apple rows because standard SfM failed under the constrained geometry of a row [roy2016surveying], then merged counts from both sides of 252 trees with an accuracy of 91.98–94.81% [roy2019vision].",roy2019vision,Roy dkk. (2019),Y,teks/roy2019vision.txt,,,,,,
K070,3,Evidence by mechanism,kalimat,"Dong et al. addressed the same two-side problem by aligning the reconstructions of both sides with global and semantic features, since the two sides share little overlap [dong2020semantic].",dong2020semantic,Dong dkk. (2020),Y,teks/dong2020semantic.txt,,,,,,
K071,3,Evidence by mechanism,kalimat,"Gongal et al. used 3D positions to remove apples seen from both sides, but misidentified 21.1% of duplicates [gongal2016apple].",gongal2016apple,Gongal dkk. (2016),N,,,,,,,
K072,3,Evidence by mechanism,kalimat,"Gené-Molá et al. projected Mask R-CNN detections into an SfM point cloud and improved F1 from 0.816 to 0.881, at a processing cost they judged unsuitable for real time [genemola2020fruitb].",genemola2020fruitb,Gen{\'{e}}-Mola dkk. (2020),N,,,,,,,
K073,3,Evidence by mechanism,kalimat,Matos et al. combined SfM with bipartite graph matching for apples filmed with unconstrained camera motion and low frame rates [matos2024tracking].,matos2024tracking,Matos dkk. (2024),N,,,,,,,
K074,3,Evidence by mechanism,kalimat,Lee et al. fused YOLO detections with SLAM point clouds from LiDAR in a 6 m by 70 m pear plot and reached 96.2% counting accuracy [lee2026lidarcamera].,lee2026lidarcamera,Lee dkk. (2026),Y,teks/lee2026lidarcamera.txt,,,,,,
K075,3,Evidence by mechanism,kalimat,Nellithimaru and Kantor built object-level SLAM from stereo for grape counting (F1 0.977 against image counts) [nellithimaru2019rols].,nellithimaru2019rols,Nellithimaru & Kantor (2019),N,,,,,,,
K076,3,Evidence by mechanism,kalimat,"Rapado-Rincón et al. tracked partial point clouds of tomatoes in 3D and estimated the total count with a maximum error of 5.08% [rapadorincon2023development]; they also showed that the final count of a tracker can hide false positives and false negatives that offset each other, and they introduced tracking metrics to expose them.",rapadorincon2023development,Rapado-Rinc{\'{o}}n dkk. (2023),Y,teks/rapadorincon2023development.txt,,,,,,
K077-1,3,Evidence by mechanism,kalimat,"Implicit representations are the latest variant: FruitNeRF trains a semantic neural radiance field from posed images and clusters the extracted fruit points [meyer2024fruitnerf], FruitNeRF++ adds instance embeddings to remove fruit-specific tuning [meyer2025fruitnerf], and Gaussian splatting was reported to count persimmons with 96% accuracy, 16% above NeRF-based counting [hong2025fruitgaussian].",meyer2024fruitnerf,Meyer dkk. (2024),N,,,,,,,
K077-2,3,Evidence by mechanism,kalimat,"Implicit representations are the latest variant: FruitNeRF trains a semantic neural radiance field from posed images and clusters the extracted fruit points [meyer2024fruitnerf], FruitNeRF++ adds instance embeddings to remove fruit-specific tuning [meyer2025fruitnerf], and Gaussian splatting was reported to count persimmons with 96% accuracy, 16% above NeRF-based counting [hong2025fruitgaussian].",meyer2025fruitnerf,Meyer dkk. (2025),N,,,,,,,
K077-3,3,Evidence by mechanism,kalimat,"Implicit representations are the latest variant: FruitNeRF trains a semantic neural radiance field from posed images and clusters the extracted fruit points [meyer2024fruitnerf], FruitNeRF++ adds instance embeddings to remove fruit-specific tuning [meyer2025fruitnerf], and Gaussian splatting was reported to count persimmons with 96% accuracy, 16% above NeRF-based counting [hong2025fruitgaussian].",hong2025fruitgaussian,Hong dkk. (2025),N,,,,,,,
K078-1,3,Evidence by mechanism,kalimat,"These methods build on general reconstruction tools [schonberger2016structure, mildenhall2020nerf, kerbl20233d]; their evaluations are still dominated by synthetic scenes and a few real trees.",schonberger2016structure,Schonberger & Frahm (2016),N,,,,,,,
K078-2,3,Evidence by mechanism,kalimat,"These methods build on general reconstruction tools [schonberger2016structure, mildenhall2020nerf, kerbl20233d]; their evaluations are still dominated by synthetic scenes and a few real trees.",mildenhall2020nerf,Mildenhall dkk. (2020),N,,,,,,,
K078-3,3,Evidence by mechanism,kalimat,"These methods build on general reconstruction tools [schonberger2016structure, mildenhall2020nerf, kerbl20233d]; their evaluations are still dominated by synthetic scenes and a few real trees.",kerbl20233d,Kerbl dkk. (2023),Y,teks/kerbl20233d.txt,,,,,,
K079-1,3,Evidence by mechanism,kalimat,"Foliage moves between views, which violates the static-scene assumption of standard SfM and SLAM; dynamic-scene methods exist [bescos2021dynaslam, saputra2019visual], but no included fruit study measured how much foliage motion degrades counts.",bescos2021dynaslam,Bescos dkk. (2021),Y,teks/bescos2021dynaslam.txt,,,,,,
K079-2,3,Evidence by mechanism,kalimat,"Foliage moves between views, which violates the static-scene assumption of standard SfM and SLAM; dynamic-scene methods exist [bescos2021dynaslam, saputra2019visual], but no included fruit study measured how much foliage motion degrades counts.",saputra2019visual,Saputra dkk. (2019),N,,,,,,,
K080,3,Evidence by mechanism,kalimat,Assigning fruit to trees is a separate geometric problem; Zine-El-Abidine et al. solved it by aligning a harvest-time point cloud to a leaf-off winter cloud in which each tree's branches are visible (accuracy above 95%) [zineelabidine2021assigning].,zineelabidine2021assigning,Zine-El-Abidine dkk. (2021),Y,teks/zineelabidine2021assigning.txt,,,,,,
K081,3,Evidence by mechanism,kalimat,"Fusaro et al. segmented fruit in coloured terrestrial laser scans, extracted a descriptor per fruit with a sparse convolutional network, and matched fruit between sessions with an attention-based network and a probabilistic assignment, on strawberry and apple data [fusaro2026horticultural].",fusaro2026horticultural,Fusaro dkk. (2026),Y,teks/fusaro2026horticultural.txt,,,,,,
K082,3,Evidence by mechanism,kalimat,"Isobe et al. fused features from different angles of a 360-degree mandarin video in a transformer and regressed the count, without an explicit identity for each fruit [isobe2025mandarin].",isobe2025mandarin,Isobe dkk. (2025),N,,,,,,,
K083,3,Evidence by mechanism,kalimat,"Zheng et al., discussed under M2, learned a distance that combines appearance and position [zheng2023object].",zheng2023object,Zheng dkk. (2023),N,,,,,,,
K084-1,3,Evidence by mechanism,kalimat,"Outside agriculture, learned association is established for multi-camera tracking of people and vehicles, where datasets with identities across cameras exist [ristani2016performance, chavdarova2018wildtrack, tang2019cityflow, braso2020learning].",ristani2016performance,Ristani dkk. (2016),Y,teks/ristani2016performance.txt,,,,,,
K084-2,3,Evidence by mechanism,kalimat,"Outside agriculture, learned association is established for multi-camera tracking of people and vehicles, where datasets with identities across cameras exist [ristani2016performance, chavdarova2018wildtrack, tang2019cityflow, braso2020learning].",chavdarova2018wildtrack,Chavdarova dkk. (2018),N,,,,,,,
K084-3,3,Evidence by mechanism,kalimat,"Outside agriculture, learned association is established for multi-camera tracking of people and vehicles, where datasets with identities across cameras exist [ristani2016performance, chavdarova2018wildtrack, tang2019cityflow, braso2020learning].",tang2019cityflow,Tang dkk. (2019),Y,teks/tang2019cityflow.txt,,,,,,
K084-4,3,Evidence by mechanism,kalimat,"Outside agriculture, learned association is established for multi-camera tracking of people and vehicles, where datasets with identities across cameras exist [ristani2016performance, chavdarova2018wildtrack, tang2019cityflow, braso2020learning].",braso2020learning,Braso & Leal-Taixe (2020),Y,teks/braso2020learning.txt,,,,,,
K085-1,3,Evidence by mechanism,kalimat,"The obstacle in fruit is the same one these datasets removed: M5 needs identity labels across views, and in the included corpus only a handful of fruit datasets provide them, among them GrapeMOTS [arizasentis2024grapemots], the tomato MOT set of [qi2025assessment], the 4D orchard set of [lei2025spatio], and SawitMVC [indriani2026sawitmvc].",arizasentis2024grapemots,Ariza-Sent{\'{\i}}s dkk. (2024),Y,teks/arizasentis2024grapemots.txt,,,,,,
K085-2,3,Evidence by mechanism,kalimat,"The obstacle in fruit is the same one these datasets removed: M5 needs identity labels across views, and in the included corpus only a handful of fruit datasets provide them, among them GrapeMOTS [arizasentis2024grapemots], the tomato MOT set of [qi2025assessment], the 4D orchard set of [lei2025spatio], and SawitMVC [indriani2026sawitmvc].",qi2025assessment,Qi dkk. (2025),N,,,,,,,
K085-3,3,Evidence by mechanism,kalimat,"The obstacle in fruit is the same one these datasets removed: M5 needs identity labels across views, and in the included corpus only a handful of fruit datasets provide them, among them GrapeMOTS [arizasentis2024grapemots], the tomato MOT set of [qi2025assessment], the 4D orchard set of [lei2025spatio], and SawitMVC [indriani2026sawitmvc].",lei2025spatio,Lei dkk. (2025),N,,,,,,,
K085-4,3,Evidence by mechanism,kalimat,"The obstacle in fruit is the same one these datasets removed: M5 needs identity labels across views, and in the included corpus only a handful of fruit datasets provide them, among them GrapeMOTS [arizasentis2024grapemots], the tomato MOT set of [qi2025assessment], the 4D orchard set of [lei2025spatio], and SawitMVC [indriani2026sawitmvc].",indriani2026sawitmvc,Indriani dkk. (2026),N,,,,,,,
K086-1,3,Evidence by mechanism,kalimat,"Identity metrics were developed for exactly this purpose: HOTA balances detection and association accuracy [luiten2021hota], and IDF1 was designed for identities that persist across cameras [ristani2016performance].",luiten2021hota,Luiten dkk. (2021),Y,teks/luiten2021hota.txt,,,,,,
K086-2,3,Evidence by mechanism,kalimat,"Identity metrics were developed for exactly this purpose: HOTA balances detection and association accuracy [luiten2021hota], and IDF1 was designed for identities that persist across cameras [ristani2016performance].",ristani2016performance,Ristani dkk. (2016),Y,teks/ristani2016performance.txt,,,,,,
K087-1,3,Evidence by mechanism,kalimat,"A count error alone cannot separate a correct count from offsetting duplicates and misses [rapadorincon2023development, wang2019mango].",rapadorincon2023development,Rapado-Rinc{\'{o}}n dkk. (2023),Y,teks/rapadorincon2023development.txt,,,,,,
K087-2,3,Evidence by mechanism,kalimat,"A count error alone cannot separate a correct count from offsetting duplicates and misses [rapadorincon2023development, wang2019mango].",wang2019mango,Wang dkk. (2019),Y,teks/wang2019mango.txt,,,,,,
K088-1,3,Class attributes on unique fruit,kalimat,"MacEachern et al. detected green, red, and blue wild blueberries with YOLOv4 and predicted yield by regression from the counts [maceachern2023detection]; Ni et al. counted blueberries with R^2=0.886 against ground truth [ni2020deep]; Deng et al. released 17,955 annotated ripe and unripe blueberries in canopy images [deng2024detection]; and Shimomoto et al. predicted sweet pepper yield from average counts at two ripeness stages [shimomoto2025predicting].",maceachern2023detection,MacEachern dkk. (2023),N,,,,,,,
K088-2,3,Class attributes on unique fruit,kalimat,"MacEachern et al. detected green, red, and blue wild blueberries with YOLOv4 and predicted yield by regression from the counts [maceachern2023detection]; Ni et al. counted blueberries with R^2=0.886 against ground truth [ni2020deep]; Deng et al. released 17,955 annotated ripe and unripe blueberries in canopy images [deng2024detection]; and Shimomoto et al. predicted sweet pepper yield from average counts at two ripeness stages [shimomoto2025predicting].",ni2020deep,Ni dkk. (2020),Y,teks/ni2020deep.txt,,,,,,
K088-3,3,Class attributes on unique fruit,kalimat,"MacEachern et al. detected green, red, and blue wild blueberries with YOLOv4 and predicted yield by regression from the counts [maceachern2023detection]; Ni et al. counted blueberries with R^2=0.886 against ground truth [ni2020deep]; Deng et al. released 17,955 annotated ripe and unripe blueberries in canopy images [deng2024detection]; and Shimomoto et al. predicted sweet pepper yield from average counts at two ripeness stages [shimomoto2025predicting].",deng2024detection,Deng dkk. (2024),N,,,,,,,
K088-4,3,Class attributes on unique fruit,kalimat,"MacEachern et al. detected green, red, and blue wild blueberries with YOLOv4 and predicted yield by regression from the counts [maceachern2023detection]; Ni et al. counted blueberries with R^2=0.886 against ground truth [ni2020deep]; Deng et al. released 17,955 annotated ripe and unripe blueberries in canopy images [deng2024detection]; and Shimomoto et al. predicted sweet pepper yield from average counts at two ripeness stages [shimomoto2025predicting].",shimomoto2025predicting,Shimomoto dkk. (2025),Y,teks/shimomoto2025predicting.txt,,,,,,
K089,3,Class attributes on unique fruit,kalimat,Ogundele et al. used a class-aware ByteTrack for strawberries; counts correlated with ground truth at R^2=0.914 overall and at R^2=0.950 for ripe fruit [ogundele2025real].,ogundele2025real,Ogundele dkk. (2025),Y,teks/ogundele2025real.txt,,,,,,
K090,3,Class attributes on unique fruit,kalimat,"Zhou et al. reported a relative counting error of 6.7%, with 8.7% for ripe and 9.9% for unripe strawberries [zhou2024advancing].",zhou2024advancing,Zhou dkk. (2024),N,,,,,,,
K091,3,Class attributes on unique fruit,kalimat,"Wu et al. reached an average counting accuracy of 72.49% across blue, purple, and green blueberries in video [wu2025maturity].",wu2025maturity,Wu dkk. (2025),Y,teks/wu2025maturity.txt,,,,,,
K092,3,Class attributes on unique fruit,kalimat,Viveros Escamilla et al. counted sweet peppers of four colours with 85.7% accuracy in two simulated environments [viveros2024maturity].,viveros2024maturity,Viveros Escamilla dkk. (2024),Y,teks/viveros2024maturity.txt,,,,,,
K093-1,3,Class attributes on unique fruit,kalimat,"Other studies classify after tracking: Hassan et al. tracked oranges with ByteTrack and classified each tracked fruit as ripe or unripe with a separate network [hassan2025orange], and Pardo-Beainy et al. assigned each tracked strawberry to one of nine size–maturity categories using metric dimensions from RGB-D and GNSS [pardobeainy2026maturity].",hassan2025orange,Hassan dkk. (2025),Y,teks/hassan2025orange.txt,,,,,,
K093-2,3,Class attributes on unique fruit,kalimat,"Other studies classify after tracking: Hassan et al. tracked oranges with ByteTrack and classified each tracked fruit as ripe or unripe with a separate network [hassan2025orange], and Pardo-Beainy et al. assigned each tracked strawberry to one of nine size–maturity categories using metric dimensions from RGB-D and GNSS [pardobeainy2026maturity].",pardobeainy2026maturity,Pardo-Beainy dkk. (2026),N,,,,,,,
K094-1,3,Class attributes on unique fruit,kalimat,"Second, per-class errors differ from the overall error; the ripe class was counted more accurately than the others in two strawberry studies [ogundele2025real, zhou2024advancing], and in oil palm a video-based detector reached 90.56% mAP for a single class but 70.21% for several ripeness classes [junior2023video].",ogundele2025real,Ogundele dkk. (2025),Y,teks/ogundele2025real.txt,,,,,,
K094-2,3,Class attributes on unique fruit,kalimat,"Second, per-class errors differ from the overall error; the ripe class was counted more accurately than the others in two strawberry studies [ogundele2025real, zhou2024advancing], and in oil palm a video-based detector reached 90.56% mAP for a single class but 70.21% for several ripeness classes [junior2023video].",zhou2024advancing,Zhou dkk. (2024),N,,,,,,,
K094-3,3,Class attributes on unique fruit,kalimat,"Second, per-class errors differ from the overall error; the ripe class was counted more accurately than the others in two strawberry studies [ogundele2025real, zhou2024advancing], and in oil palm a video-based detector reached 90.56% mAP for a single class but 70.21% for several ripeness classes [junior2023video].",junior2023video,Junior & Suharjito (2023),N,,,,,,,
K095,3,Depth and other modalities,kalimat,Depth was used to remove background: Fu et al. filtered objects farther than 1.2 m from a Kinect V2 in a dense fruiting-wall orchard before detection [fu2020faster].,fu2020faster,Fu dkk. (2020),N,,,,,,,
K096-1,3,Depth and other modalities,kalimat,"It was fused with colour inside the detector: Tu et al. trained separate colour and depth detectors for passion fruit and fused them late, raising F1 from 0.885 for a standard Faster R-CNN on RGB-D images to 0.946 [tu2020passion], and Kaukab et al. filled depth holes before fusion because outdoor depth images are of low quality [kaukab2024improving].",tu2020passion,Tu dkk. (2020),N,,,,,,,
K096-2,3,Depth and other modalities,kalimat,"It was fused with colour inside the detector: Tu et al. trained separate colour and depth detectors for passion fruit and fused them late, raising F1 from 0.885 for a standard Faster R-CNN on RGB-D images to 0.946 [tu2020passion], and Kaukab et al. filled depth holes before fusion because outdoor depth images are of low quality [kaukab2024improving].",kaukab2024improving,Kaukab dkk. (2024),N,,,,,,,
K097-1,3,Depth and other modalities,kalimat,"It gave metric size: Wang et al. estimated on-tree mango dimensions from RGB-D with RMSEs of about 4–5 mm but noted that the camera could not be used in direct intense sunshine [wang2017tree], and Neupane et al. compared eight depth cameras against a 20 mm bias-corrected RMSE requirement for fruit localization and sizing [neupane2021evaluation].",wang2017tree,Wang dkk. (2017),Y,teks/wang2017tree.txt,,,,,,
K097-2,3,Depth and other modalities,kalimat,"It gave metric size: Wang et al. estimated on-tree mango dimensions from RGB-D with RMSEs of about 4–5 mm but noted that the camera could not be used in direct intense sunshine [wang2017tree], and Neupane et al. compared eight depth cameras against a 20 mm bias-corrected RMSE requirement for fruit localization and sizing [neupane2021evaluation].",neupane2021evaluation,Neupane dkk. (2021),Y,teks/neupane2021evaluation.txt,,,,,,
K098-1,3,Depth and other modalities,kalimat,"LiDAR detected apples by reflectance with F1 0.858 [genemola2019fruit], and LiDAR–camera fusion reduced localization error to one fifth of that of a RealSense D455 [kang2022accurate].",genemola2019fruit,Gen{\'{e}}-Mola dkk. (2019),N,,,,,,,
K098-2,3,Depth and other modalities,kalimat,"LiDAR detected apples by reflectance with F1 0.858 [genemola2019fruit], and LiDAR–camera fusion reduced localization error to one fifth of that of a RealSense D455 [kang2022accurate].",kang2022accurate,Kang dkk. (2022),Y,teks/kang2022accurate.txt,,,,,,
K099,3,Depth and other modalities,kalimat,Active thermal imaging with water mist separated immature citrus from leaves of similar colour and supported tracking-based counting in video [gan2020active].,gan2020active,Gan dkk. (2020),N,,,,,,,
K100,3,Depth and other modalities,kalimat,"Zheng et al. filtered detections by depth and fused robot odometry before inter-frame prediction for tomatoes, reaching MOTA 0.954 against YOLOv8 with DeepSORT [zheng2025robust].",zheng2025robust,Zheng dkk. (2025),Y,teks/zheng2025robust.txt,,,,,,
K101,3,Depth and other modalities,kalimat,Abeyrathna et al. obtained 3D coordinates of each tracked apple from a RealSense D455 at three vehicle speeds and three camera angles [abeyrathna2023recognition].,abeyrathna2023recognition,Abeyrathna dkk. (2023),Y,teks/abeyrathna2023recognition.txt,,,,,,
K102,3,Depth and other modalities,kalimat,Felip-Pomés et al. found that the Azure Kinect gave more consistent results than the ZED 2 across dates in a 420-tree orchard [felippomes2026video].,felippomes2026video,Felip-Pom{\'{e}}s dkk. (2026),N,,,,,,,
K103,3,Depth and other modalities,kalimat,Liu et al. used depth relative to the trunk to resolve two-side duplicates [liu2019monocular].,liu2019monocular,Liu dkk. (2019),Y,teks/liu2019monocular.txt,,,,,,
K104-1,3,Depth and other modalities,kalimat,"Monocular depth networks now offer depth without a depth sensor [yang2024depthb, ranftl2021vision], and one included study used such a network with amodal masks to measure apple diameter [tan2025apple], but none used predicted depth for cross-view association with a counted reference.",yang2024depthb,Yang & others (2024),N,,,,,,,
K104-2,3,Depth and other modalities,kalimat,"Monocular depth networks now offer depth without a depth sensor [yang2024depthb, ranftl2021vision], and one included study used such a network with amodal masks to measure apple diameter [tan2025apple], but none used predicted depth for cross-view association with a counted reference.",ranftl2021vision,Ranftl dkk. (2021),Y,teks/ranftl2021vision.txt,,,,,,
K104-3,3,Depth and other modalities,kalimat,"Monocular depth networks now offer depth without a depth sensor [yang2024depthb, ranftl2021vision], and one included study used such a network with amodal masks to measure apple diameter [tan2025apple], but none used predicted depth for cross-view association with a counted reference.",tan2025apple,Tan dkk. (2025),N,,,,,,,
K105-1,3,Oil palm,kalimat,"Early work extracted colour features and classified them with neural networks or support vector machines [fadilah2012oil, sabri2018evaluation], followed by colour and texture features with classical classifiers [septiarini2021machine] and by convolutional networks deployed on mobile devices [suharjito2021oil].",fadilah2012oil,Fadilah dkk. (2012),N,,,,,,,
K105-2,3,Oil palm,kalimat,"Early work extracted colour features and classified them with neural networks or support vector machines [fadilah2012oil, sabri2018evaluation], followed by colour and texture features with classical classifiers [septiarini2021machine] and by convolutional networks deployed on mobile devices [suharjito2021oil].",sabri2018evaluation,Sabri dkk. (2018),Y,teks/sabri2018evaluation.txt,,,,,,
K105-3,3,Oil palm,kalimat,"Early work extracted colour features and classified them with neural networks or support vector machines [fadilah2012oil, sabri2018evaluation], followed by colour and texture features with classical classifiers [septiarini2021machine] and by convolutional networks deployed on mobile devices [suharjito2021oil].",septiarini2021machine,Septiarini dkk. (2021),N,,,,,,,
K105-4,3,Oil palm,kalimat,"Early work extracted colour features and classified them with neural networks or support vector machines [fadilah2012oil, sabri2018evaluation], followed by colour and texture features with classical classifiers [septiarini2021machine] and by convolutional networks deployed on mobile devices [suharjito2021oil].",suharjito2021oil,Suharjito dkk. (2021),N,,,,,,,
K106,3,Oil palm,kalimat,"The largest study in the corpus trained on 10,000 photographs from five Indonesian plantation sites in four classes and reported 96.54% accuracy on locations not seen in training [usman2026integration].",usman2026integration,Usman dkk. (2026),Y,teks/usman2026integration.txt,,,,,,
K107-1,3,Oil palm,kalimat,Reviews of this work agree that computer vision with deep learning is the most feasible field method [lai2023oil] and that fusion with LiDAR may add localization [goh2025fresh].,lai2023oil,Lai dkk. (2023),Y,teks/lai2023oil.txt,,,,,,
K107-2,3,Oil palm,kalimat,Reviews of this work agree that computer vision with deep learning is the most feasible field method [lai2023oil] and that fusion with LiDAR may add localization [goh2025fresh].,goh2025fresh,Goh dkk. (2025),N,,,,,,,
K108-1,3,Oil palm,kalimat,"Non-RGB sensing has been tested with thermal imaging [zolfagharnassab2022classification], hyperspectral imaging [bensaeed2014oil], laser-light backscattering [mohd2020combination], LiDAR [husin2021distribution], and radar with bunch mass [resta2026multimodal], several of them on harvested bunches.",zolfagharnassab2022classification,Zolfagharnassab dkk. (2022),Y,teks/zolfagharnassab2022classification.txt,,,,,,
K108-2,3,Oil palm,kalimat,"Non-RGB sensing has been tested with thermal imaging [zolfagharnassab2022classification], hyperspectral imaging [bensaeed2014oil], laser-light backscattering [mohd2020combination], LiDAR [husin2021distribution], and radar with bunch mass [resta2026multimodal], several of them on harvested bunches.",bensaeed2014oil,Bensaeed dkk. (2014),Y,teks/bensaeed2014oil.txt,,,,,,
K108-3,3,Oil palm,kalimat,"Non-RGB sensing has been tested with thermal imaging [zolfagharnassab2022classification], hyperspectral imaging [bensaeed2014oil], laser-light backscattering [mohd2020combination], LiDAR [husin2021distribution], and radar with bunch mass [resta2026multimodal], several of them on harvested bunches.",mohd2020combination,Mohd Ali dkk. (2020),N,,,,,,,
K108-4,3,Oil palm,kalimat,"Non-RGB sensing has been tested with thermal imaging [zolfagharnassab2022classification], hyperspectral imaging [bensaeed2014oil], laser-light backscattering [mohd2020combination], LiDAR [husin2021distribution], and radar with bunch mass [resta2026multimodal], several of them on harvested bunches.",husin2021distribution,Husin dkk. (2021),N,,,,,,,
K108-5,3,Oil palm,kalimat,"Non-RGB sensing has been tested with thermal imaging [zolfagharnassab2022classification], hyperspectral imaging [bensaeed2014oil], laser-light backscattering [mohd2020combination], LiDAR [husin2021distribution], and radar with bunch mass [resta2026multimodal], several of them on harvested bunches.",resta2026multimodal,Resta dkk. (2026),N,,,,,,,
K109-1,3,Oil palm,kalimat,"Lai et al. trained YOLOv4 on images from a RealSense D435 with expert labels for ripe and unripe bunches [lai2022real], Mansour et al. compared detectors on four ripeness classes [mansour2022object], Junos et al. detected bunches, grabbers, and palms in plantation scenes and bunches in UAV images [junos2021optimized, junos2022automatic], and Zaman et al. addressed occlusion by fronds in UAV images [zaman2025hybrid].",lai2022real,Lai dkk. (2022),N,,,,,,,
K109-2,3,Oil palm,kalimat,"Lai et al. trained YOLOv4 on images from a RealSense D435 with expert labels for ripe and unripe bunches [lai2022real], Mansour et al. compared detectors on four ripeness classes [mansour2022object], Junos et al. detected bunches, grabbers, and palms in plantation scenes and bunches in UAV images [junos2021optimized, junos2022automatic], and Zaman et al. addressed occlusion by fronds in UAV images [zaman2025hybrid].",mansour2022object,Mansour dkk. (2022),N,,,,,,,
K109-3,3,Oil palm,kalimat,"Lai et al. trained YOLOv4 on images from a RealSense D435 with expert labels for ripe and unripe bunches [lai2022real], Mansour et al. compared detectors on four ripeness classes [mansour2022object], Junos et al. detected bunches, grabbers, and palms in plantation scenes and bunches in UAV images [junos2021optimized, junos2022automatic], and Zaman et al. addressed occlusion by fronds in UAV images [zaman2025hybrid].",junos2021optimized,Junos dkk. (2021),N,,,,,,,
K109-4,3,Oil palm,kalimat,"Lai et al. trained YOLOv4 on images from a RealSense D435 with expert labels for ripe and unripe bunches [lai2022real], Mansour et al. compared detectors on four ripeness classes [mansour2022object], Junos et al. detected bunches, grabbers, and palms in plantation scenes and bunches in UAV images [junos2021optimized, junos2022automatic], and Zaman et al. addressed occlusion by fronds in UAV images [zaman2025hybrid].",junos2022automatic,Junos dkk. (2022),N,,,,,,,
K109-5,3,Oil palm,kalimat,"Lai et al. trained YOLOv4 on images from a RealSense D435 with expert labels for ripe and unripe bunches [lai2022real], Mansour et al. compared detectors on four ripeness classes [mansour2022object], Junos et al. detected bunches, grabbers, and palms in plantation scenes and bunches in UAV images [junos2021optimized, junos2022automatic], and Zaman et al. addressed occlusion by fronds in UAV images [zaman2025hybrid].",zaman2025hybrid,Zaman dkk. (2025),N,,,,,,,
K110,3,Oil palm,kalimat,"Goh et al. released 400 plantation images with registered depth maps and point clouds from a RealSense D455f for ripeness classification and localization [goh2025outdoor], the only oil-palm RGB-D dataset in the corpus.",goh2025outdoor,Goh dkk. (2025),Y,teks/goh2025outdoor.txt,,,,,,
K111-1,3,Oil palm,kalimat,"At the mill, Suharjito et al. graded piles of bunches from smartphone video [suharjito2023real] and released annotated datasets of piles [suharjito2023annotated].",suharjito2023real,Suharjito dkk. (2023),Y,teks/suharjito2023real.txt,,,,,,
K111-2,3,Oil palm,kalimat,"At the mill, Suharjito et al. graded piles of bunches from smartphone video [suharjito2023real] and released annotated datasets of piles [suharjito2023annotated].",suharjito2023annotated,Suharjito dkk. (2023),Y,teks/suharjito2023annotated.txt,,,,,,
K112-1,3,Oil palm,kalimat,"The nine counting studies count bunches in single images of palms [naftali2024palm, hamdani2026automated, hidayat2024establishing, prasetyo2020automatic, hutapea2024palm], count moving bunches on a sorting line with a detector and tracker [shiddiq2023counting], count unstripped bunches in a mill with Faster R-CNN and a Euclidean-distance tracker [aji2021automatic], count bunches and loose fruit together for harvest management [daud2022loose], or describe an IoT-based counting system [narendran2024palm].",naftali2024palm,Grady Naftali dkk. (2024),N,,,,,,,
K112-2,3,Oil palm,kalimat,"The nine counting studies count bunches in single images of palms [naftali2024palm, hamdani2026automated, hidayat2024establishing, prasetyo2020automatic, hutapea2024palm], count moving bunches on a sorting line with a detector and tracker [shiddiq2023counting], count unstripped bunches in a mill with Faster R-CNN and a Euclidean-distance tracker [aji2021automatic], count bunches and loose fruit together for harvest management [daud2022loose], or describe an IoT-based counting system [narendran2024palm].",hamdani2026automated,Hamdani dkk. (2026),N,,,,,,,
K112-3,3,Oil palm,kalimat,"The nine counting studies count bunches in single images of palms [naftali2024palm, hamdani2026automated, hidayat2024establishing, prasetyo2020automatic, hutapea2024palm], count moving bunches on a sorting line with a detector and tracker [shiddiq2023counting], count unstripped bunches in a mill with Faster R-CNN and a Euclidean-distance tracker [aji2021automatic], count bunches and loose fruit together for harvest management [daud2022loose], or describe an IoT-based counting system [narendran2024palm].",hidayat2024establishing,Rizky Hidayat dkk. (2024),N,,,,,,,
K112-4,3,Oil palm,kalimat,"The nine counting studies count bunches in single images of palms [naftali2024palm, hamdani2026automated, hidayat2024establishing, prasetyo2020automatic, hutapea2024palm], count moving bunches on a sorting line with a detector and tracker [shiddiq2023counting], count unstripped bunches in a mill with Faster R-CNN and a Euclidean-distance tracker [aji2021automatic], count bunches and loose fruit together for harvest management [daud2022loose], or describe an IoT-based counting system [narendran2024palm].",prasetyo2020automatic,Prasetyo & others (2020),N,,,,,,,
K112-5,3,Oil palm,kalimat,"The nine counting studies count bunches in single images of palms [naftali2024palm, hamdani2026automated, hidayat2024establishing, prasetyo2020automatic, hutapea2024palm], count moving bunches on a sorting line with a detector and tracker [shiddiq2023counting], count unstripped bunches in a mill with Faster R-CNN and a Euclidean-distance tracker [aji2021automatic], count bunches and loose fruit together for harvest management [daud2022loose], or describe an IoT-based counting system [narendran2024palm].",hutapea2024palm,Hutapea dkk. (2024),N,,,,,,,
K112-6,3,Oil palm,kalimat,"The nine counting studies count bunches in single images of palms [naftali2024palm, hamdani2026automated, hidayat2024establishing, prasetyo2020automatic, hutapea2024palm], count moving bunches on a sorting line with a detector and tracker [shiddiq2023counting], count unstripped bunches in a mill with Faster R-CNN and a Euclidean-distance tracker [aji2021automatic], count bunches and loose fruit together for harvest management [daud2022loose], or describe an IoT-based counting system [narendran2024palm].",shiddiq2023counting,Shiddiq (2023),Y,teks/shiddiq2023counting.txt,,,,,,
K112-7,3,Oil palm,kalimat,"The nine counting studies count bunches in single images of palms [naftali2024palm, hamdani2026automated, hidayat2024establishing, prasetyo2020automatic, hutapea2024palm], count moving bunches on a sorting line with a detector and tracker [shiddiq2023counting], count unstripped bunches in a mill with Faster R-CNN and a Euclidean-distance tracker [aji2021automatic], count bunches and loose fruit together for harvest management [daud2022loose], or describe an IoT-based counting system [narendran2024palm].",aji2021automatic,Aji dkk. (2021),N,,,,,,,
K112-8,3,Oil palm,kalimat,"The nine counting studies count bunches in single images of palms [naftali2024palm, hamdani2026automated, hidayat2024establishing, prasetyo2020automatic, hutapea2024palm], count moving bunches on a sorting line with a detector and tracker [shiddiq2023counting], count unstripped bunches in a mill with Faster R-CNN and a Euclidean-distance tracker [aji2021automatic], count bunches and loose fruit together for harvest management [daud2022loose], or describe an IoT-based counting system [narendran2024palm].",daud2022loose,Daud dkk. (2022),N,,,,,,,
K112-9,3,Oil palm,kalimat,"The nine counting studies count bunches in single images of palms [naftali2024palm, hamdani2026automated, hidayat2024establishing, prasetyo2020automatic, hutapea2024palm], count moving bunches on a sorting line with a detector and tracker [shiddiq2023counting], count unstripped bunches in a mill with Faster R-CNN and a Euclidean-distance tracker [aji2021automatic], count bunches and loose fruit together for harvest management [daud2022loose], or describe an IoT-based counting system [narendran2024palm].",narendran2024palm,Narendran dkk. (2024),N,,,,,,,
K113-1,3,Oil palm,kalimat,"Naftali et al. and Hamdani et al. built plantation datasets with partial visibility, occlusion, and density levels [naftali2024palm, hamdani2026automated], and Hidayat et al. proposed a standard procedure for capturing bunch images in the plantation [hidayat2024establishing].",naftali2024palm,Grady Naftali dkk. (2024),N,,,,,,,
K113-2,3,Oil palm,kalimat,"Naftali et al. and Hamdani et al. built plantation datasets with partial visibility, occlusion, and density levels [naftali2024palm, hamdani2026automated], and Hidayat et al. proposed a standard procedure for capturing bunch images in the plantation [hidayat2024establishing].",hamdani2026automated,Hamdani dkk. (2026),N,,,,,,,
K113-3,3,Oil palm,kalimat,"Naftali et al. and Hamdani et al. built plantation datasets with partial visibility, occlusion, and density levels [naftali2024palm, hamdani2026automated], and Hidayat et al. proposed a standard procedure for capturing bunch images in the plantation [hidayat2024establishing].",hidayat2024establishing,Rizky Hidayat dkk. (2024),N,,,,,,,
K114,3,Oil palm,kalimat,"Suharjito et al. recorded unharvested palms from multiple angles with a smartphone for a digital census and released 14,503 images in five maturity classes, but the annotations are per image [suharjito2025oil].",suharjito2025oil,Suharjito dkk. (2025),Y,teks/suharjito2025oil.txt,,,,,,
K115,3,Oil palm,kalimat,The only oil-palm dataset in the corpus with cross-view identity links is SawitMVC [indriani2026sawitmvc].,indriani2026sawitmvc,Indriani dkk. (2026),N,,,,,,,
K116,3,Oil palm,kalimat,"Warni et al. combined stereo detection with Hungarian matching to localize loose fruit in 3D [warni2026stereo], which is an association step, but for a stereo pair, not for views around a palm.",warni2026stereo,Warni dkk. (2026),N,,,,,,,
K117-1,3,Oil palm,kalimat,"Tree-level counting from UAV images has addressed re-counting errors for palms themselves [pragatheesh2025deep, kipli2023deep], not for bunches.",pragatheesh2025deep,Pragatheesh & Ramya (2025),N,,,,,,,
K117-2,3,Oil palm,kalimat,"Tree-level counting from UAV images has addressed re-counting errors for palms themselves [pragatheesh2025deep, kipli2023deep], not for bunches.",kipli2023deep,Kipli dkk. (2023),N,,,,,,,
K118,4,Position relative to earlier reviews (tab:position),baris_tabel,"[gongal2015sensors] | Fruit detection and localization for harvesting and crop-load estimation in apples, pears, citrus | Sensor and system | Not stated | No",gongal2015sensors,Gongal dkk. (2015),N,,,,,,,
K119,4,Position relative to earlier reviews (tab:position),baris_tabel,[koirala2019deepb] | Deep learning for fruit detection and yield estimation; extrapolation of image counts for occluded fruit | Method and application | Not stated | No,koirala2019deepb,Koirala dkk. (2019),N,,,,,,,
K120,4,Position relative to earlier reviews (tab:position),baris_tabel,[fu2020application] | Consumer RGB-D cameras for fruit detection and localization | Depth principle and sensor | Not stated | No,fu2020application,Fu dkk. (2020),N,,,,,,,
K121,4,Position relative to earlier reviews (tab:position),baris_tabel,"[anderson2021technologies] | Forecasting fruit load and harvest timing | Estimation route (sampling, vision, remote sensing, models) | Not stated | No",anderson2021technologies,Anderson dkk. (2021),Y,teks/anderson2021technologies.txt,,,,,,
K122,4,Position relative to earlier reviews (tab:position),baris_tabel,[maheswari2021intelligent] | Semantic segmentation for fruit yield estimation | Network architecture | Not stated | No,maheswari2021intelligent,Maheswari dkk. (2021),Y,teks/maheswari2021intelligent.txt,,,,,,
K123,4,Position relative to earlier reviews (tab:position),baris_tabel,"[khan2021oil] | Machine learning in oil palm, 2011–2020 | Task (regression, classification) | Systematic, 61 papers | No",khan2021oil,Khan dkk. (2021),Y,teks/khan2021oil.txt,,,,,,
K124,4,Position relative to earlier reviews (tab:position),baris_tabel,"[lai2023oil] | Oil-palm FFB ripeness detection | Sensing modality and classifier | Systematic, 51 papers | No",lai2023oil,Lai dkk. (2023),Y,teks/lai2023oil.txt,,,,,,
K125,4,Position relative to earlier reviews (tab:position),baris_tabel,[goh2025fresh] | FFB ripeness classification | Sensing technique | Not stated | No,goh2025fresh,Goh dkk. (2025),N,,,,,,,
K126,4,Position relative to earlier reviews (tab:position),baris_tabel,[pu2025bridging] | UAV counting of field crops | Agronomic target and model type | 52 key studies | No,pu2025bridging,Pu dkk. (2025),N,,,,,,,
K127,4,Position relative to earlier reviews (tab:position),baris_tabel,[rong2026research] | Orchard yield estimation with multi-source sensing | Data source | PRISMA | No,rong2026research,Rong dkk. (2026),Y,teks/rong2026research.txt,,,,,,
K128-1,5,Review method,kalimat,"The review is a systematic mapping review with a configurative synthesis [petersen2015mapping, grant2009typology].",petersen2015mapping,Petersen dkk. (2015),N,,,,,,,
K128-2,5,Review method,kalimat,"The review is a systematic mapping review with a configurative synthesis [petersen2015mapping, grant2009typology].",grant2009typology,Grant & Booth (2009),N,,,,,,,
K129-1,5,Review method,kalimat,"Reporting follows PRISMA 2020 where the items apply to a mapping review [page2021prisma, page2021elaboration], and the protocol elements recommended for literature reviews in engineering and management were used to decide what to report [kraus2022, vanwee2016howto].",page2021prisma,Page dkk. (2021),N,,,,,,,
K129-2,5,Review method,kalimat,"Reporting follows PRISMA 2020 where the items apply to a mapping review [page2021prisma, page2021elaboration], and the protocol elements recommended for literature reviews in engineering and management were used to decide what to report [kraus2022, vanwee2016howto].",page2021elaboration,Page dkk. (2021),N,,,,,,,
K129-3,5,Review method,kalimat,"Reporting follows PRISMA 2020 where the items apply to a mapping review [page2021prisma, page2021elaboration], and the protocol elements recommended for literature reviews in engineering and management were used to decide what to report [kraus2022, vanwee2016howto].",kraus2022,Kraus dkk. (2022),N,,,,,,,
K129-4,5,Review method,kalimat,"Reporting follows PRISMA 2020 where the items apply to a mapping review [page2021prisma, page2021elaboration], and the protocol elements recommended for literature reviews in engineering and management were used to decide what to report [kraus2022, vanwee2016howto].",vanwee2016howto,Wee & Banister (2016),N,,,,,,,
K130,5,A design space for turning observations into records,kalimat,"Liu et al. named three ways in which a fruit is counted twice in a traversal: the same fruit detected in consecutive images, the same fruit tracked, lost, and picked up again as a new track, and the same fruit seen from the two sides of a tree [liu2019monocular].",liu2019monocular,Liu dkk. (2019),Y,teks/liu2019monocular.txt,,,,,,
K131,5,A design space for turning observations into records,kalimat,Wang et al. cited the same three sources when designing their mango tracker [wang2019mango].,wang2019mango,Wang dkk. (2019),Y,teks/wang2019mango.txt,,,,,,
K132-1,5,A design space for turning observations into records,kalimat,"It assumes that the ratio between observed and true counts is stable across the trees to which it is applied [nuske2014modeling, linker2015estimation].",nuske2014modeling,Nuske dkk. (2014),N,,,,,,,
K132-2,5,A design space for turning observations into records,kalimat,"It assumes that the ratio between observed and true counts is stable across the trees to which it is applied [nuske2014modeling, linker2015estimation].",linker2015estimation,Linker dkk. (2015),Y,teks/linker2015estimation.txt,,,,,,
K133,5,A design space for turning observations into records,kalimat,"M3, temporal tracking. Observations in consecutive frames are linked by predicted motion and overlap, usually with a Kalman filter and an assignment step [bewley2016simple]; a counting line or region then decides when a track is counted.",bewley2016simple,Bewley dkk. (2016),Y,teks/bewley2016simple.txt,,,,,,
K134-1,5,Position relative to earlier reviews,kalimat,"Reviews of tracking and re-identification outside agriculture [luo2021multiple, rakai2022data, ye2022deep] and of 3D reconstruction [saputra2019visual, zheng2026feed] provide the mechanisms but not the agricultural evidence.",luo2021multiple,Luo dkk. (2021),Y,teks/luo2021multiple.txt,,,,,,
K134-2,5,Position relative to earlier reviews,kalimat,"Reviews of tracking and re-identification outside agriculture [luo2021multiple, rakai2022data, ye2022deep] and of 3D reconstruction [saputra2019visual, zheng2026feed] provide the mechanisms but not the agricultural evidence.",rakai2022data,Rakai dkk. (2022),N,,,,,,,
K134-3,5,Position relative to earlier reviews,kalimat,"Reviews of tracking and re-identification outside agriculture [luo2021multiple, rakai2022data, ye2022deep] and of 3D reconstruction [saputra2019visual, zheng2026feed] provide the mechanisms but not the agricultural evidence.",ye2022deep,Ye dkk. (2022),Y,teks/ye2022deep.txt,,,,,,
K134-4,5,Position relative to earlier reviews,kalimat,"Reviews of tracking and re-identification outside agriculture [luo2021multiple, rakai2022data, ye2022deep] and of 3D reconstruction [saputra2019visual, zheng2026feed] provide the mechanisms but not the agricultural evidence.",saputra2019visual,Saputra dkk. (2019),N,,,,,,,
K134-5,5,Position relative to earlier reviews,kalimat,"Reviews of tracking and re-identification outside agriculture [luo2021multiple, rakai2022data, ye2022deep] and of 3D reconstruction [saputra2019visual, zheng2026feed] provide the mechanisms but not the agricultural evidence.",zheng2026feed,Zheng dkk. (2026),N,,,,,,,
K135-1,5,Gaps and a measurement agenda,kalimat,[wang2019mango] and [rapadorincon2023development] show that this is feasible.,wang2019mango,Wang dkk. (2019),Y,teks/wang2019mango.txt,,,,,,
K135-2,5,Gaps and a measurement agenda,kalimat,[wang2019mango] and [rapadorincon2023development] show that this is feasible.,rapadorincon2023development,Rapado-Rinc{\'{o}}n dkk. (2023),Y,teks/rapadorincon2023development.txt,,,,,,
K136-1,5,Gaps and a measurement agenda,kalimat,"Comparisons across mechanisms, for example tracking against 3D association on the same trees, are rare, and comparisons against a calibrated M1 baseline are rarer, although calibration against hand counts is the usual way of turning image counts into orchard estimates [koirala2019deepb, anderson2021technologies].",koirala2019deepb,Koirala dkk. (2019),N,,,,,,,
K136-2,5,Gaps and a measurement agenda,kalimat,"Comparisons across mechanisms, for example tracking against 3D association on the same trees, are rare, and comparisons against a calibrated M1 baseline are rarer, although calibration against hand counts is the usual way of turning image counts into orchard estimates [koirala2019deepb, anderson2021technologies].",anderson2021technologies,Anderson dkk. (2021),Y,teks/anderson2021technologies.txt,,,,,,
K137-1,5,Gaps and a measurement agenda,kalimat,"Census protocols photograph a plant from a few fixed positions, as in oil palm [indriani2026sawitmvc] or in multi-sided mango and citrus imaging [nenavath2024tree, zhu2024citrus].",indriani2026sawitmvc,Indriani dkk. (2026),N,,,,,,,
K137-2,5,Gaps and a measurement agenda,kalimat,"Census protocols photograph a plant from a few fixed positions, as in oil palm [indriani2026sawitmvc] or in multi-sided mango and citrus imaging [nenavath2024tree, zhu2024citrus].",nenavath2024tree,Nayak Nenavath & Perumal (2024),Y,teks/nenavath2024tree.txt,,,,,,
K137-3,5,Gaps and a measurement agenda,kalimat,"Census protocols photograph a plant from a few fixed positions, as in oil palm [indriani2026sawitmvc] or in multi-sided mango and citrus imaging [nenavath2024tree, zhu2024citrus].",zhu2024citrus,Zhu dkk. (2024),N,,,,,,,
K138,5,Gaps and a measurement agenda,kalimat,One dataset now provides this [indriani2026sawitmvc].,indriani2026sawitmvc,Indriani dkk. (2026),N,,,,,,,
K139,S,Review method,angka_korpus,The search was run on 28 September 2026 (UTC).,,,,,,,,,,
K140,S,Review method,angka_korpus,"Q1–Q5 target agricultural fruit perception: multi-observation counting, counting in titles, oil-palm imaging, class attributes with counting, and depth or 3D sensing.",,,,,,,,,,
K141,S,Review method,angka_korpus,"Q8a–Q8e and Q9 retrieve methods papers outside agriculture; they were sorted by citation count and only the 25 most cited records of each run were retained, because their role is to identify the transferable mechanisms, not to map those fields.",,,,,,,,,,
K142,S,Review method,angka_korpus,All runs were limited to 2012–2026 and to subject areas that publish engineering or agricultural work.,,,,,,,,,,
K143,S,Review method,angka_korpus,"A record was included if it reported an image-based method for fruit on the plant, or on the ground under the plant in the case of oil-palm loose fruit, and evaluated counting, yield estimation, detection with a class attribute, localization, or sizing; or if it was a review of these topics; or if it was a methods paper on tracking, re-identification, multi-view association, 3D reconstruction, or object counting outside agriculture.",,,,,,,,,,
K144,S,Review method,angka_korpus,"For 254 records no abstract could be found; these were assessed from the title, the source, and, where available, the summary provided by Semantic Scholar.",,,,,,,,,,
K145,S,Review method,angka_korpus,"Each included study was assigned to one of seven groups: multi-observation studies, which combine several observations of the same fruit (video, several views, or repeated scans); single-view counting and yield studies; oil-palm fresh-fruit-bunch (FFB) imaging studies, including mill grading and loose fruit; studies that count fruit by class in single images; depth, 3D, and non-RGB sensing studies; earlier reviews; and methods papers from outside agriculture.",,,,,,,,,,
K146,S,Review method,angka_korpus,"All 187 multi-observation studies were coded individually from the abstract and, where open-access full text was obtained, from the paper: identity mechanism (Section (ref)), acquisition (video along a path, discrete views, 3D scan, revisits over time, or a single view), whether counts are reported per class, and the main reported result.",,,,,,,,,,
K147,S,Review method,angka_korpus,"The 170 oil-palm studies were coded individually for task, setting, modality, use of several views, and whether class labels are attached to instances.",,,,,,,,,,
K148,S,Review method,angka_korpus,Full text was obtained for the 331 included studies available in open access.,,,,,,,,,,
K149,S,Review method,angka_korpus,"The searches returned 6,491 records, of which 5,889 were unique.",,,,,,,,,,
K150,S,Review method,angka_korpus,"After 166 were removed by document type, 5,723 titles were screened and 4,599 excluded.",,,,,,,,,,
K151,S,Review method,angka_korpus,"Of the 1,124 records assessed for eligibility, 153 were excluded, most often (71 records) because they detected fruit without counting or evaluating anything beyond detection.",,,,,,,,,,
K152,S,Review method,angka_korpus,The map contains 971 studies.,,,,,,,,,,
K153,S,Review method,angka_korpus,"Fig. (ref) shows their growth, from 8 records in 2012 to 185 in 2025.",,,,,,,,,,
K154,S,Review method,angka_korpus,"As a check on the coding, a term co-occurrence map was computed from the titles and available abstracts of the 971 studies (750 have an abstract; the others contribute their title only).",,,,,,,,,,
K155,S,Review method,angka_korpus,"A fixed vocabulary of task, method, sensor, and crop terms was matched in each record; terms found in at least 20 studies were kept, and two terms were linked when at least 12 studies contained both.",,,,,,,,,,
K156,S,Review method,angka_korpus,"Fig. (ref) shows the resulting 43 terms and 303 links, grouped by modularity clustering on association strength.",,,,,,,,,,
K157,S,Review method,angka_korpus,"The identity terms are small and peripheral: each occurs in 24 to 37 of the 971 studies, against 599 for detection and 410 for counting.",,,,,,,,,,
K158,S,A design space for turning observations into records,angka_korpus,"M4, geometric or 3D association. Observations are linked through a common coordinate frame: triangulation with known camera poses, structure from motion, SLAM, registered point clouds, or an implicit 3D representation such as a neural radiance field.",,,,,,,,,,
K159,S,A design space for turning observations into records,angka_korpus,A study may combine mechanisms; 55 of the 182 multi-observation method studies do (Table (ref)).,,,,,,,,,,
K160,S,A design space for turning observations into records,angka_korpus,"Of the 187 multi-observation studies, five are dataset papers and 182 propose or evaluate a method.",,,,,,,,,,
K161,S,A design space for turning observations into records,angka_korpus,"Temporal tracking (M3) appears in 113 of the 182 (62%), geometric association (M4) in 67 (37%), appearance matching (M2) in 32 (18%), statistical correction (M1) in 18 (10%), no association (M0) in 5, and learned association (M5) in 3.",,,,,,,,,,
K162,S,A design space for turning observations into records,angka_korpus,"Most studies acquire video along a path (135), 37 use discrete views, five use 3D scans, and three revisit the same plants over time.",,,,,,,,,,
K163,S,A design space for turning observations into records,angka_korpus,"The mix has shifted: before 2018, M1 and M4 were the only mechanisms in use; since 2023, tracking appears in about 70% of new studies (Fig. (ref)a).",,,,,,,,,,
K164,S,A design space for turning observations into records,angka_korpus,"Apple accounts for 53 studies, citrus and grape for 20 each, tomato for 15, strawberry for 10, and mango for 7 (Fig. (ref)).",,,,,,,,,,
K165,S,A design space for turning observations into records,angka_korpus,Only 19 of the 182 report counts per class.,,,,,,,,,,
K166,S,A design space for turning observations into records,angka_korpus,Fig. (ref) follows each of the 182 studies from acquisition to crop.,,,,,,,,,,
K167,S,A design space for turning observations into records,angka_korpus,"Here a study is placed in one category, so combinations are separate: tracking alone accounts for 62 studies, geometric association alone for 43, appearance with tracking for 28, and tracking with geometric association for 19.",,,,,,,,,,
K168,S,A design space for turning observations into records,angka_korpus,"The platform is the least reported property: 113 of the 182 abstracts do not state it, 36 name a ground vehicle or robot, 9 a UAV, 5 a handheld device or smartphone, and 18 name more than one platform.",,,,,,,,,,
K169,S,A design space for turning observations into records,angka_korpus,"An RGB camera is the sensor in 150 of the 182 studies; RGB-D cameras appear in 15, stereo cameras and LiDAR in 6 each, and multispectral cameras in 4.",,,,,,,,,,
K170,S,Evidence by mechanism,angka_korpus,"Appearance matching is the only mechanism in two studies and is combined with others in 30, mostly through DeepSORT.",,,,,,,,,,
K171,S,Evidence by mechanism,angka_korpus,Newer M4 systems move the whole count into 3D.,,,,,,,,,,
K172,S,Evidence by mechanism,angka_korpus,"Of the 140 multi-observation method studies with an abstract, 61 (44%) report agreement between estimated and reference counts, 54 (39%) report detection quality, 18 (13%) report an identity metric such as MOTA, IDF1, HOTA, or ID switches, and 49 (35%) report no quantitative metric in the abstract (Fig. (ref)).",,,,,,,,,,
K173,S,Class attributes on unique fruit,angka_korpus,The first is the 49 studies that detect and count fruit by class in single images.,,,,,,,,,,
K174,S,Class attributes on unique fruit,angka_korpus,"Most concern tomato (18) and blueberry (7), and 43 of the 49 use maturity as the class.",,,,,,,,,,
K175,S,Class attributes on unique fruit,angka_korpus,The second is the 19 multi-observation studies that report counts per class.,,,,,,,,,,
K176,S,Class attributes on unique fruit,angka_korpus,"None of the 19 abstracts describes how a label is chosen when frames disagree, and none reports a class confusion matrix computed on unique fruit.",,,,,,,,,,
K177,S,Depth and other modalities,angka_korpus,"The 129 depth and 3D sensing studies use RGB-D cameras (74), stereo (19), LiDAR (13), or other non-RGB signals.",,,,,,,,,,
K178,S,Depth and other modalities,angka_korpus,"Their main use is not association but detection, localization, and sizing of individual fruit, most often apples (46).",,,,,,,,,,
K179,S,Oil palm,angka_korpus,"Fig. (ref) shows that the 170 oil-palm studies concentrate on ripeness: 76 classify the ripeness of images of single bunches, 37 detect bunches in a scene, 21 study non-RGB sensing of ripeness, 12 address quality, defects, mass, or pose, 10 detect loose fruit, 9 count bunches, and 4 are dataset papers.",,,,,,,,,,
K180,S,Oil palm,angka_korpus,"The setting is on the palm in 40 studies, at a mill, conveyor, or laboratory in 25, on the ground in 13, and from a UAV in 4; 88 abstracts do not state it.",,,,,,,,,,
K181,S,Oil palm,angka_korpus,Class labels are attached to instances in 132 studies.,,,,,,,,,,
K182,S,Oil palm,angka_korpus,Only 11 use more than one view of the same bunch or tree.,,,,,,,,,,
K183,S,Gaps and a measurement agenda,angka_korpus,G1: Identity is rarely measured. Only 13% of the multi-observation studies report an identity metric in the abstract.,,,,,,,,,,
K184,S,Gaps and a measurement agenda,angka_korpus,"G2: Mechanisms are rarely compared on the same data. Table (ref) contains 13 such comparisons, most within M3.",,,,,,,,,,
K185,S,Limitations of this review,angka_korpus,"Abstracts were not available from the database export used and were retrieved from other bibliographic services; 254 records without an abstract were decided from titles, sources, and machine-generated summaries.",,,,,,,,,,
K186,S,Limitations of this review,angka_korpus,"Open-access full text was available for about a third of the included studies (331 of 971), so most coding relied on abstracts.",,,,,,,,,,
K187,S,Conclusion,angka_korpus,The 187 multi-observation studies in this map use six mechanisms to decide which observations belong to the same fruit.,,,,,,,,,,
