no,idx,eid,key,judul,tahun,sumber,abstrak,keputusan_manusia,catatan,keputusan_ai,keputusan_final_fatma
1,1270,2-s2.0-85083422258,zabawa2020counting,Counting of grapevine berries in images via semantic segmentation using convolutional neural networks,2020,ISPRS Journal of Photogrammetry and Remote Sensing,"Abstract The extraction of phenotypic traits is often very time and labour intensive. Especially the investigation in viticulture is restricted to an on-site analysis due to the perennial nature of grapevine. Traditionally skilled experts examine small samples and extrapolate the results to a whole plot. Thereby different grapevine varieties and training systems, e.g. vertical shoot positioning (VSP) and semi minimal pruned hedges (SMPH) pose different challenges. In this paper we present an objective framework based on automatic image analysis which works on two different training systems. The images are collected semi automatic by a camera system which is installed in a modified grape harvester. The system produces overlapping images from the sides of the plants. Our framework uses a convolutional neural network to detect single berries in images by performing a semantic segmentation. Each berry is then counted with a connected component algorithm. We compare our results with the Mask-RCNN, a state-of-the-art network for instance segmentation and with a regression approach for counting. The experiments presented in this paper show that we are able to detect green berries in images despite of different training systems. We achieve an accuracy for the berry detection of 94.0% in the VSP and 85.6% in the SMPH.",,,,
2,2028,2-s2.0-85099298886,septiarini2020maturity,Maturity grading of oil palm fresh fruit bunches based on a machine learning approach,2020,2020 5th International Conference on Informatics and Computing Icic 2020,"Grading maturity oil palm fresh fruit bunches (FFB) is an essential issue in the agriculture sector because the quality of palm oil determines based on the maturity level. Recently, the production of high-quality palm oil has increased continually. Therefore, the implementation of computer vision in agriculture for grading the maturity of oil palm FFB is required to avoid subjectivity in determining the maturity level. This study develops a classification method for grading the maturity level of FFB. Generally, this classification method performed using the color feature. In this study, the color feature is used to distinguish the maturity level of oil palm FFB. The mean value extracted as the color features in L*a*b color space is followed by implementing a machine learning method: Linear Discriminant Analysis (LDA), in the classification process. The experiment used a dataset of 150 images with three different classes: raw, under-ripe, and ripe. The dataset is applied in two stages: training and testing of 60 images and 90 images, respectively. The performance evaluation of the method used successfully achieved an accuracy value of 98.89% using a testing dataset of 90 images.",,,,
3,5078,2-s2.0-85214035572,dutta2025application,Application and Prospects of Artificial Intelligence (AI)-Based Technologies in Fruit Production Systems,2025,Applied Fruit Science,"[Abstrak tidak tersedia di korpus. Putuskan dari judul, sumber, dan tahun; bila ragu, catat di kolom catatan.]",,,,
4,596,2-s2.0-85108358419,smirnov2021neural,Neural network for identifying apple fruits on the crown of a tree,2021,E3s Web of Conferences,"To identify the fruits on the crowns of trees and count their number, a software and hardware complex (PAC) based on a technical vision system and a recurrent neural network of deep learning has been developed. The created neural network and class allocation algorithms allow the software and hardware complex to function stably in the conditions of industrial horticultural plantings, regardless of the size and interference of foliage, to determine the color of the fruit surface, to identify the presence of diseases and defects of fruits. The developed package provides digital monitoring of both photographic materials and video streams in online mode.",,,,
5,1148,2-s2.0-85180543929,luo2023improved,An Improved Soft-CBAM-YoloV5 Algorithm for Fruits and Vegetables Detection and Counting,2023,2023 IEEE 6th International Conference on Pattern Recognition and Artificial Intelligence Prai 2023,"The quality of people's life has been improved as science and technology keep progressing, and artificial intelligence has been implemented into more and more fields these days. Among them, many researchers have paid attention to the scenes of quoting prices and settling accounts for fruits and vegetables in supermarkets and manual classification of fruits and vegetables in farmers' markets. In the traditional YOLOV5 method, when the same kind of fruits and vegetables are blocked from each other, the counting will be inaccurate, resulting in missed detection. In addition, the environment where different objects stay will affect the feature extraction of objects. In order to reduce the occurrence of missed detections as much as possible and improve the detection performance of the model, this paper proposes a new detection model counting method named Soft-CBAM-YOLOV5, by reasonably reducing the score of adjacent detection boxes and introducing the attention mechanism CBAM (Convolutional Block Attention Module) to prevent the occurrence of missed detection and strengthen the focus on the detection target to improve the feature extraction ability of the algorithm. Compared with traditional YOLOV5, the mAP value of Soft-CBAM-YOLOV5 increases from 97.05% to 97.71%. Consequently, the Soft-CBAM-YOLOV5 model has greater detection performance, robustness and lower missed detection rate.",,,,
6,1609,2-s2.0-85211119444,rosbi2024machine,Machine learning for automated oil palm fruit grading: The role of fuzzy C-means segmentation and textural features,2024,Smart Agricultural Technology,"Oil palm fruit, a high-demand and economically valuable crop, faces grading challenges in Malaysia due to labour-intensive methods, resulting in unharvested ripe fruits and yield losses. Extensive research has been conducted on outdoor palm fruit classifiers, but most high-accuracy research in this field relies heavily on large image datasets. This creates a trade-off between employing more sophisticated deep-learning approaches that require extensive data and utilising traditional techniques that have lower data requirements. Therefore, the aim is to propose an outdoor image-based fresh fruit bunch (FFB) classification system, emphasising pre-processing technique and feature extraction techniques suitable for limited datasets. To achieve this, the FFB was localised within the original images using the YOLOv4-Tiny algorithm. Subsequently, a salient segmentation method utilising superpixel-based Fast Fuzzy C-means (FFCM) clustering is employed to remove the background from the images. Next, colour moment and opposite colour local binary pattern (OCLBP) features are extracted from the segmented images to capture important information for classification. Finally, the extracted features are fed into a Multilayer Perceptron (MLP) classifier, which enables the system to predict five classes: damaged, empty, unripe, ripe, and overripe. The developed system demonstrated a commendable performance in accurately classifying fruit bunches, achieving an accuracy of 93.68 %. In conclusion, the proposed system effectively addresses the issue of unripe fruit harvesting and contributes to the advancement of state-of-the-art methods in classifying outdoor FFB images.",,,,
7,1256,2-s2.0-85099923542,hacking2020vineyard,Vineyard yield estimation using 2-D proximal sensing: A multitemporal approach,2020,Oeno One,"Vineyard yield estimation is a fundamental aspect in precision viticulture that enables a better understanding of the inherent variability within a vineyard. Yield estimation conducted early in the growing season provides insightful information to ensure the best fruit quality for the maximum desired yield. Proximal sensing techniques provide non-destructive in situ data acquisition for yield estimation during the growing season. This study aimed to determine the ideal phenological stage for yield estimation using 2-dimensional (2-D) proximal sensing and computer vision techniques in a vertical shoot positioned (VSP) vineyard. To achieve this aim, multitemporal digital imagery was acquired weekly over a 12-week period, with a final acquisition two days prior to harvest. Preceding the multitemporal analysis for yield estimation, an unsupervised k-means clustering (KMC) algorithm was evaluated for image segmentation on the final dataset captured before harvest, yielding bunch-level segmentation accuracies as high as 0.942, with a corresponding F1-score of 0.948. The segmentation yielded a pixel area (cm2), which served as input to a cross-validation model for calculating bunch mass (g). The ‘calculated mass’ was linearly regressed against the ‘actual mass’, indicating the capability for estimating vineyard yield. Results of the multitemporal analysis showed that the final stage of berry ripening was the ideal phenological stage for yield estimation, achieving a global r2 of 0.790.",,,,
8,76,2-s2.0-105043726482,liu2026fruit,A Fruit Size Estimation Method Based on Hyperspectral LiDAR,2026,2026 International Conference on Image Signal Processing and Pattern Recognition Ispp 2026,"[Abstrak tidak tersedia di korpus. Putuskan dari judul, sumber, dan tahun; bila ragu, catat di kolom catatan.]",,,,
9,1135,2-s2.0-85172879730,devanna2023automated,Automated detection and counting of grape bunches using a farmer robot,2023,Proceedings of SPIE the International Society for Optical Engineering,"This paper describes a novel image acquisition and processing framework to detect and count grape bunches along vineyard rows, using RGB and depth data acquired in the field by a farmer robot. The proposed pipeline starts with a semantic image segmentation module that uses a pre-trained convolutional neural network to separate fruit from non-fruit regions. Areas pertaining to fruits are then further processed using a depth gradient-based clustering algorithm to detect and separate single grape bunches. Experiments performed in a commercial vineyard are presented showing that, despite the low quality of the input images, the proposed approach is able to correctly detect and count grape clusters with good accuracy.",,,,
10,2521,2-s2.0-105027253041,li2026blueberry,Blueberry Maturity Detection in Natural Orchard Environments Using an Improved YOLOv11n Network,2026,Agriculture Switzerland,"To meet the growing demand for automated blueberry harvesting in smart agriculture, this study proposes an improved lightweight detection network, termed M-YOLOv11n, for fast and accurate blueberry maturity detection in complex natural environments. The proposed model enhances feature representation through an improved lightweight multi-scale design, enabling more effective extraction of fruit features under complex orchard conditions. In addition, attention-based feature refinement is incorporated to emphasize discriminative ripeness-related cues while suppressing background interference. These design choices improve robustness to scale variation and occlusion, addressing the limitations of conventional lightweight detectors in detecting small and partially occluded fruits. By incorporating MsBlock and the attention mechanism, M-YOLOv11n achieves improved detection accuracy without significantly increasing computational cost. Experimental results demonstrate that the proposed model attains 97.0% mAP50 on the validation set and maintains robust performance under challenging conditions such as occlusion and varying illumination, achieving 96.5% mAP50. With an inference speed of 176.6 FPS, the model satisfies both accuracy and real-time requirements for blueberry maturity detection. Compared with YOLOv11n, M-YOLOv11n increases the parameter count only marginally from 2.60 M to 2.61 M, while maintaining high inference efficiency. These results indicate that the proposed method is suitable for real-time deployment on embedded vision systems in smart agricultural harvesting robots and supports early yield estimation in complex field environments.",,,,
11,1747,2-s2.0-85179083429,herman2023deep,DEEP LEARNING WITH AUXILIARY LEARNING ATTENTION MECHANISM FOR OIL PALM FRUIT IMAGE RIPENESS CLASSIFICATION,2023,Icic Express Letters,"[Abstrak tidak tersedia di korpus. Putuskan dari judul, sumber, dan tahun; bila ragu, catat di kolom catatan.]",,,,
12,381,2-s2.0-85192134528,xia2024kiwifruit,Kiwifruit Counting Using Kiwidetector and Kiwitracker,2024,Lecture Notes in Networks and Systems,"[Abstrak tidak tersedia di korpus. Putuskan dari judul, sumber, dan tahun; bila ragu, catat di kolom catatan.]",,,,
13,2847,2-s2.0-105035185507,hossain2026depth,DEPTH-AWARE DETECTION AND SEGMENTATION OF FRUITS USING FASTER R-CNN AND YOLOV5 FOR ORCHARD ROBOTICS,2026,Icic Express Letters Part B Applications,"[Abstrak tidak tersedia di korpus. Putuskan dari judul, sumber, dan tahun; bila ragu, catat di kolom catatan.]",,,,
14,5815,2-s2.0-84986278309,zhang2016single,Single-image crowd counting via multi-column convolutional neural network,2016,Proceedings of the IEEE Computer Society Conference on Computer Vision and Pattern Recognition,"This paper aims to develop a method than can accurately estimate the crowd count from an individual image with arbitrary crowd density and arbitrary perspective. To this end, we have proposed a simple but effective Multi-column Convolutional Neural Network (MCNN) architecture to map the image to its crowd density map. The proposed MCNN allows the input image to be of arbitrary size or resolution. By utilizing filters with receptive fields of different sizes, the features learned by each column CNN are adaptive to variations in people/head size due to perspective effect or image resolution. Furthermore, the true density map is computed accurately based on geometry-adaptive kernels which do not need knowing the perspective map of the input image. Since exiting crowd counting datasets do not adequately cover all the challenging situations considered in our work, we have collected and labelled a large new dataset that includes 1198 images with about 330,000 heads annotated. On this challenging new dataset, as well as all existing datasets, we conduct extensive experiments to verify the effectiveness of the proposed model and method. In particular, with the proposed simple MCNN model, our method outperforms all existing methods. In addition, experiments show that our model, once trained on one dataset, can be readily transferred to a new dataset.",,,,
15,125,2-s2.0-105018648232,singh2025robust,Robust real-time strawberry maturity detection using UAV-mounted deep learning for precision agriculture,2025,BMC Plant Biology,"To address the challenge of real-time plant monitoring in greenhouse environments, this industry-driven research focuses on developing an autonomous quadrotor UAV system specifically designed for monitoring strawberry plants. Traditional methods for greenhouse monitoring are labor-intensive and lack scalability, particularly in precision agriculture applications. This research introduces a mature strawberry detection model specifically designed for greenhouse environments. The proposed YOLOv9-GLEAN approach enables the identification of small mature strawberries through an onboard camera mounted on the quadrotor. Additionally, a hybrid trajectory tracking controller for the quadrotor is developed and tested in both simulated and real-world conditions. The UAV navigates through the greenhouse using predetermined waypoints, operating as a semi-autonomous system for navigation while maintaining full autonomy in mature strawberry detection tasks. The system incorporates an integrated onboard vision platform that utilizes an innovative YOLOv9-GLEAN-based algorithm to perform real-time and offline detection and counting of mature strawberries. The YOLOv9-GLEAN model achieves high detection accuracy, as confirmed by evaluation metrics such as precision, recall, and F1-score. The proposed hybrid (PID+LQR) controller demonstrates superior tracking performance compared to other conventional controllers. The integrated control and perception system proves effective in both simulated and real-world greenhouse environments. The research validates the efficacy of deep learning models, with YOLOv9-GLEAN showing exceptional performance in enabling rapid, precise, and automated detection of ripe strawberries through quadrotor deployment in greenhouse environments. Such agricultural monitoring technologies represent a substantial advancement beyond conventional manual inspection approaches, empowering farmers and greenhouse operators to execute well-informed, time-sensitive management decisions that minimize crop losses and optimize production yields. This investigation underscores the revolutionary impact that deep learning technologies can have within greenhouse agriculture.",,,,
16,1559,2-s2.0-105037443466,jailani2025concatenated,Concatenated Image Technique Approach to Optimize AI Detection Inference Time and Resource Utilization,2025,Proceedings 2025 7th International Conference on Intelligent Autonomous Systems Icoias 2025,"The rapid development of deep learning has significantly improved object detection performance, particularly in agricultural automation and robotics. However, real-time inference across multiple camera inputs in autonomous systems remains challenging due to high computational demands and limited processing resources. This research presents a comparative analysis of three inference strategies, which were conventional single-image inference, batch-9 inference, and a novel Concatenated Image Technique (CIT) by using the YOLOv11 object detection model for Fresh Fruit Bunch (FFB) detection in oil palm plantations. Two YOLOv11 models were trained using different data configurations, one with single images and another with concatenated 3 times 3 image grids. The conventional model achieved an F1-score of 0.98, while the concatenated model achieved 0.95, with an 81% reduction in training time. Inference performance was evaluated on both GPU and CPU platforms using 900 test images. On GPU, the batch-9 method achieved the highest throughput (77.56 images/s) but required higher GPU utilization (23.5%) and VRAM usage (1385.21 MB). In contrast, the CIT achieved comparable throughput (69.63 images/s) with the lowest GPU utilization (5.6%) and memory usage (1121.31 MB). Under CPU-only inference, CIT demonstrated superior performance with a 3.3 times faster processing speed and reduced CPU utilization (28.6%) compared to other methods. The findings show that the CIT offers a balanced trade-off between accuracy, processing speed, and hardware efficiency, making it highly suitable for lowpower, multi-camera autonomous systems operating in agricultural environments.",,,,
17,640,2-s2.0-85113664418,serafino2020detection,Detection and Counting of Lemons using Artificial Vision and Tracking Techniques for Real Time Harvest Estimation,2020,Proceedings 2020 46th Latin American Computing Conference Clei 2020,"Nowadays, estimating the amount of fruit harvested is an important process for a farmer, providing a significant tool for making decisions about production. This work aims to automate the counting of lemons in real time during the harvesting process, using low processing vision equipment and low resolution cameras mounted on a lemon harvester. Different techniques were used, such as color-based image processing, vegetation and contrast index, mathematical morphology and object tracking based on the Kuhn-Munkres algorithm. To evaluate the performance of the algorithm, six harvest videos with a resolution of 640x480 pixels were tested, resulting in a success rate of over 95% between the visual count and the count provided by the algorithm.",,,,
18,521,2-s2.0-85132789856,ge2022tracking,Tracking and Counting of Tomato at Different Growth Period Using an Improving YOLO-Deepsort Network for Inspection Robot,2022,Machines,"To realize tomato growth period monitoring and yield prediction of tomato cultivation, our study proposes a visual object tracking network called YOLO-deepsort to identify and count tomatoes in different growth periods. Based on the YOLOv5s model, our model uses shufflenetv2, combined with the CBAM attention mechanism, to compress the model size from the algorithm level. In the neck part of the network, the BiFPN multi-scale fusion structure is used to improve the prediction accuracy of the network. When the target detection network completes the bounding box prediction of the target, the Kalman filter algorithm is used to predict the target’s location in the next frame, which is called the tracker in this paper. Finally, calculate the bounding box error between the predicted bounding box and the bounding box output by the object detection network to update the parameters of the Kalman filter and repeat the above steps to achieve the target tracking of tomato fruits and flowers. After getting the tracking results, we use OpenCV to create a virtual count line to count the targets. Our algorithm achieved a competitive result based on the above methods: The mean average precision of flower, green tomato, and red tomato was 93.1%, 96.4%, and 97.9%. Moreover, we demonstrate the tracking ability of the model and the counting process by counting tomato flowers. Overall, the YOLO-deepsort model could fulfill the actual requirements of tomato yield forecast in the greenhouse scene, which provide theoretical support for crop growth status detection and yield forecast.",,,,
19,1391,2-s2.0-84958534104,hung2015feature,A feature learning based approach for automated fruit yield estimation,2015,Springer Tracts in Advanced Robotics,"[Abstrak tidak tersedia di korpus. Putuskan dari judul, sumber, dan tahun; bila ragu, catat di kolom catatan.]",,,,
20,5226,2-s2.0-85187273107,rani2024systematic,A systematic review and comparative meta-analysis of nondestructive fruit maturity detection techniques,2024,Plant Science Today,"The global fruit industry is growing rapidly due to increased awareness of the health benefits associated with fruit consumption. Fruit maturity detection plays a crucial role in fruit logistics and maintenance, enabling farmers and fruit industries to grade fruits and develop sustainable policies for enhanced profitability and service quality. Non-destructive fruit maturity detection methods have gained significant attention, especially with advancements in machine vision and spectroscopic techniques. This systematic review provides a concise overview of the techniques and algorithms used in fruit quality grading by farmers and industries. The study reviewed 63 full-text articles published between 2012 and 2023 along with their bibliometric analysis. Qualitative analysis revealed that researchers from various disciplines contributed to this field, with techniques falling into 3 categories: machine vision (mathematical modelling or deep learning), spectroscopy and other miscellaneous approaches. There was a high level of diversity among these categories, as indicated by an I-square value of 88.37% in the heterogeneity analysis. Meta-analysis, using odds ratios as the effect measure, established the relationship between techniques and their accuracy. Machine vision showed a positive correlation with accuracy across different categories. Additionally, Egger's and Begg's tests were used to assess publication bias and no strong evidence of its occurrence was found. This study offers valuable insights into the advantages and limitations of various fruit maturity detection techniques. For employing statistical and meta-analytical methods, key factors such as accuracy and sample size have been considered. These findings will aid in the development of effective strategies for fruit quality assessment.",,,,
21,3641,2-s2.0-85140045394,vulpi2022rgb,An RGB-D multi-view perspective for autonomous agricultural robots,2022,Computers and Electronics in Agriculture,"[Abstrak tidak tersedia di korpus. Putuskan dari judul, sumber, dan tahun; bila ragu, catat di kolom catatan.]",,,,
22,926,2-s2.0-105016458362,chen2025lightweight,A lightweight citrus detection and counting method based on deep learning model,2025,Engineering Applications of Artificial Intelligence,"[Abstrak tidak tersedia di korpus. Putuskan dari judul, sumber, dan tahun; bila ragu, catat di kolom catatan.]",,,,
23,1086,2-s2.0-85176961840,sugiyama2024improving,Improving the Efficiency of Image Recognition for Yuzu Fruit Counting Using Object Recognition Models,2024,Communications in Computer and Information Science,"[Abstrak tidak tersedia di korpus. Putuskan dari judul, sumber, dan tahun; bila ragu, catat di kolom catatan.]",,,,
24,2219,2-s2.0-85054495204,ibrahim2018palm,Palm oil fresh fruit bunch ripeness grading recognition using convolutional neural network,2018,Journal of Telecommunication Electronic and Computer Engineering,"[Abstrak tidak tersedia di korpus. Putuskan dari judul, sumber, dan tahun; bila ragu, catat di kolom catatan.]",,,,
25,1136,2-s2.0-85149578645,tang2023tree,Tree-level almond yield estimation from high resolution aerial imagery with convolutional neural network,2023,Frontiers in Plant Science,"Introduction Estimating and understanding the yield variability within an individual field is critical for precision agriculture resource management of high value tree crops. Recent advancements in sensor technologies and machine learning make it possible to monitor orchards at very high spatial resolution and estimate yield at individual tree level. Methods This study evaluates the potential of utilizing deep learning methods to predict tree-level almond yield with multi-spectral imagery. We focused on an almond orchard with the ‘Independence’ cultivar in California, where individual tree harvesting and yield monitoring was conducted for ~2,000 trees and summer aerial imagery at 30cm was acquired for four spectral bands in 2021. We developed a Convolutional Neural Network (CNN) model with a spatial attention module to take the multi-spectral reflectance imagery directly for almond fresh weight estimation at the tree level. Results The deep learning model was shown to predict the tree level yield very well, with a R2 of 0.96 (±0.002) and Normalized Root Mean Square Error (NRMSE) of 6.6% (±0.2%), based on 5-fold cross validation. The CNN estimation captured well the patterns of yield variation between orchard rows, along the transects, and from tree to tree, when compared to the harvest data. The reflectance at the red edge band was found to play the most important role in the CNN yield estimation. Discussion This study demonstrates the significant improvement of deep learning over traditional linear regression and machine learning methods for accurate and robust tree level yield estimation, highlighting the potential for data-driven site-specific resource management to ensure agriculture sustainability.",,,,
26,2787,2-s2.0-105048494316,ye2026advances,Advances in Binocular Stereo Vision-Driven 3D Perception and Intelligent Analysis Methods for Agriculture,2026,Applied Sciences Switzerland,"Binocular stereo vision is a low-cost and scalable 3D perception technology that shows strong potential in agricultural phenotyping and smart agriculture. By estimating depth from multi-view RGB images, it enables non-contact, high-precision sensing of crop structure, canopy morphology, growth dynamics, and livestock traits, providing essential support for digital and intelligent agricultural production. With recent advances in deep learning-based stereo matching, multimodal sensor fusion, and 3D reconstruction, its robustness and accuracy in complex field environments have been significantly improved. This paper systematically reviews recent progress in agricultural applications of binocular stereo vision, covering system architectures, traditional and deep learning-based stereo matching methods, point cloud reconstruction techniques, and emerging supervision strategies such as 3D Gaussian splatting. It further summarizes key applications, including high-throughput phenotyping, fruit localization and robotic harvesting, weed detection and precision spraying, autonomous navigation, and livestock body condition assessment, highlighting its role in multi-task agricultural perception systems. Finally, the paper discusses major challenges, including low-texture matching difficulty, occlusions in complex environments, cross-domain generalization, real-time lightweight deployment, and limited dataset availability. Future directions are outlined in foundation model-based visual perception, self- and weakly supervised learning, multimodal fusion, and edge-efficient model design, aiming to support large-scale deployment in smart agriculture.",,,,
27,1156,2-s2.0-85141248621,lopezgarcia2022yield,Yield estimations in a vineyard based on high-resolution spatial imagery acquired by a UAV,2022,Biosystems Engineering,"Yield estimation in vineyards is an essential issue for performing cropping practices to reach the desired production quality or quantity. Sporadic manual measurements have been traditionally made. In the last decade, vegetation indices (VIs) and geometric parameters obtained from unmanned aerial vehicle (UAV) imagery have been related to different vine biophysical features. This research aimed to evaluate the potential of VIs and green canopy cover (GCC; as a measure of plant vigour) obtained from conventional (or red, green, blue; RGB) and multispectral sensors that monitor spatial intraplot variability for yield predictions. The yield components traditionally sampled in an early growth cycle stage (pea berry size) were combined with UAV imagery-based products. The proposed methodology was applied to a vineyard in southeastern Spain during the 2019 and 2020 growing seasons. Rain-fed and irrigated treatments were implemented. Flights were performed throughout the growth cycle using RGB and multispectral cameras mounted on a UAV. Orthoimages were generated. Computer vision techniques were used to segment these orthoimages to obtain vegetation-only masks. Simple and multiple linear regression techniques were evaluated by using VIs alone, VIs combined with GCC and yield components as predictors. The RMSE values ranged from 0.21 kg vine⁻¹ to 0.39 kg vine⁻¹ when yield components, RGB or multispectral VIs were employed. Therefore, with all the advantages that their use entails, RGB and multispectral sensors are a good option for estimating the final yield of vineyards despite calibration being required for each season and grapevine plot.",,,,
28,522,2-s2.0-85129105475,gao2022novel,A novel apple fruit detection and counting methodology based on deep learning and trunk tracking in modern orchard,2022,Computers and Electronics in Agriculture,"[Abstrak tidak tersedia di korpus. Putuskan dari judul, sumber, dan tahun; bila ragu, catat di kolom catatan.]",,,,
29,246,2-s2.0-85210156698,matos2025apple,An Apple Counting System Robust to Multiple Intermittent Occlusions,2025,Lecture Notes in Computer Science Including Subseries Lecture Notes in Artificial Intelligence and Lecture Notes in Bioinformatics,"[Abstrak tidak tersedia di korpus. Putuskan dari judul, sumber, dan tahun; bila ragu, catat di kolom catatan.]",,,,
30,622,2-s2.0-85114201293,zhou2021kiwifruit,Kiwifruit yield estimation using deep learning and binocular stereo vision on Android smartphones,2021,American Society of Agricultural and Biological Engineers Annual International Meeting Asabe 2021,"Abstract. Knowing beforehand yield of kiwifruit to be harvested leads to better logistics and decisions making in agricultural industry. Fruit yield estimation has been relied on time-consuming manual assessment, which is thus highly desirable to be automated. Deep learning has achieved outstanding results in the field of fruit detection. Binocular stereo vision has widely been used to measure distance and object‘s size. Besides, easy-carry smartphones are getting powerful and often have two or more rear lenses. In this paper, deep learning and binocular stereo vision technology were employed to develop an Android APP for detecting and counting kiwifruits in real-time videos and calculating their sizes. Existing studies calculating size all used two same lenses to construct a binocular stereo vision system. However, lenses on smartphone were different from each other, which usually included a standard lens and a wide-angle lens. This paper first got intrinsic and extrinsic parameters matrix of the two lenses by calibrating them using Zhang‘s calibration method, then generated disparity map by rectifying image pairs and SGBM stereo matching algorithm, and final calculated kiwifruit size. A lightweight model trained by SSD with quantized MobileNetV2 and a detection line method were used to detect and count kiwifruits in the images. Results showed that the APP obtained average counting error rate of 15.2% and counting speed of 30 ms per image. Average depth and diameter error between the APP and manual measurement was 6.92% and 6.58%, respectively. These results indicated that the proposed Android APP is promising for kiwifruit yield estimation.",,,,
31,2410,2-s2.0-84898052707,kassim2014oil,Oil palm fruit classifications by using near infrared images,2014,Research Journal of Applied Sciences Engineering and Technology,"Non-destructive assessment on oil palm Fresh Fruit Bunch (FFB) variability provides information for convenient oil palm field management practices. In this study a destructive assessment, using a microstrip sensor technique was firstly used to determine oil palm FFB maturity stages. A sample of FFB fruitlets was taken from 50 oil palm trees. The statistical data of insertion loss obtained from microstrip sensor was then been compared with moisture content in wet basis that was obtained from oven drying to correlate with the FFB maturity stages. The images of the above FFB samples were taken at the field by using multispectral camera. These images were processed and Near Infrared (NIR) hue value was extracted as the maturity feature. A relationship between images data of NIR and microstrip sensor data was developed to determine the maturity stages. The maturity stages data was plotted in the GIS map. Farmers will be able to go to specific location of FFB that has the optimum maturity and carried out the harvesting operation efficiently.",,,,
32,2561,2-s2.0-105015357214,senturk2025integrating,Integrating Advanced Attention Mechanisms into YOLO11 for Accurate Blueberry Fruit Detection,2025,33rd IEEE Conference on Signal Processing and Communications Applications Siu 2025 Proceedings,"The accurate detection of blueberries across varying ripeness stages is pivotal for orchard management, yield estimation, and automated harvesting. However, natural orchard conditions featuring complex backgrounds, variable illumination, and extensive occlusion remain challenging for object detection algorithms. This study presents an enhanced version of YOLO11 that incorporates two advanced attention mechanisms, Efficient Channel Attention (ECA) and ResBlock + Convolutional Block Attention Mechanism (CBAM), to improve the detection accuracy for three classes of blueberry maturity (fully ripe, half-ripe, and unripe). We trained and validated a dataset of 8000 images (6000 for training and 2000 for testing) captured under normal daylight orchard environments, yielding 141312 bounding boxes (17.7 per image) annotated blueberry instances. The experimental results demonstrate that both attention modules significantly boost precision and recall, particularly in partial occlusion and variable lighting scenarios. The ResBlock+CBAM variant achieved a slight edge in the mean average precision (mAP) at a modest computational overhead, whereas the ECA-based network retained faster inference. Thorough studies confirmed the benefits of advanced augmentation (mosaic, mixup) and each attention module on orchard-based feature extraction. Our proposed architectures provide practical solutions for large-scale orchard deployment, contributing to efficient automated fruit management and harvesting.",,,,
33,1320,2-s2.0-85045463489,wang2018detection,Detection and counting of immature green citrus fruit based on the Local Binary Patterns (LBP) feature using illumination-normalized images,2018,Precision Agriculture,"Early detection and counting of immature green citrus fruit using computer vision can help growers produce a predictive yield map which could be used to adjust management practices during the fruit maturing stages. However, such detecting and counting is difficult because of varying illumination, random occlusion and color similarity with leaves. An immature fruit detection algorithm was developed with the aim of identifying and counting fruit in a citrus grove under varying illumination environments and random occlusions using images acquired by a regular red–green–blue (RGB) color camera. Acquired citrus images included front-lighting and back-lighting illumination conditions. The Retinex image enhancement algorithm and the two-dimensional discrete wavelet transform were used for image illumination normalization. Color-based K-means clustering and circular hough transform (CHT) were applied in order to detect potential fruit regions. A Local Binary Patterns feature-based Adaptive Boosting (AdaBoost) classifier was built for removing false positives. A sub-window was used to scan the difference image between the illumination-normalized image and the resulting image from CHT detection in order to detect small areas and partially occluded fruit. An overall accuracy of 85.6% was achieved for the validation set which showed promising potential for the proposed method.",,,,
34,1383,2-s2.0-84941208236,liu2015automatic,Automatic grape bunch detection in vineyards for precise yield estimation,2015,Proceedings of the 14th Iapr International Conference on Machine Vision Applications Mva 2015,"Precise yield estimation using image processing techniques has been demonstrated conceptually on a small scale. Expanding these solutions to larger scale applications requires significant computational power, which need to analyze the entirety of all captured image data. However, many images captured for yield estimation in these processes only contain small areas of useful features for analysis. This paper introduces an image processing algorithm combining color and texture information, and the use of a support vector machine, to accelerate fruit detection by isolating useful features in images. Experiments carried out on two varieties of red grapes (Shiraz and Cabernet Sauvignon) demonstrate an accuracy of 87% and recall of 90%. This method is also shown to remove the restriction on the field of view and background, which limited existing methods and is a first step towards precise and reliable yield estimation on a large scale.",,,,
35,10,2-s2.0-105044408090,huang2026mfft,MFFT: an improved method for stable ID tracking and counting of multi-class mango segmentation with multi-feature fusion in complex occlusion scenarios,2026,Computers and Electronics in Agriculture,"[Abstrak tidak tersedia di korpus. Putuskan dari judul, sumber, dan tahun; bila ragu, catat di kolom catatan.]",,,,
36,1518,2-s2.0-105022276552,mirfan2025automated,Automated Ripeness Detection of Oil Palm Fruit Using a Hybrid GLCM-HSV-KNN Model,2025,Jurnal Resti,"Accurately determining the ripeness of oil palm fruit is crucial for ensuring the quality of palm oil. However, traditional manual methods are often time-consuming and less accurate. This study aimed to develop an automated system for detecting the ripeness of oil palm fruit by combining the Hue Saturation Value (HSV) model, Gray Level Co-occurrence Matrix (GLCM), and K-Nearest Neighbor (KNN) algorithms. This system utilizes K-Nearest Neighbors to classify the relationship between color features extracted using the HSV model and texture features derived from GLCM analysis to categorize fruit ripeness. The color features represent the fruit's chromatic characteristics associated with ripeness, while the texture features provide information regarding surface patterns related to ripeness. The color features represent the fruit's color characteristics associated with ripeness, whereas the texture features provide information about the surface patterns related to ripeness. The results indicate that the system can classify oil palm fruit into four distinct categories: Over-Ripe, Ripe, Half-Ripe, and Raw. The dataset was divided with an 80:20 ratio, where 80% was allocated for training data and the remaining 20% for test data. An accuracy rate of 85% was achieved. The results of this study demonstrate that the developed system effectively classifies oil palm fruit images based on ripeness levels. This system supports a sustainable automated palm oil production model through accurate ripeness detection, thereby reducing reliance on manual methods and enhancing consistency and productivity in palm oil processing. These findings indicate that the proposed hybrid method is feasible for integration into an automated classification system to support decision-making in oil palm harvesting",,,,
37,1513,2-s2.0-105025890346,indrabayu2025cascading,A Cascading of YOLOv8 and Random Forest Regression in Oil Palm Fresh Fruit Bunch Mass Estimation System using Unmanned Aerial Vehicle Imagery,2025,International Journal on Informatics Visualization,"Efficient management of oil palm farms requires accurate pre-harvest planning to maximize productivity. Traditional methods for estimating the mass of Fresh Fruit Bunches (FFBs) typically involve manual sampling and weighing, which are time-consuming and prone to errors. This study presents a novel system combining unmanned aerial vehicle (UAV) photography with geometric feature extraction using YOLOv8-Segmentation and machine learning models—Random Forest Regression (RFR)—to estimate FFB mass. The system addresses challenges posed by dynamic drone imagery, including environmental variations and frond occlusions. Instead of directly integrating YOLOv8 with the regression models, geometric features such as the minor axis, perimeter, and eccentricity are extracted from the segmented images and used to train the RFR for mass estimation. The top-performing model, using features extracted from YOLOv8-Small-Segmentation with the minor axis and eccentricity, achieved a Root Mean Square Error (RMSE) of 3.95 and a Mean Absolute Error (MAE) of 2.87 for frond-covered FFBs. For frond-uncovered FFBs, the best-performing features were the minor axis, perimeter, and area extracted using YOLOv8-Large-Segmentation, resulting in an RMSE of 3.91 and MAE of 2.91. These results demonstrate the system's capability to accurately estimate FFB mass based on UAV-captured imagery and feature extraction. This approach offers a scalable and efficient solution for pre-harvest planning in oil palm plantations, addressing the limitations of traditional methods while improving operational efficiency and accuracy in yield estimation.",,,,
38,4926,2-s2.0-105049690813,liu2026recent,RECENT ADVANCES SURVEY IN COMPUTER VISION AND ARTIFICIAL INTELLIGENCE FOR FRUIT DETECTION,2026,Inmateh Agricultural Engineering,"With the development of society and the advancement of science and technology, the object detection technology driven by Artificial Intelligence is also constantly innovating. As an important task in the field of agricultural Computer Vision, fruit detection in real environments faces many challenges. This paper reviews and analyzes the latest breakthroughs and representative studies in this field. Based on the existing research, the existing fruit detection algorithms are roughly divided into 5 categories: (1) the traditional fruit detection algorithm based on manual features; (2) the fruit detection algorithm based on two stages; (3) the fruit detection algorithm based on one stage; (4) the fruit detection algorithm based on anchor-free frame, and (5) the fruit detection algorithm based on transfer learning. This paper also discusses various application scenarios, such as multi-object detection, complex backgrounds, and edge computing. It also summarizes the classic and cutting-edge technical methods at the current time point, providing valuable insights for fruit detection in agricultural production.",,,,
39,421,2-s2.0-85162921189,rapadorincon2023development,Development and evaluation of automated localisation and reconstruction of all fruits on tomato plants in a greenhouse based on multi-view perception and 3D multi-object tracking,2023,Biosystems Engineering,"The ability to accurately represent and localise relevant objects is essential for robots to carry out tasks effectively. Traditional approaches, where robots simply capture an image, process that image to take an action, and then forget the information, have proven to struggle in the presence of occlusions. Methods using multi-view perception, which have the potential to address some of these problems, require a world model that guides the collection, integration and extraction of information from multiple viewpoints. Furthermore, constructing a generic representation that can be applied in various environments and tasks is a difficult challenge. In this paper, a novel approach for building generic representations in occluded agro-food environments using multi-view perception and 3D multi-object tracking is introduced. The method is based on a detection algorithm that generates partial point clouds for each detected object, followed by a 3D multi-object tracking algorithm that updates the representation over time. The accuracy of the representation was evaluated in a real-world environment, where successful representation and localisation of tomatoes in tomato plants were achieved, despite high levels of occlusion, with the total count of tomatoes estimated with a maximum error of 5.08% and the tomatoes tracked with an accuracy up to 71.47%. Novel tracking metrics were introduced, demonstrating that valuable insight into the errors in localising and representing the fruits can be provided by their use. This approach presents a novel solution for building representations in occluded agro-food environments, demonstrating potential to enable robots to perform tasks effectively in these challenging environments.",,,,
40,927,2-s2.0-105007526785,odah2025machine,Machine learning techniques for tomato yield prediction: A comprehensive analysis,2025,Smart Agricultural Technology,"Effective yield prediction is crucial for farmers and the agricultural sector. It allows producers to enhance control over their operations and better align with market supply and demand. With the emergence of Artificial Intelligence (AI), various Machine Learning (ML) models have been developed to predict crop yield. In this study, we conducted a systematic literature review to examine the ML models used for predicting tomato yield, the features associated with the most effective models, and the challenges faced by users. We retrieved 1,486 scientific papers from six electronic databases. Following the PRISMA guidelines, we included 57 studies in our analysis. The results showed that 66.67% of the models achieving the best performance in predicting or estimating tomato yield are Deep Learning (DL) models, with neural networks accounting for 42.11% of these. Specifically, Long Short-Term Memory (LSTM), Artificial Neural Networks (ANN), and Support Vector Regression (SVR) are the models most commonly used, demonstrating strong performance when considering factors such as climate, soil conditions, plant growth, fertilization, and irrigation. Additionally, when using computed vegetation indices from image data, Random Forest Regression (RFR) is frequently applied with notable success. The YOLO-Tomato and R-CNN methods are commonly used for detecting tomato fruits prior to yield estimation. Furthermore, DeepSort and linear regression are the predominant methods employed for counting and estimating tomato yield. For future research, it is important to conduct a comparative analysis of models such as LSTM, ANN, SVR, and RFR specifically for predicting tomato yield using data from Africa.",,,,
41,1841,2-s2.0-85139133543,shiddiq2022volume,Volume measurement of oil palm fresh fruit bunches using computer vision,2022,Aip Conference Proceedings,"Volume measurement has used computer vision to estimate the mass of many types of fruits. Capacity determination of a crude palm oil refinery involves the measurement of weight and mass of oil palm fresh fruit bunches, which is usually measured using a weighbridge. Automation is possible using a fast sorting and grading machine vision where computer vision is applied. This study aimed to use a computer vision method with a cross-line laser beam to measure the volumes of oil palm FFB using a segmentation process and an ellipsoid equation. Samples were 40 oil palm FFB of Tenera Variety. The volumes measured using two other methods, the water displacement method (WDM) and the manual method, were used for validation. The average difference of the oil palm FFB volumes measured manually and by computer vision was 0.77 x 103 cm3 with R2 of 0.9336. The volumes measured using the WDM method and computer vision has an average difference of 0.81 x 103 cm3 with an R2 of 0.9074. Comparison of manual to computer vision method and WDM to computer vision method show the volumes measured are within 95 % spread using Bland-Altman plot. The FFB volumes measured using the computer vision method range from 3.92×103 cm3−18.02×103 cm3 which relate to 2.4 - 17.9 kg of masses. These results show the potential use of the computer vision method for oil palm FFB.",,,,
42,1335,2-s2.0-85035801258,aquino2018automated,Automated early yield prediction in vineyards from on-the-go image acquisition,2018,Computers and Electronics in Agriculture,"Early grapevine yield assessment provides information to viticulturists to help taking management decisions to achieve the desired grape quality and yield amount. In previous works, image analysis has been explored to this effect, but with systems performing either manually, on a single variety or close to harvest-time, when there are few rectifiable agronomic aspects. This study presents a solution based on image analysis for the non-invasive and in-field yield prediction in vines of several varieties, at phenological stages previous to veraison, around 100 days from harvest. To this end, an all-terrain vehicle (ATV) was modified with equipment to autonomously capture images of 30 vine segments of five different varieties at night-time. The images were analysed with a new image analysis algorithm based on mathematical morphology and pixel classification, which yielded overall average Recall and Precision values of 0.8764 and 0.9582, respectively. Finally, a model was calibrated to produce yield predictions from the number of detected berries in images with a Root-Mean-Square-Error per vine of 0.16 kg. This accuracy makes the proposed methodology ideal for early yield prediction as a very helpful tool for the grape and wine industry.",,,,
43,902,2-s2.0-105012358925,pichhika2026tree,On Tree Mango Fruit Yield Estimation Using Graph Cuts and Depth First Search,2026,Communications in Computer and Information Science,"[Abstrak tidak tersedia di korpus. Putuskan dari judul, sumber, dan tahun; bila ragu, catat di kolom catatan.]",,,,
44,2597,2-s2.0-85181680090,sanya2024coffee,"Coffee and cashew nut dataset: A dataset for detection, classification, and yield estimation for machine learning applications",2024,Data in Brief,"Conventional methods of crop yield estimation are costly, inefficient, and prone to error resulting in poor yield estimates. This affects the ability of farmers to appropriately plan and manage their crop production pipelines and market processes. There is therefore a need to develop automated methods of crop yield estimation. However, the development of accurate machine-learning methods for crop yield estimation depends on the availability of appropriate datasets. There is a lack of such datasets, especially in sub-Saharan Africa. We present curated image datasets of coffee and cashew nuts acquired in Uganda during two crop harvest seasons. The datasets were collected over nine months, from September 2022 to May 2023. The data was collected using a high-resolution camera mounted on an Unmanned Aerial Vehicle . The datasets contain 3000 coffee and 3086 cashew nut images, constituting 6086 images. Annotated objects of interest in the coffee dataset consist of five classes namely: unripe, ripening, ripe, spoilt, and coffee_tree. Annotated objects of interest in the cashew nut dataset consist of six classes namely: tree, flower, premature, unripe, ripe, and spoilt. The datasets may be used for various machine-learning tasks including flowering intensity estimation, fruit maturity stage analysis, disease diagnosis, crop variety identification, and yield estimation.",,,,
45,64,2-s2.0-105031703283,feng2026greenhouse,Greenhouse Tomato Fruit Inspection and Counting Method Based on Improved YOLO v8n ByteTrack,2026,Nongye Jixie Xuebao Transactions of the Chinese Society for Agricultural Machinery,"[Abstrak tidak tersedia di korpus. Putuskan dari judul, sumber, dan tahun; bila ragu, catat di kolom catatan.]",,,,
46,1587,2-s2.0-105034171637,warni2025comparative,Comparative Analysis of Series YOLO Models for Loose Fruits Palm Oil Detection: A Comprehensive Performance Evaluation,2025,International Conference on Wireless Networks and Mobile Communications Wincom,"Automated detection of loose fruits has become a critical factor in minimizing harvest losses in oil palm plantations. This study aims to evaluate and compare the performance of four generations of YOLO models (YOLOv5, YOLOv8, YOLOv9, and YOLOv11) for detecting loose fruits palm oil, focusing primarily on accuracy and inference speed. A total of 20 different model scales were tested using a carefully annotated plantation image dataset resized to $640 \times$ 640 pixels. Model performance was evaluated based on precision, recall, mean average precision (mAP), and inference time (milliseconds) on both GPU based systems and edge devices. Results showed that lightweight models such as YOLOv5s and YOLOv8s achieved mAP scores around 0.83 with inference times below 340 ms, making them suitable for real time applications. Conversely, YOLOv9m and YOLOv11m achieved the highest accuracy with mAP scores exceeding 0.86, but their inference times were longer, surpassing 800 ms, making these models more appropriate for server based inspection applications. The largest models in each generation provided only slight improvements in accuracy but were accompanied by significant increases in inference time, highlighting a saturation point in the trade off between model complexity and performance. Consequently, this study offers a comprehensive performance map, serving as a practical guide for selecting appropriate YOLO based loose fruit detection models tailored to specific application requirements. The key contribution of this research lies in providing a scientific basis for choosing detection models that effectively balance accuracy and computational efficiency, thereby accelerating the integration of computer vision technologies into smart agricultural practices.",,,,
47,362,2-s2.0-85188461432,sapkota2024immature,Immature Green Apple Detection and Sizing in Commercial Orchards Using YOLOv8 and Shape Fitting Techniques,2024,IEEE Access,"Detecting and estimating size of apples during the early stages of growth is crucial for predicting yield, pest management, and making informed decisions related to crop-load management, harvest and post-harvest logistics, and marketing. Traditional fruit size measurement methods are laborious and time-consuming. This study employs the state-of-the-art YOLOv8 object detection and instance segmentation algorithm in conjunction with geometric shape fitting techniques on 3D point cloud data to accurately determine the size of immature green apples (or fruitlet) in a commercial orchard environment. The methodology utilized two RGB-D sensors: Intel RealSense D435i and Microsoft Azure Kinect DK. Notably, the YOLOv8 instance segmentation models exhibited proficiency in immature green apple detection, with the YOLOv8m-seg model achieving the highest AP@0.5 and AP@0.75 scores of 0.94 and 0.91, respectively. Using the ellipsoid fitting technique on images from the Azure Kinect, we achieved an RMSE of 2.35 mm, MAE of 1.66 mm, MAPE of 6.15 mm, and an R-squared value of 0.9 in estimating the size of apple fruitlets. Challenges such as partial occlusion caused some error in accurately delineating and sizing green apples using the YOLOv8-based segmentation technique, particularly in fruit clusters. In a comparison with 102 outdoor samples, the size estimation technique performed better on the images acquired with Microsoft Azure Kinect than the same with Intel Realsense D435i. This superiority is evident from the metrics: the RMSE values (2.35 mm for Azure Kinect vs. 9.65 mm for Realsense D435i), MAE values (1.66 mm for Azure Kinect vs. 7.8 mm for Realsense D435i), and the R-squared values (0.9 for Azure Kinect vs. 0.77 for Realsense D435i). This study demonstrated the feasibility of accurately sizing immature green fruit in early growth stages using the combined 3D sensing and shape-fitting technique, which shows promise for improved precision agricultural operations such as optimal crop-load management in orchards.",,,,
48,2003,2-s2.0-85176137927,teh2021coloured,Coloured Edge Maps for Oil Palm Ripeness Classification,2021,32nd British Machine Vision Conference Bmvc 2021,"[Abstrak tidak tersedia di korpus. Putuskan dari judul, sumber, dan tahun; bila ragu, catat di kolom catatan.]",,,,
49,1112,2-s2.0-85165008313,yldrm2023deep,Deep Learning Based Apples Counting for Yield Forecast Using Proposed Flying Robotic System,2023,Sensors,"Nowadays, Convolution Neural Network (CNN) based deep learning methods are widely used in detecting and classifying fruits from faults, color and size characteristics. In this study, two different neural network model estimators are employed to detect apples using the Single-Shot Multibox Detection (SSD) Mobilenet and Faster Region-CNN (Faster R-CNN) model architectures, with the custom dataset generated from the red apple species. Each neural network model is trained with created dataset using 4000 apple images. With the trained model, apples are detected and counted autonomously using the developed Flying Robotic System (FRS) in a commercially produced apple orchard. In this way, it is aimed that producers make accurate yield forecasts before commercial agreements. In this paper, SSD-Mobilenet and Faster R-CNN architecture models trained with COCO datasets referenced in many studies, and SSD-Mobilenet and Faster R-CNN models trained with a learning rate ranging from 0.015–0.04 using the custom dataset are compared experimentally in terms of performance. In the experiments implemented, it is observed that the accuracy rates of the proposed models increased to the level of 93%. Consequently, it has been observed that the Faster R-CNN model, which is developed, makes extremely successful determinations by lowering the loss value below 0.1.",,,,
50,481,2-s2.0-85164620053,lawal2023improved,An improved YOLOv5s model using feature concatenation with attention mechanism for real-time fruit detection and counting,2023,Frontiers in Plant Science,"An improved YOLOv5s model was proposed and validated on a new fruit dataset to solve the real-time detection task in a complex environment. With the incorporation of feature concatenation and an attention mechanism into the original YOLOv5s network, the improved YOLOv5s recorded 122 layers, 4.4 × 106 params, 12.8 GFLOPs, and 8.8 MB weight size, which are 45.5%, 30.2%, 14.1%, and 31.3% smaller than the original YOLOv5s, respectively. Meanwhile, the obtained 93.4% of mAP tested on the valid set, 96.0% of mAP tested on the test set, and 74 fps of speed tested on videos using improved YOLOv5s is 0.6%, 0.5%, and 10.4% higher than the original YOLOv5s model, respectively. Using videos, the fruit tracking and counting tested on the improved YOLOv5s observed less missed and incorrect detections compared to the original YOLOv5s. Furthermore, the aggregated detection performance of improved YOLOv5s outperformed the network of GhostYOLOv5s, YOLOv4-tiny, and YOLOv7-tiny, including other mainstream YOLO variants. Therefore, the improved YOLOv5s is lightweight with reduced computation costs, can better generalize against complex conditions, and is applicable for real-time detection in fruit picking robots and low-power devices.",,,,
51,4867,2-s2.0-105034130024,farhan2026artificial,Artificial intelligence for oil palm tree management using deep structured learning: A systematic review,2026,Al Qadisiyah Journal for Engineering Sciences,"Climate change, workforce shortages, and sustainability requirements create serious obstacles for oil palm farms, which contribute $65 billion annually. Automated monitoring solutions are very important because traditional manual tree counting techniques, which are widely used in the sector, have counting error rates of 15-25% and require significant human resources. In this comprehensive review, deep learning applications, specifically, convolutional neural networks (CNNs) for oil palm tree detection and counting are evaluated. Performance, constraints, and realistic deployment pathways are examined. Publications from 2016 to 2025 that focused on oil palm recognition using deep learning with quantitative measurements were found using a literature search across Scopus, Web of Science, IEEE Xplore, and Google Scholar. Architectures, dataset properties, and performance metrics were recorded using data extraction. Malaysia is at the forefront of cooperative networks that span 22 nations, according to an analysis of 47 datasets. With mature trees, modern CNN architectures improved with YOLO frameworks achieve >95% detection accuracy; nevertheless, for young trees, they show notable degradation (87.2% vs. 96.8% mAP). Cross-regional generalization (21.9 percentage point accuracy degradation), processing demands (450-650 ms inference), and financial obstacles are important obstacles. Real-time viability is demonstrated by edge-optimized models, which achieve 98.6\% accuracy with 80 ms inference. Geographic bias (68% Malaysian, 23% Indonesian) and restricted public availability (8%) are revealed by dataset analysis. Deep learning can significantly improve oil palm management by 15-20% compared to conventional techniques. Widespread adoption requires standardized benchmark datasets (10,000+ images), transfer learning techniques (<500 images per region), edge-optimized architectures (<100 ms inference), and phased deployment (10-50 hectare pilots). CNN's convergence with precision agriculture positions the industry for comprehensive digitalization while addressing sustainability and labor challenges.",,,,
52,131,2-s2.0-105023122149,timprae2025tomato,Tomato Growth Monitoring and Phenological Analysis Using Deep Learning-Based Instance Segmentation and 3D Point Cloud Reconstruction,2025,Sustainability Switzerland,"Accurate and nondestructive monitoring of tomato growth is essential for large-scale greenhouse production; however, it remains challenging for small-fruited cultivars such as cherry tomatoes. Traditional 2D image analysis often fails to capture precise morphological traits, limiting its usefulness in growth modeling and yield estimation. This study proposes an automated phenotyping framework that integrates deep learning-based instance segmentation with high-resolution 3D point cloud reconstruction and ellipsoid fitting to estimate fruit size and ripeness from daily video recordings. These techniques enable accurate camera pose estimation and dense geometric reconstruction (via SfM and MVS), while Nerfacto enhances surface continuity and photorealistic fidelity, resulting in highly precise and visually consistent 3D representations. The reconstructed models are followed by CIELAB color analysis and logistic curve fitting to characterize the growth dynamics. When applied to real greenhouse conditions, the method achieved an average size estimation error of 8.01% compared to manual caliper measurements. During summer, the maximum growth rate (gmax) of size and ripeness were 24.14%, and 95.24% higher than in winter, respectively. Seasonal analysis revealed that winter-grown tomatoes matured approximately 10 days later than summer-grown fruits, highlighting environmental influences on phenological development. By enabling precise, noninvasive tracking of size and ripeness progression, this approach is a novel tool for smart and sustainable agriculture.",,,,
53,3397,2-s2.0-85191392710,hong2024plant,ON-PLANT SIZE AND WEIGHT ESTIMATION OF TOMATO FRUITS USING DEEP NEURAL NETWORKS AND RGB-D IMAGING,2024,Journal of the Asabe,"Highlights
 
 
 
 
 Deep learning-based instance segmentation models were applied and evaluated for tomato fruit detection.
 
 
 Mask R-CNN with vision transformer backbone showed the highest accuracy for tomato instance detection.
 
 
 Size and weight estimation indexes were calculated using tomato region depth data from instance segmentation models.
 
 
 Area-based index has higher accuracy for weight estimation than indexes based on weight and height information.
 
 
 
 
 Abstract. The size and weight of fruits are crucial factors in yield prediction and determining harvesting time. Machine vision, including fruit detection, is a key technology in the automated monitoring and harvesting of fruits. In particular, deep learning-based fruit-detection methods have been actively applied. Estimation of fruit size after fruit detection requires depth information, which can be acquired using depth imaging. RGB-D cameras include color and depth information required for fruit detection and size estimation. In this study, the RGB-D imaging technique was used to estimate the size and weight of tomatoes. Furthermore, deep learning-based instance segmentation models, including Mask R-CNN, YOLACT, and RTMDet for tomato fruit detection, were trained and evaluated. The proposed method estimated the fruit width with a root mean square error (RMSE) of 4 mm, a mean absolute percentage error (MAPE) of 4.28%, and a fruit height with an RMSE of 5.12 mm and a MAPE of 6.42%. Furthermore, the weight-prediction model based on the area index estimated the tomato fruit weight with an RMSE of 19.69 g and MAPE of 9.44%. Thus, the method can be used for accurate size and weight estimation and can be applied in growth monitoring and automated tomatoes harvesting. Keywords: Deep learning, Fruit sizing, Instance segmentation, RGB-D, Tomato.",,,,
54,5179,2-s2.0-85202678537,wang2024review,"A Review of Perception Technologies for Berry Fruit-Picking Robots: Advantages, Disadvantages, Challenges, and Prospects",2024,Agriculture Switzerland,"Berries are nutritious and valuable, but their thin skin, soft flesh, and fragility make harvesting and picking challenging. Manual and traditional mechanical harvesting methods are commonly used, but they are costly in labor and can damage the fruit. To overcome these challenges, it may be worth exploring alternative harvesting methods. Using berry fruit-picking robots with perception technology is a viable option to improve the efficiency of berry harvesting. This review presents an overview of the mechanisms of berry fruit-picking robots, encompassing their underlying principles, the mechanics of picking and grasping, and an examination of their structural design. The importance of perception technology during the picking process is highlighted. Then, several perception techniques commonly used by berry fruit-picking robots are described, including visual perception, tactile perception, distance measurement, and switching sensors. The methods of these four perceptual techniques used by berry-picking robots are described, and their advantages and disadvantages are analyzed. In addition, the technical characteristics of perception technologies in practical applications are analyzed and summarized, and several advanced applications of berry fruit-picking robots are presented. Finally, the challenges that perception technologies need to overcome and the prospects for overcoming these challenges are discussed.",,,,
55,3371,2-s2.0-85188862575,zhang2024semantic,Semantic segmentation model for greenhouse tomato images using RGB and depth bimodal,2024,Nongye Gongcheng Xuebao Transactions of the Chinese Society of Agricultural Engineering,"[Abstrak tidak tersedia di korpus. Putuskan dari judul, sumber, dan tahun; bila ragu, catat di kolom catatan.]",,,,
56,175,2-s2.0-105002224357,yan2025research,Research on an Apple Recognition and Yield Estimation Model Based on the Fusion of Improved YOLOv11 and DeepSORT,2025,Agriculture Switzerland,"Accurate apple yield estimation is essential for effective orchard management, market planning, and ensuring growers’ income. However, complex orchard conditions, such as dense foliage occlusion and overlapping fruits, present challenges to large-scale yield estimation. This study introduces APYOLO, an enhanced apple detection algorithm based on an improved YOLOv11, integrated with the DeepSORT tracking algorithm to improve both detection accuracy and operational speed. APYOLO incorporates a multi-scale channel attention (MSCA) mechanism and an enhanced multi-scale prior distribution intersection over union (EnMPDIoU) loss function to enhance target localization and recognition under complex environments. Experimental results demonstrate that APYOLO outperforms the original YOLOv11 by improving mAP@0.5, mAP@0.5–0.95, accuracy, and recall by 2.2%, 2.1%, 0.8%, and 2.3%, respectively. Additionally, the combination of a unique ID with the region of line (ROL) strategy in DeepSORT further boosts yield estimation accuracy to 84.45%, surpassing the performance of the unique ID method alone. This study provides a more precise and efficient system for apple yield estimation, offering strong technical support for intelligent and refined orchard management.",,,,
57,275,2-s2.0-85208265623,lv2024ldc,LDC-PP-YOLOE: a lightweight model for detecting and counting citrus fruit,2024,Pattern Analysis and Applications,"[Abstrak tidak tersedia di korpus. Putuskan dari judul, sumber, dan tahun; bila ragu, catat di kolom catatan.]",,,,
58,656,2-s2.0-85079829054,kurtser2020field,In-field grape cluster size assessment for vine yield estimation using a mobile robot and a consumer level RGB-D Camera,2020,IEEE Robotics and Automation Letters,"Current practice for vine yield estimation is based on RGB cameras and has limited performance. In this letter we present a method for outdoor vine yield estimation using a consumer grade RGB-D camera mounted on a mobile robotic platform. An algorithm for automatic grape cluster size estimation using depth information is evaluated both in controlled outdoor conditions and in commercial vineyard conditions. Ten video scans (3 camera viewpoints with 2 different backgrounds and 2 natural light conditions), acquired from a controlled outdoor experiment and a commercial vineyard setup, are used for analyses. The collected dataset (GRAPES3D) is released to the public. A total of 4542 regions of 49 grape clusters were manually labeled by a human annotator for comparison. Eight variations of the algorithm are assessed, both for manually labeled and auto-detected regions. The effect of viewpoint, presence of an artificial background, and the human annotator are analyzed using statistical tools. Results show 2.8-3.5 cm average error for all acquired data and reveal the potential of using low-cost commercial RGB-D cameras for improved robotic yield estimation.",,,,
59,2506,2-s2.0-105040971311,hong2026strawberry,Strawberry Ripeness Cascade Detection Method Based on YOLO v8n seg and Lightweight CNN,2026,Nongye Jixie Xuebao Transactions of the Chinese Society for Agricultural Machinery,"[Abstrak tidak tersedia di korpus. Putuskan dari judul, sumber, dan tahun; bila ragu, catat di kolom catatan.]",,,,
60,1044,2-s2.0-85197364002,yang2024probability,Probability map-based grape detection and counting,2024,Computers and Electronics in Agriculture,"[Abstrak tidak tersedia di korpus. Putuskan dari judul, sumber, dan tahun; bila ragu, catat di kolom catatan.]",,,,
61,1552,2-s2.0-85215003775,kurniawan2025classification,Classification of palm oil fruit ripeness based on AlexNet deep Convolutional Neural Network,2025,Sinergi Indonesia,"The palm oil industry faces significant challenges in accurately classifying fruit ripeness, which is crucial for optimizing yield, quality, and profitability. Manual methods are slow and prone to errors, leading to inefficiencies and increased costs. Deep Learning, particularly the AlexNet architecture, has succeeded in image classification tasks and offers a promising solution. This study explores the implementation of AlexNet to improve the efficiency and accuracy of palm oil fruit maturity classification, thereby reducing costs and production time. We employed a dataset of 1500 images of palm oil fruits, meticulously categorized into three classes: raw, ripe, and rotten. The experimental setup involved training AlexNet and comparing its performance with a conventional Convolutional Neural Network (CNN). The results demonstrated that AlexNet significantly outperforms the traditional CNN, achieving a validation loss of 0.0261 and an accuracy of 0.9962, compared to the CNN's validation loss of 0.0377 and accuracy of 0.9925. Furthermore, AlexNet achieved superior precision, recall, and F-1 scores, each reaching 0.99, while the CNN scores were 0.98. These findings suggest that adopting AlexNet can enhance the palm oil industry's operational efficiency and product quality. The improved classification accuracy ensures that fruits are harvested at optimal ripeness, leading to better oil yield and quality. Reducing classification errors and manual labor can also lead to substantial cost savings and increased profitability. This study underscores the potential of advanced deep learning models like AlexNet in revolutionizing agricultural practices and improving industrial outcomes.",,,,
62,4068,2-s2.0-85072345472,genemola2019fruit,Fruit detection in an apple orchard using a mobile terrestrial laser scanner,2019,Biosystems Engineering,"The development of reliable fruit detection and localization systems provides an opportunity to improve the crop value and management by limiting fruit spoilage and optimised harvesting practices. Most proposed systems for fruit detection are based on RGB cameras and thus are affected by intrinsic constraints, such as variable lighting conditions. This work presents a new technique that uses a mobile terrestrial laser scanner (MTLS) to detect and localise Fuji apples. An experimental test focused on Fuji apple trees (Malus domestica Borkh. cv. Fuji) was carried out. A 3D point cloud of the scene was generated using an MTLS composed of a Velodyne VLP-16 LiDAR sensor synchronised with an RTK-GNSS satellite navigation receiver. A reflectance analysis of tree elements was performed, obtaining mean apparent reflectance values of 28.9%, 29.1%, and 44.3% for leaves, branches and trunks, and apples, respectively. These results suggest that the apparent reflectance parameter (at 905 nm wavelength) can be useful to detect apples. For that purpose, a four-step fruit detection algorithm was developed. By applying this algorithm, a localization success of 87.5%, an identification success of 82.4%, and an F1-score of 0.858 were obtained in relation to the total amount of fruits. These detection rates are similar to those obtained by RGB-based systems, but with the additional advantages of providing direct 3D fruit location information, which is not affected by sunlight variations. From the experimental results, it can be concluded that LiDAR-based technology and, particularly, its reflectance information, has potential for remote apple detection and 3D location.",,,,
