source_review,doi,title,year,why_candidate
gongal2015sensors,10.1016/j.compag.2013.11.011,"Estimating mango crop yield using image analysis using fruit at 'stone hardening' stage and night time imaging",2014,"KUAT. Citra malam dari kedua sisi pohon mangga, hitungan per pohon dikoreksi ke hasil panen (M1, pandangan diskret); kelanjutan Payne 2013 yang sudah ada (C2). Tidak tertangkap karena judul memakai 'Estimating ... yield', bukan 'yield estimat*'."
rong2026research;liu2026shaping,10.1016/j.eja.2020.126030,"Deep learning techniques for estimation of the yield and size of citrus fruits using a UAV",2020,"KUAT-SEDANG. Hitung dan ukur jeruk dari citra UAV per pohon lalu regresi ke hasil (M1); dirujuk Rong dkk. 2026 dan Liu dan Ampatzidis. Judul memakai 'estimation of the yield' sehingga lolos dari frasa 'yield estimat*'. Perlu cek apakah memakai beberapa citra per pohon."
gongal2015sensors,,"Over-the-row machine vision system for improved apple crop-load estimation",2014,"KUAT. Sistem pencitraan apel dari dua sisi (over-the-row) untuk beban buah; pasangan 'Identification of repetitive apples...' (sudah C1) dan Gongal 2016 (C1). Prosiding ASABE; DOI tidak ditemukan di Crossref; kemungkinan tidak terindeks Scopus."
gongal2015sensors,,"Apple identification in field environment with over-the-row machine vision system",2014,"LEMAH. Kelompok yang sama (Silwal dkk.); fokus identifikasi apel, mungkin tanpa penggabungan antar-pandang. Prosiding ASABE, tanpa DOI."
koirala2019deepb,,"Machine vision system for early yield estimation of citrus in a site-specific manner",2015,"LEMAH. Estimasi hasil jeruk dari sistem visi; cara akuisisi tidak jelas dari judul. DOI belum ditemukan."
rong2026research,10.1038/s41598-023-50921-8,"Enhancing citrus fruit yield investigations through flight height optimization with UAV imaging",2024,"LEMAH. Hitung buah jeruk dari citra UAV pada beberapa ketinggian terbang; mungkin memakai citra tumpang-tindih. Judul tanpa istilah count/yield estimat*."
rong2026research,10.48550/arXiv.2507.01912,"3D reconstruction and information fusion between dormant and canopy seasons in commercial orchards using deep learning and fast GICP",2025,"LEMAH. Fusi 3D antarmusim di kebun (asosiasi lintas waktu, mirip M4). Praprint arXiv, bukan rekaman Scopus; hanya relevan bila versi jurnalnya terbit."
liu2026shaping,10.13031/2013.29916,"A multi-modal system for yield prediction in citrus trees",2010,"CATATAN SAJA. Kamera + LiDAR sepanjang baris jeruk untuk hitungan per pohon (M4 awal), tetapi terbit sebelum 2012 sehingga di luar rentang tahun tinjauan."
koirala2019deepb,10.1109/ICARCV.2010.5707436,"Fruit detection, tracking, and 3D reconstruction for crop mapping and yield estimation",2010,"CATATAN SAJA. Pelacakan + rekonstruksi 3D buah (M3+M4 awal), tetapi terbit sebelum 2012."
gongal2015sensors,,"Machine vision-based citrus yield mapping system",2007,"CATATAN SAJA. Pemetaan hasil jeruk dari citra berurutan di atas mesin panen; terbit sebelum 2012."
