qid,eid,doi,title,first_author,year,cover_date,source,source_type,doc_type,volume,issue,pages,article_number,cited_by,open_access,issn,eissn,affil_country
Q8d,2-s2.0-84986278309,10.1109/cvpr.2016.70,Single-image crowd counting via multi-column convolutional neural network,Zhang Y.,2016,2016-12-09,Proceedings of the IEEE Computer Society Conference on Computer Vision and Pattern Recognition,Conference Proceeding,Conference Paper,2016-December,,589-597,7780439,2424,False,10636919,,China
Q8d,2-s2.0-84959214343,10.1109/cvpr.2015.7298684,Cross-scene crowd counting via deep convolutional neural networks,Zhang C.,2015,2015-10-14,Proceedings of the IEEE Computer Society Conference on Computer Vision and Pattern Recognition,Conference Proceeding,Conference Paper,07-12-June-2015,,833-841,7298684,1230,False,10636919,,China; Hong Kong
Q8d,2-s2.0-85042131716,10.1109/cvpr.2017.429,Switching convolutional neural network for crowd counting,Sam D.B.,2017,2017-11-06,Proceedings 30th IEEE Conference on Computer Vision and Pattern Recognition Cvpr 2017,Conference Proceeding,Conference Paper,2017-January,,4031-4039,,955,False,,,India
Q8d,2-s2.0-85072757696,10.1109/cvpr.2019.00524,Context-aware crowd counting,Liu W.,2019,2019-06-01,Proceedings of the IEEE Computer Society Conference on Computer Vision and Pattern Recognition,Conference Proceeding,Conference Paper,2019-June,,5094-5103,8954153,750,False,10636919,,Switzerland
Q8d,2-s2.0-84898455547,10.5244/c.26.21,Feature mining for localised crowd counting,Chen K.,2012,2012-01-01,Bmvc 2012 Electronic Proceedings of the British Machine Vision Conference 2012,Conference Proceeding,Conference Paper,,,,,648,False,,,United Kingdom
Q8d,2-s2.0-85070307830,10.1109/cvpr.2019.00839,Learning from synthetic data for crowd counting in the wild,Wang Q.,2019,2019-06-01,Proceedings of the IEEE Computer Society Conference on Computer Vision and Pattern Recognition,Conference Proceeding,Conference Paper,2019-June,,8190-8199,8953868,586,False,10636919,,China
Q8d,2-s2.0-84994613610,10.1145/2964284.2967300,CrowdNet: A deep convolutional network for dense crowd counting,Boominathan L.,2016,2016-10-01,Mm 2016 Proceedings of the 2016 ACM Multimedia Conference,Conference Proceeding,Conference Paper,,,640-644,,551,False,,,India
Q8d,2-s2.0-85039904409,10.1109/avss.2017.8078491,CNN-Based cascaded multi-task learning of high-level prior and density estimation for crowd counting,Sindagi V.A.,2017,2017-10-20,2017 14th IEEE International Conference on Advanced Video and Signal Based Surveillance Avss 2017,Conference Proceeding,Conference Paper,,,,8078491,548,False,,,United States
Q8d,2-s2.0-85025474344,10.1016/j.patrec.2017.07.007,A survey of recent advances in CNN-based single image crowd counting and density estimation,Sindagi V.A.,2018,2018-05-01,Pattern Recognition Letters,Journal,Article,107,,3-16,,543,True,01678655,,United States
Q8d,2-s2.0-84990064144,10.1007/978-3-319-46478-7_38,Towards perspective-free object counting with deep learning,Oñoro-Rubio D.,2016,2016-01-01,Lecture Notes in Computer Science Including Subseries Lecture Notes in Artificial Intelligence and Lecture Notes in Bioinformatics,Book Series,Conference Paper,9911 LNCS,,615-629,,526,False,03029743,16113349,Spain
Q8d,2-s2.0-85041902179,10.1109/iccv.2017.446,Drone-Based Object Counting by Spatially Regularized Regional Proposal Network,Hsieh M.R.,2017,2017-12-22,Proceedings of the IEEE International Conference on Computer Vision,Conference Proceeding,Conference Paper,2017-October,,4165-4173,8237708,489,False,15505499,,Taiwan
Q8d,2-s2.0-85105852899,10.1109/tpami.2020.3013269,NWPU-Crowd: A Large-Scale Benchmark for Crowd Counting and Localization,Wang Q.,2021,2021-06-01,IEEE Transactions on Pattern Analysis and Machine Intelligence,Journal,Article,43,6,2141-2149,9153156,422,False,01628828,19393539,China
Q8d,2-s2.0-85078258328,10.1109/cvpr.2019.00629,Crowd counting and density estimation by trellis encoder-decoder networks,Jiang X.,2019,2019-06-01,Proceedings of the IEEE Computer Society Conference on Computer Vision and Pattern Recognition,Conference Proceeding,Conference Paper,2019-June,,6126-6135,8954254,371,False,10636919,,China
Q8d,2-s2.0-85056204063,10.1109/cvpr.2018.00550,Crowd Counting via Adversarial Cross-Scale Consistency Pursuit,Shen Z.,2018,2018-12-14,Proceedings of the IEEE Computer Society Conference on Computer Vision and Pattern Recognition,Conference Proceeding,Conference Paper,,,5245-5254,8578648,371,False,10636919,,China
Q8d,2-s2.0-85108438043,,Distribution matching for crowd counting,Wang B.,2020,2020-01-01,Advances in Neural Information Processing Systems,Conference Proceeding,Conference Paper,2020-December,,,,369,False,10495258,,United States
Q8d,2-s2.0-85092243066,10.1109/cvpr42600.2020.00476,Attention scaling for crowd counting,Jiang X.,2020,2020-01-01,Proceedings of the IEEE Computer Society Conference on Computer Vision and Pattern Recognition,Conference Proceeding,Conference Paper,,,4705-4714,9156690,341,False,10636919,,China
Q8d,2-s2.0-85101779993,10.1007/978-3-030-66823-5_41,VisDrone-CC2020: The Vision Meets Drone Crowd Counting Challenge Results,Du D.,2020,2020-01-01,Lecture Notes in Computer Science Including Subseries Lecture Notes in Artificial Intelligence and Lecture Notes in Bioinformatics,Book Series,Conference Paper,12538 LNCS,,675-691,,297,False,03029743,16113349,United States
Q8d,2-s2.0-85081057422,10.1109/iccv.2019.00186,Crowd counting with deep structured scale integration network,Liu L.,2019,2019-10-01,Proceedings of the IEEE International Conference on Computer Vision,Conference Proceeding,Conference Paper,,,1774-1783,9010246,285,False,15505499,,China
Q8d,2-s2.0-85062876214,10.1109/cvpr.2018.00799,Leveraging Unlabeled Data for Crowd Counting by Learning to Rank,Liu X.,2018,2018-12-14,Proceedings of the IEEE Computer Society Conference on Computer Vision and Pattern Recognition,Conference Proceeding,Conference Paper,,,7661-7669,8578897,276,False,10636919,,Spain
Q8d,2-s2.0-85057568187,10.1109/cvpr.2018.00564,Crowd Counting with Deep Negative Correlation Learning,Shi Z.,2018,2018-12-14,Proceedings of the IEEE Computer Society Conference on Computer Vision and Pattern Recognition,Conference Proceeding,Conference Paper,,,5382-5390,8578662,274,False,10636919,,Switzerland
Q8d,2-s2.0-85136170656,10.1109/cvpr52688.2022.01901,Boosting Crowd Counting via Multifaceted Attention,Lin H.,2022,2022-01-01,Proceedings of the IEEE Computer Society Conference on Computer Vision and Pattern Recognition,Conference Proceeding,Conference Paper,2022-June,,19596-19605,,273,False,10636919,,China
Q8d,2-s2.0-85051136542,10.1109/wacv.2018.00127,Crowd Counting via Scale-Adaptive Convolutional Neural Network,Zhang L.,2018,2018-05-03,Proceedings 2018 IEEE Winter Conference on Applications of Computer Vision Wacv 2018,Conference Proceeding,Conference Paper,2018-January,,1113-1121,8354231,271,False,,,China
Q8d,2-s2.0-85129643241,10.1007/s11432-021-3445-y,TransCrowd: weakly-supervised crowd counting with transformers,Liang D.,2022,2022-06-01,Science China Information Sciences,Journal,Article,65,6,,160104,263,False,1674733X,18691919,China
Q8d,2-s2.0-85113667944,10.1109/cvpr46437.2021.00201,A Generalized Loss Function for Crowd Counting and Localization,Wan J.,2021,2021-01-01,Proceedings of the IEEE Computer Society Conference on Computer Vision and Pattern Recognition,Conference Proceeding,Conference Paper,,,1974-1983,,253,False,10636919,,Hong Kong
Q8d,2-s2.0-85096092602,10.1109/tpami.2020.3035969,JHU-CROWD++: Large-Scale Crowd Counting Dataset and A Benchmark Method,Sindagi V.A.,2022,2022-05-01,IEEE Transactions on Pattern Analysis and Machine Intelligence,Journal,Article,44,5,2594-2609,,240,False,01628828,19393539,United States
