qid,eid,doi,title,first_author,year,cover_date,source,source_type,doc_type,volume,issue,pages,article_number,cited_by,open_access,issn,eissn,affil_country
Q8c,2-s2.0-84988339174,10.1109/tro.2015.2463671,ORB-SLAM: A Versatile and Accurate Monocular SLAM System,Mur-Artal R.,2015,2015-10-01,IEEE Transactions on Robotics,Journal,Article,31,5,1147-1163,7219438,7404,False,15523098,,Spain
Q8c,2-s2.0-84986328012,10.1109/cvpr.2016.445,Structure-from-Motion Revisited,Schonberger J.L.,2016,2016-12-09,Proceedings of the IEEE Computer Society Conference on Computer Vision and Pattern Recognition,Conference Proceeding,Conference Paper,2016-December,,4104-4113,7780814,7279,False,10636919,,Switzerland; United States
Q8c,2-s2.0-85020739341,10.1109/tro.2017.2705103,"ORB-SLAM2: An Open-Source SLAM System for Monocular, Stereo, and RGB-D Cameras",Mur-Artal R.,2017,2017-10-01,IEEE Transactions on Robotics,Journal,Article,33,5,1255-1262,7946260,6895,False,15523098,,Spain; United States
Q8c,2-s2.0-85107189435,10.1109/tro.2021.3075644,"ORB-SLAM3: An Accurate Open-Source Library for Visual, Visual-Inertial, and Multimap SLAM",Campos C.,2021,2021-12-01,IEEE Transactions on Robotics,Journal,Article,37,6,1874-1890,,4627,True,15523098,19410468,Spain
Q8c,2-s2.0-84872356320,10.1109/iros.2012.6385773,A benchmark for the evaluation of RGB-D SLAM systems,Sturm J.,2012,2012-12-01,IEEE International Conference on Intelligent Robots and Systems,Conference Proceeding,Conference Paper,,,573-580,6385773,4207,False,21530858,21530866,Germany
Q8c,2-s2.0-84906489259,10.1007/978-3-319-10605-2_54,LSD-SLAM: Large-Scale Direct monocular SLAM,Engel J.,2014,2014-01-01,Lecture Notes in Computer Science Including Subseries Lecture Notes in Artificial Intelligence and Lecture Notes in Bioinformatics,Book Series,Conference Paper,8690 LNCS,PART 2,834-849,,3288,False,03029743,16113349,Germany
Q8c,2-s2.0-84977545823,10.1109/icra.2016.7487258,Real-time loop closure in 2D LIDAR SLAM,Hess W.,2016,2016-06-08,Proceedings IEEE International Conference on Robotics and Automation,Conference Proceeding,Conference Paper,2016-June,,1271-1278,7487258,2131,False,10504729,,United States
Q8c,2-s2.0-84990059438,10.1007/978-3-319-46487-9_31,Pixelwise view selection for unstructured multi-view stereo,Schönberger J.L.,2016,2016-01-01,Lecture Notes in Computer Science Including Subseries Lecture Notes in Artificial Intelligence and Lecture Notes in Bioinformatics,Book Series,Conference Paper,9907 LNCS,,501-518,,1558,False,03029743,16113349,Switzerland
Q8c,2-s2.0-85062503971,10.1109/iros.2018.8593691,DS-SLAM: A Semantic Visual SLAM towards Dynamic Environments,Yu C.,2018,2018-12-27,IEEE International Conference on Intelligent Robots and Systems,Conference Proceeding,Conference Paper,,,1168-1174,8593691,1313,False,21530858,21530866,China
Q8c,2-s2.0-84886051944,10.1109/3dv.2013.25,Towards linear-time incremental structure from motion,Wu C.,2013,2013-01-01,Proceedings 2013 International Conference on 3D Vision 3dv 2013,Conference Proceeding,Conference Paper,,,127-134,6599068,1243,False,,,United States
Q8c,2-s2.0-85089241525,10.1109/cvpr42600.2020.00257,Cascade Cost Volume for High-Resolution Multi-View Stereo and Stereo Matching,Gu X.,2020,2020-01-01,Proceedings of the IEEE Computer Society Conference on Computer Vision and Pattern Recognition,Conference Proceeding,Conference Paper,,,2492-2501,9157551,997,False,10636919,,China
Q8c,2-s2.0-85141811894,10.1109/cvpr52688.2022.01245,NICE-SLAM: Neural Implicit Scalable Encoding for SLAM,Zhu Z.,2022,2022-01-01,Proceedings of the IEEE Computer Society Conference on Computer Vision and Pattern Recognition,Conference Proceeding,Conference Paper,2022-June,,12776-12786,,946,False,10636919,,China; Switzerland
Q8c,2-s2.0-84893777261,10.1109/iros.2013.6696650,Dense visual SLAM for RGB-D cameras,Kerl C.,2013,2013-12-01,IEEE International Conference on Intelligent Robots and Systems,Conference Proceeding,Conference Paper,,,2100-2106,6696650,908,False,21530858,21530866,Germany
Q8c,2-s2.0-84929191681,10.1109/icra.2014.6907054,"A benchmark for RGB-D visual odometry, 3D reconstruction and SLAM",Handa A.,2014,2014-09-22,Proceedings IEEE International Conference on Robotics and Automation,Conference Proceeding,Conference Paper,,,1524-1531,6907054,901,False,10504729,,United Kingdom
Q8c,2-s2.0-84887334901,10.1109/cvpr.2013.178,SLAM++: Simultaneous localisation and mapping at the level of objects,Salas-Moreno R.F.,2013,2013-11-15,Proceedings of the IEEE Computer Society Conference on Computer Vision and Pattern Recognition,Conference Proceeding,Conference Paper,,,1352-1359,6619022,881,False,10636919,,United Kingdom
Q8c,2-s2.0-85030778340,10.1109/cvpr.2017.272,A multi-view stereo benchmark with high-resolution images and multi-camera videos,Schöps T.,2017,2017-11-06,Proceedings 30th IEEE Conference on Computer Vision and Pattern Recognition Cvpr 2017,Conference Proceeding,Conference Paper,2017-January,,2538-2547,,876,False,,,Switzerland
Q8c,2-s2.0-85205010433,10.1109/iccv48922.2021.01386,MVSNeRF: Fast Generalizable Radiance Field Reconstruction from Multi-View Stereo,Chen A.,2021,2021-01-01,Proceedings of the IEEE International Conference on Computer Vision,Conference Proceeding,Conference Paper,,,14104-14113,,849,False,15505499,,China
Q8c,2-s2.0-85020851226,10.1109/lra.2017.2653359,Visual-Inertial Monocular SLAM with Map Reuse,Mur-Artal R.,2017,2017-04-01,IEEE Robotics and Automation Letters,Journal,Article,2,2,796-803,7817784,799,False,,23773766,Spain
Q8c,2-s2.0-85121844084,,"DROID-SLAM: Deep Visual SLAM for Monocular, Stereo, and RGB-D Cameras",Teed Z.,2021,2021-01-01,Advances in Neural Information Processing Systems,Conference Proceeding,Conference Paper,20,,16558-16569,,788,False,10495258,,United States
Q8c,2-s2.0-84983790030,10.15607/rss.2015.xi.001,ElasticFusion: Dense SLAM without a pose graph,Whelan T.,2015,2015-01-01,Robotics Science and Systems,Conference Proceeding,Conference Paper,11,,,,768,True,,2330765X,United Kingdom
Q8c,2-s2.0-85075080973,10.1109/cvpr.2019.00567,Recurrent MVSnet for high-resolution multi-view stereo depth inference,Yao Y.,2019,2019-06-01,Proceedings of the IEEE Computer Society Conference on Computer Vision and Pattern Recognition,Conference Proceeding,Conference Paper,2019-June,,5520-5529,8953272,763,False,10636919,,Hong Kong
Q8c,2-s2.0-84933513367,10.1561/0600000052,Multi-view stereo: A tutorial,Furukawa Y.,2015,2015-06-24,Foundations and Trends in Computer Graphics and Vision,Journal,Article,9,1-2,1-148,,722,False,15722740,15722759,United States
Q8c,2-s2.0-84864435705,10.1109/icra.2012.6225199,An evaluation of the RGB-D SLAM system,Endres F.,2012,2012-01-01,Proceedings IEEE International Conference on Robotics and Automation,Conference Proceeding,Conference Paper,,,1691-1696,6225199,712,False,10504729,,Germany
Q8c,2-s2.0-85009488874,10.1177/0278364916669237,ElasticFusion: Real-time dense SLAM and light source estimation,Whelan T.,2016,2016-12-01,International Journal of Robotics Research,Journal,Conference Paper,35,14,1697-1716,,687,False,02783649,17413176,United Kingdom
Q8c,2-s2.0-85044500099,10.1109/cvpr.2017.695,CNN-SLAM: Real-time dense monocular SLAM with learned depth prediction,Tateno K.,2017,2017-11-06,Proceedings 30th IEEE Conference on Computer Vision and Pattern Recognition Cvpr 2017,Conference Proceeding,Conference Paper,2017-January,,6565-6574,,672,False,,,Germany; Japan
