prioritas,kelompok,key,kode,tahun,penulis_pertama,judul,sumber,doi,penerbit,pdf_ada,jalur_disarankan,email_penulis_korespondensi,status,tanggal_minta,sumber_pdf,catatan
1,Tabel 3 (tab:assoc),poncemachete2025optimizing,C1,2025,Ponce-Machete R.A.,Optimizing Fruit Yield Prediction: Evaluating Multiobject Tracking Algorithms for Calamansi Fruit Detection Using Yolov8m,2025 17th International Conference on Computer and Automation Engineering Iccae 2025,10.1109/iccae64891.2025.10980575,IEEE,N,Bu Fatma,,,,,
1,Tabel 3 (tab:assoc),wei2025multi,C1,2025,Wei J.,Multi-Object Tracking for Apple Counting in Orchards Using Stereo Vision,Conference Proceedings 2025 IEEE International Workshop on Metrology for Agriculture and Forestry Metroagrifor 2025,10.1109/metroagrifor66923.2025.11512512,IEEE,N,Bu Fatma,,,,,
1,Tabel 3 (tab:assoc),hong2025fruitgaussian,C1,2025,Hong X.,Fruitgaussian: 3D Gaussian Splatting for Automated Fruit Counting in Natural Orchard,Chinese Control Conference Ccc,10.23919/ccc64809.2025.11179457,IEEE,N,Bu Fatma,,,,,
1,Tabel 2 (tab:acq),stein2016image,C1,2016,Stein M.,"Image based mango fruit detection, localisation and yield estimation using multiple view geometry",Sensors Switzerland,10.3390/s16111915,MDPI,Y,- (PDF sudah ada),,,,,
1,Tabel 2 (tab:acq),wang2019mango,C1,2019,Wang Z.,Mango fruit load estimation using a video based MangoYOLO—Kalman filter—hungarian algorithm method,Sensors Switzerland,10.3390/s19122742,MDPI,Y,- (PDF sudah ada),,,,,
1,Tabel 2 (tab:acq),gongal2016apple,C1,2016,Gongal A.,Apple crop-load estimation with over-the-row machine vision system,Computers and Electronics in Agriculture,10.1016/j.compag.2015.10.022,Elsevier,Y,- (PDF sudah ada),,diunduh manual 2026-10-05,,unduhan peramban oleh peninjau,
1,Tabel 2 (tab:acq),qureshi2023seeing,C1,2023,Qureshi A.,Seeing the Fruit for the Leaves: Robotically Mapping Apple Fruitlets in a Commercial Orchard,IEEE International Conference on Intelligent Robots and Systems,10.1109/iros55552.2023.10341502,IEEE,Y,- (PDF sudah ada),,diunduh 2026-10-03,,https://arxiv.org/pdf/2308.07512 (pracetak arXiv),OA = pracetak arXiv; periksa selisih dengan versi IROS
1,Tabel 2 (tab:acq),arizasentis2025comparative,C1,2025,Ariza-Sentís M.,Comparative analysis of single-view and multiple-view data collection strategies for detecting partially-occluded grape bunches: Field trials,Journal of Agriculture and Food Research,10.1016/j.jafr.2025.101736,Elsevier,Y,- (PDF sudah ada),,,,,
1,Tabel 2 (tab:acq),felippomes2026video,C1,2026,Felip-Pomés M.,Video-based fruit detection and tracking: effects of scanning conditions on fruit load estimation,Computers and Electronics in Agriculture,10.1016/j.compag.2026.112330,Elsevier,Y,- (PDF sudah ada),,diunduh manual 2026-10-04,,unduhan peramban oleh peninjau,"OA menurut OpenAlex/Unpaywall; bila halaman terkunci, pakai perpustakaan ULM"
1,Tabel 2 (tab:acq),vijayakumar2023tree,C1,2023,Vijayakumar V.,Tree-level citrus yield prediction utilizing ground and aerial machine vision and machine learning,Smart Agricultural Technology,10.1016/j.atech.2022.100077,Elsevier,Y,- (PDF sudah ada),,diunduh manual 2026-10-04,,unduhan peramban oleh peninjau,"OA menurut OpenAlex/Unpaywall; bila halaman terkunci, pakai perpustakaan ULM"
1,Tabel 2 (tab:acq),anderson2021estimation,C1,2021,Anderson N.T.,Estimation of fruit load in australian mango orchards using machine vision,Agronomy,10.3390/agronomy11091711,MDPI,Y,- (PDF sudah ada),,,,,
1,Tabel 3 (tab:assoc),zhang2022deep,C1,2022,Zhang W.,Deep-learning-based in-field citrus fruit detection and tracking,Horticulture Research,10.1093/hr/uhac003,Oxford University Press,Y,- (PDF sudah ada),,diunduh 2026-10-03,,https://pmc-oa-opendata.s3.amazonaws.com/PMC9113225.1/PMC9113225.1.pdf,
1,Tabel 3 (tab:assoc),genemola2023video,C1,2023,Gené-Mola J.,Video-Based Fruit Detection and Tracking for Apple Counting and Mapping,2023 IEEE International Workshop on Metrology for Agriculture and Forestry Metroagrifor 2023 Proceedings,10.1109/metroagrifor58484.2023.10424135,IEEE,Y,- (PDF sudah ada),,diunduh manual 2026-10-04,,unduhan peramban oleh peninjau,
1,Tabel 3 (tab:assoc),piazolo2026enhanced,C1,2026,Piazolo J.,Enhanced grape tracking (using deep neural networks) with an extended matching algorithm for SORT and DeepSORT,Computers and Electronics in Agriculture,10.1016/j.compag.2026.111529,Elsevier,Y,- (PDF sudah ada),,diunduh manual 2026-10-04,,https://publica.fraunhofer.de/handle/publica/507891,
1,Tabel 3 (tab:assoc),qi2025assessment,C1,2025,Qi Z.,Assessment of the tomato cluster yield estimation algorithms via tracking-by-detection approaches,Information Processing in Agriculture,10.1016/j.inpa.2025.02.005,Elsevier,Y,- (PDF sudah ada),,diunduh manual 2026-10-04,,unduhan peramban oleh peninjau,"OA menurut OpenAlex/Unpaywall; bila halaman terkunci, pakai perpustakaan ULM"
1,Tabel 3 (tab:assoc),liu2018robust,C1,2018,Liu X.,"Robust Fruit Counting: Combining Deep Learning, Tracking, and Structure from Motion",IEEE International Conference on Intelligent Robots and Systems,10.1109/iros.2018.8594239,IEEE,Y,- (PDF sudah ada),,diunduh 2026-10-03,,https://arxiv.org/pdf/1804.00307 (pracetak arXiv),OA = pracetak arXiv; periksa selisih dengan versi IROS
1,Tabel 3 (tab:assoc),hani2020comparative,C1,2020,Häni N.,A comparative study of fruit detection and counting methods for yield mapping in apple orchards,Journal of Field Robotics,10.1002/rob.21902,Wiley,Y,- (PDF sudah ada),,,,,
1,Tabel 3 (tab:assoc),genemola2020fruitb,C1,2020,Gené-Mola J.,Fruit detection and 3D location using instance segmentation neural networks and structure-from-motion photogrammetry,Computers and Electronics in Agriculture,10.1016/j.compag.2019.105165,Elsevier,Y,- (PDF sudah ada),,diunduh 2026-10-03,,https://repositori.udl.cat/server/api/core/bitstreams/fdbb55ff-8a6e-4545-85d3-63ab11dfb2ff/content,
1,Tabel 3 (tab:assoc),genemola2020fruit,C1,2020,Gené-Mola J.,"Fruit detection, yield prediction and canopy geometric characterization using LiDAR with forced air flow",Computers and Electronics in Agriculture,10.1016/j.compag.2019.105121,Elsevier,Y,- (PDF sudah ada),,diunduh 2026-10-03,,https://repositori.udl.cat/server/api/core/bitstreams/7f6d1201-37ad-40d0-a9c8-ab3da465ae6d/content,
1,Tabel 3 (tab:assoc),lei2025spatio,C1,2025,Lei J.,Spatio-Temporal Metric-Semantic Mapping for Persistent Orchard Monitoring: Method and Dataset,IEEE Robotics and Automation Letters,10.1109/lra.2025.3588037,IEEE,Y,- (PDF sudah ada),,diunduh 2026-10-03,,https://arxiv.org/pdf/2409.19786 (pracetak arXiv),OA = pracetak arXiv; periksa selisih dengan versi RA-L
1,Tabel 3 (tab:assoc),xing2026lightweight,C1,2026,Xing X.,A lightweight multi-view detection and counting method for real-time cherry tomato yield estimation using greenhouse inspection robots,Smart Agricultural Technology,10.1016/j.atech.2026.102260,Elsevier,Y,- (PDF sudah ada),,diunduh manual 2026-10-04,,https://doi.org/10.1016/j.atech.2026.102260,"OA menurut OpenAlex/Unpaywall; bila halaman terkunci, pakai perpustakaan ULM"
1,Tabel 3 (tab:assoc),mollineda2025estimation,C1,2025,Mollineda R.A.,Estimation of orange tree production by regression from video segments under uncontrolled conditions,Neural Computing and Applications,10.1007/s00521-024-10772-4,Springer,Y,- (PDF sudah ada),,diunduh manual 2026-10-04,,https://link.springer.com/content/pdf/10.1007/s00521-024-10772-4.pdf,
2,C1 dikode dari judul,park2026incremental,C1,2026,Park D.,Incremental 3D Crop Model Association for Real-Time Counting in Dense Orchards,IEEE Robotics and Automation Letters,10.1109/lra.2026.3662648,IEEE,N,perpustakaan ULM,,,,,dikode dari judul
2,C1 dikode dari judul,pichhika2025enhanced,C1,2025,Pichhika H.C.,Enhanced YOLO-Based Mango Detection and Centroid Tracking for Precise Yield Estimation,Applied Fruit Science,10.1007/s10341-025-01385-9,Springer,N,perpustakaan ULM,,,,,dikode dari judul
2,C1 dikode dari judul,tu2024passion,C1,2024,Tu S.,A passion fruit counting method based on the lightweight YOLOv5s and improved DeepSORT,Precision Agriculture,10.1007/s11119-024-10132-1,Springer,N,perpustakaan ULM,,,,,dikode dari judul
2,C1 dikode dari judul,blondet2026counting,C1,2026,Blondet D.A.,Counting Avocados in Orchard Videos Using a YOLO and BoT-SORT-Based Architecture,Communications in Computer and Information Science,10.1007/978-3-032-20322-9_36,Springer,N,Bu Fatma,,,,,dikode dari judul
2,C1 dikode dari judul,matos2025apple,C1,2025,Matos G.P.,An Apple Counting System Robust to Multiple Intermittent Occlusions,Lecture Notes in Computer Science Including Subseries Lecture Notes in Artificial Intelligence and Lecture Notes in Bioinformatics,10.1007/978-3-031-73497-7_15,Springer,N,Bu Fatma,,,,,dikode dari judul
2,C1 dikode dari judul,xia2024kiwifruit,C1,2024,Xia Y.,Kiwifruit Counting Using Kiwidetector and Kiwitracker,Lecture Notes in Networks and Systems,10.1007/978-3-031-47724-9_41,Springer,N,Bu Fatma,,,,,dikode dari judul
2,C1 dikode dari judul,dai2022tracking,C1,2022,Dai G.,Tracking and Counting Method for Tomato Fruits Scouting Robot in Greenhouse,Lecture Notes in Computer Science Including Subseries Lecture Notes in Artificial Intelligence and Lecture Notes in Bioinformatics,10.1007/978-3-031-13844-7_6,Springer,N,Bu Fatma,,,,,dikode dari judul
2,C1 dikode dari judul,kirk2021robust,C1,2021,Kirk R.,Robust Counting of Soft Fruit Through Occlusions with Re-identification,Lecture Notes in Computer Science Including Subseries Lecture Notes in Artificial Intelligence and Lecture Notes in Bioinformatics,10.1007/978-3-030-87156-7_17,Springer,N,Bu Fatma,,,,,dikode dari judul
2,C1 dikode dari judul,roy2017vision,C1,2017,Roy P.,Vision-Based Apple Counting and Yield Estimation,Springer Proceedings in Advanced Robotics,10.1007/978-3-319-50115-4_42,Springer,N,Bu Fatma,,,,,dikode dari judul
2,C1 dikode dari judul,qian2013yield,C1,2013,Qian J.,Yield estimation model of single tree of Fuji apples based on bilateral image identification,Nongye Gongcheng Xuebao Transactions of the Chinese Society of Agricultural Engineering,10.3969/j.issn.1002-6819.2013.11.017,CSAE (Tiongkok),N,Bu Fatma,,,,,dikode dari judul
2,C1 dikode dari judul,safre2024advanced,C1,2024,Safre A.,Advanced methods for yield mapping in tart cherries: tank change tracking and YOLO-DeepSort fruit counting,Acta Horticulturae,10.17660/actahortic.2024.1395.38,ISHS,N,penulis,,,,,dikode dari judul
2,C1 dikode dari judul,feng2026greenhouse,C1,2026,Feng Q.,Greenhouse Tomato Fruit Inspection and Counting Method Based on Improved YOLO v8n ByteTrack,Nongye Jixie Xuebao Transactions of the Chinese Society for Agricultural Machinery,10.6041/j.issn.1000-1298.2026.05.011,CSAM (Tiongkok),Y,- (PDF sudah ada),,diunduh 2026-10-04,,https://www.j-csam.org/jcsam/article/pdf/20260511 (situs jurnal; teks berbahasa Tionghoa dengan abstrak Inggris),dikode dari judul
2,C1 dikode dari judul,hu2026calibration,C1,2026,Hu S.,Calibration-enhanced multi-view RGB-D vision for robust recognition and 3D localization of strawberries under occlusions,Computers and Electronics in Agriculture,10.1016/j.compag.2025.111221,Elsevier,Y,- (PDF sudah ada),,diunduh manual 2026-10-05,,unduhan peramban oleh peninjau,dikode dari judul
2,C1 dikode dari judul,huang2026mfft,C1,2026,Huang W.,MFFT: an improved method for stable ID tracking and counting of multi-class mango segmentation with multi-feature fusion in complex occlusion scenarios,Computers and Electronics in Agriculture,10.1016/j.compag.2026.112149,Elsevier,Y,- (PDF sudah ada),,diunduh manual 2026-10-05,,unduhan peramban oleh peninjau,dikode dari judul
2,C1 dikode dari judul,jiang2026robot,C1,2026,Jiang L.,Robot-assisted Neural Radiance fields for plot-level cotton crop 3D reconstruction and yield estimation,Computers and Electronics in Agriculture,10.1016/j.compag.2026.112063,Elsevier,Y,- (PDF sudah ada),,diunduh manual 2026-10-05,,unduhan peramban oleh peninjau,dikode dari judul
2,C1 dikode dari judul,tu2026passion,C1,2026,Tu S.,Passion Fruit Counting Method Based on Lightweight YOLO lln CLL and BoT SORT,Nongye Jixie Xuebao Transactions of the Chinese Society for Agricultural Machinery,10.6041/j.issn.1000-1298.2026.10.021,CSAM (Tiongkok),Y,- (PDF sudah ada),,diunduh manual 2026-10-04,,https://www.j-csam.org/jcsam/article/pdf/20261021 (situs jurnal; teks berbahasa Tionghoa dengan abstrak Inggris; DOI di halaman pertama dicocokkan secara visual),"dikode dari judul; lapisan teks PDF tidak terbaca mesin, perlu OCR"
2,C1 dikode dari judul,weng2026citrus,C1,2026,Weng H.,Citrus tracking and counting using UAV remote sensing video imagery with improved YOLO11,Nongye Gongcheng Xuebao Transactions of the Chinese Society of Agricultural Engineering,10.11975/j.issn.1002-6819.202508166,CSAE (Tiongkok),Y,- (PDF sudah ada),,diunduh 2026-10-04,,http://www.tcsae.org/cn/article/pdf/preview/10.11975/j.issn.1002-6819.202508166.pdf (situs jurnal; teks berbahasa Tionghoa dengan abstrak Inggris),dikode dari judul
2,C1 dikode dari judul,lyu2025counting,C1,2025,Lyu J.,Counting bagging grape using improved YOLOv9s and adaptive Kalman filter,Nongye Gongcheng Xuebao Transactions of the Chinese Society of Agricultural Engineering,10.11975/j.issn.1002-6819.202412026,CSAE (Tiongkok),Y,- (PDF sudah ada),,diunduh manual 2026-10-04,,http://www.tcsae.org/cn/article/doi/10.11975/j.issn.1002-6819.202412026 (situs jurnal; teks berbahasa Tionghoa dengan abstrak Inggris),dikode dari judul
2,C1 dikode dari judul,lyu2025real,C1,2025,Lyu J.,Real-time detecting and counting dual-association bagged grape clusters using EMO-YOLOv5s,Nongye Gongcheng Xuebao Transactions of the Chinese Society of Agricultural Engineering,10.11975/j.issn.1002-6819.202412150,CSAE (Tiongkok),Y,- (PDF sudah ada),,diunduh manual 2026-10-04,,http://www.tcsae.org/cn/article/doi/10.11975/j.issn.1002-6819.202412150 (situs jurnal; teks berbahasa Tionghoa dengan abstrak Inggris),dikode dari judul
2,C1 dikode dari judul,tu2025estimation,C1,2025,Tu S.,Estimation of passion fruit yield based on YOLOv8n + OC-SORT + CRCM algorithm,Computers and Electronics in Agriculture,10.1016/j.compag.2024.109727,Elsevier,Y,- (PDF sudah ada),,diunduh manual 2026-10-05,,unduhan peramban oleh peninjau,dikode dari judul
2,C1 dikode dari judul,zhang2025row,C1,2025,Zhang J.,Row-based kiwifruit counting pipeline for smartphone-captured videos using fruit tracking and detection region adaptation guided by support-post,Computers and Electronics in Agriculture,10.1016/j.compag.2025.110476,Elsevier,Y,- (PDF sudah ada),,diunduh manual 2026-10-05,,unduhan peramban oleh peninjau,dikode dari judul
2,C1 dikode dari judul,an2024stratracker,C1,2024,An Q.,StraTracker: A dynamic counting method for growing strawberries based on multi-target tracking,Computers and Electronics in Agriculture,10.1016/j.compag.2024.109564,Elsevier,Y,- (PDF sudah ada),,diunduh manual 2026-10-05,,unduhan peramban oleh peninjau,dikode dari judul
2,C1 dikode dari judul,hernandez2024multi,C1,2024,Hernandez B.,Multi-Object Tracking in Agricultural Applications using a Vision Transformer for Spatial Association,Computers and Electronics in Agriculture,10.1016/j.compag.2024.109379,Elsevier,Y,- (PDF sudah ada),,diunduh manual 2026-10-04,,https://doi.org/10.1016/j.compag.2024.109379,dikode dari judul
2,C1 dikode dari judul,qi2024improved,C1,2024,Qi Z.,An improved framework based on tracking-by-detection for simultaneous estimation of yield and maturity level in cherry tomatoes,Measurement Journal of the International Measurement Confederation,10.1016/j.measurement.2024.114117,Elsevier,Y,- (PDF sudah ada),,diunduh manual 2026-10-05,,unduhan peramban oleh peninjau,dikode dari judul
2,C1 dikode dari judul,santos2024multiple,C1,2024,Santos T.T.,Multiple orange detection and tracking with 3-D fruit relocalization and neural-net based yield regression in commercial sweet orange orchards,Computers and Electronics in Agriculture,10.1016/j.compag.2024.109199,Elsevier,Y,- (PDF sudah ada),,diunduh 2026-10-03,,https://arxiv.org/pdf/2312.16724 (pracetak arXiv),OA = pracetak arXiv; periksa selisih dengan versi COMPAG; dikode dari judul
2,C1 dikode dari judul,scalisi2024detecting,C1,2024,Scalisi A.,"Detecting, mapping and digitising canopy geometry, fruit number and peel colour in pear trees with different architecture",Scientia Horticulturae,10.1016/j.scienta.2023.112737,Elsevier,Y,- (PDF sudah ada),,diunduh manual 2026-10-05,,unduhan peramban oleh peninjau,dikode dari judul
2,C1 dikode dari judul,villacres2024assessing,C1,2024,Villacrés J.,Assessing a multi-camera system to enhance fruit visibility for robotic harvesting in a V-trellised apple orchard,Computers and Electronics in Agriculture,10.1016/j.compag.2024.109164,Elsevier,Y,- (PDF sudah ada),,diunduh manual 2026-10-04,,https://doi.org/10.1016/j.compag.2024.109164,dikode dari judul
2,C1 dikode dari judul,wang2024camellia,C1,2024,Wang J.,Camellia oleifera Fruit Static and Dynamic Detection Counting Based on Improved COF-YOLO v8n,Nongye Jixie Xuebao Transactions of the Chinese Society for Agricultural Machinery,10.6041/j.issn.1000-1298.2024.04.019,CSAM (Tiongkok),Y,- (PDF sudah ada),,diunduh manual 2026-10-04,,https://www.j-csam.org/jcsam/article/pdf/20240419 (situs jurnal; teks berbahasa Tionghoa dengan abstrak Inggris; DOI di halaman pertama dicocokkan secara visual),"dikode dari judul; lapisan teks PDF tidak terbaca mesin, perlu OCR"
2,C1 dikode dari judul,wang2024slam,C1,2024,Wang H.,"SLAM-PYE: Tightly coupled GNSS-binocular-inertial fusion for pitaya positioning, counting, and yield estimation",Computers and Electronics in Agriculture,10.1016/j.compag.2024.109177,Elsevier,Y,- (PDF sudah ada),,diunduh manual 2026-10-05,,unduhan peramban oleh peninjau,dikode dari judul
2,C1 dikode dari judul,zheng2024robust,C1,2024,Zheng Z.,A robust and efficient citrus counting approach for large-scale unstructured orchards,Agricultural Systems,10.1016/j.agsy.2024.103867,Elsevier,Y,- (PDF sudah ada),,diunduh manual 2026-10-05,,unduhan peramban oleh peninjau,dikode dari judul
2,C1 dikode dari judul,guo2023real,C1,2023,Guo M.,Real-time Production Prediction of Kiwifruit in Orchard Based on Video Tracking Algorithm,Nongye Jixie Xuebao Transactions of the Chinese Society for Agricultural Machinery,10.6041/j.issn.1000-1298.2023.06.018,CSAM (Tiongkok),Y,- (PDF sudah ada),,diunduh manual 2026-10-04,,https://www.j-csam.org/jcsam/article/pdf/20230618 (situs jurnal; teks berbahasa Tionghoa dengan abstrak Inggris; DOI di halaman pertama dicocokkan secara visual),"dikode dari judul; lapisan teks PDF tidak terbaca mesin, perlu OCR"
2,C1 dikode dari judul,lyu2023method,C1,2023,Lyu J.,Method for estimation of bagged grape yield using a self-correcting NMS-ByteTrack,Nongye Gongcheng Xuebao Transactions of the Chinese Society of Agricultural Engineering,10.11975/j.issn.1002-6819.202304116,CSAE (Tiongkok),Y,- (PDF sudah ada),,diunduh manual 2026-10-04,,http://www.tcsae.org/cn/article/doi/10.11975/j.issn.1002-6819.202304116 (situs jurnal; teks berbahasa Tionghoa dengan abstrak Inggris),dikode dari judul
2,C1 dikode dari judul,parico2023real,C1,2023,Parico A.I.B.,Real-Time Pear Fruit Detection and Counting Using YOLOv4 Models and Deep SORT,Iot and AI in Agriculture Self Sufficiency in Food Production to Achieve Society 5 0 and Sdgs Globally,10.1007/978-981-19-8113-5_11,Springer,Y,- (PDF sudah ada),,diunduh 2026-10-04,,"https://mdpi-res.com/d_attachment/sensors/sensors-21-04803/article_deploy/sensors-21-04803.pdf (versi Sensors 2021, judul sama; periksa selisih dengan rekaman korpus)",dikode dari judul
2,C1 dikode dari judul,shen2023real,C1,2023,Shen L.,Real-time tracking and counting of grape clusters in the field based on channel pruning with YOLOv5s,Computers and Electronics in Agriculture,10.1016/j.compag.2023.107662,Elsevier,Y,- (PDF sudah ada),,diunduh manual 2026-10-05,,unduhan peramban oleh peninjau,dikode dari judul
2,C1 dikode dari judul,villacres2023apple,C1,2023,Villacrés J.,Apple orchard production estimation using deep learning strategies: A comparison of tracking-by-detection algorithms,Computers and Electronics in Agriculture,10.1016/j.compag.2022.107513,Elsevier,Y,- (PDF sudah ada),,diunduh manual 2026-10-05,,unduhan peramban oleh peninjau,dikode dari judul
2,C1 dikode dari judul,gao2022novel,C1,2022,Gao F.,A novel apple fruit detection and counting methodology based on deep learning and trunk tracking in modern orchard,Computers and Electronics in Agriculture,10.1016/j.compag.2022.107000,Elsevier,Y,- (PDF sudah ada),,diunduh manual 2026-10-05,,unduhan peramban oleh peninjau,dikode dari judul
2,C1 dikode dari judul,he2022cascade,C1,2022,He L.,Cascade-SORT: A robust fruit counting approach using multiple features cascade matching,Computers and Electronics in Agriculture,10.1016/j.compag.2022.107223,Elsevier,Y,- (PDF sudah ada),,diunduh manual 2026-10-05,,unduhan peramban oleh peninjau,dikode dari judul
2,C1 dikode dari judul,tureckova2022slicing,C1,2022,Turečková A.,Slicing aided large scale tomato fruit detection and counting in 360-degree video data from a greenhouse,Measurement Journal of the International Measurement Confederation,10.1016/j.measurement.2022.111977,Elsevier,Y,- (PDF sudah ada),,,,,dikode dari judul
2,C1 dikode dari judul,vulpi2022rgb,C1,2022,Vulpi F.,An RGB-D multi-view perspective for autonomous agricultural robots,Computers and Electronics in Agriculture,10.1016/j.compag.2022.107419,Elsevier,Y,- (PDF sudah ada),,diunduh manual 2026-10-05,,unduhan peramban oleh peninjau,dikode dari judul
2,C1 dikode dari judul,zhu2022identification,C1,2022,Zhu Q.,Identification and Counting Method of Potted Kumquat Fruits Based on Point Cloud Registration,Nongye Jixie Xuebao Transactions of the Chinese Society for Agricultural Machinery,10.6041/j.issn.1000-1298.2022.05.021,CSAM (Tiongkok),Y,- (PDF sudah ada),,diunduh manual 2026-10-04,,https://www.j-csam.org/jcsam/article/pdf/20220521 (situs jurnal; teks berbahasa Tionghoa dengan abstrak Inggris; DOI di halaman pertama dicocokkan secara visual),"dikode dari judul; lapisan teks PDF tidak terbaca mesin, perlu OCR"
2,C1 dikode dari judul,gao2021apple,C1,2021,Gao F.,Apple detection and counting using real-time video based on deep learning and object tracking,Nongye Gongcheng Xuebao Transactions of the Chinese Society of Agricultural Engineering,10.11975/j.issn.1002-6819.2021.21.025,CSAE (Tiongkok),Y,- (PDF sudah ada),,diunduh manual 2026-10-04,,http://www.tcsae.org/nygcxb/article/abstract/20212125 (situs jurnal; teks berbahasa Tionghoa dengan abstrak Inggris),dikode dari judul
2,C1 dikode dari judul,scalisi2021reliability,C1,2021,Scalisi A.,"Reliability of a commercial platform for estimating flower cluster and fruit number, yield, tree geometry and light interception in apple trees under different rootstocks and row orientations",Computers and Electronics in Agriculture,10.1016/j.compag.2021.106519,Elsevier,Y,- (PDF sudah ada),,diunduh manual 2026-10-05,,unduhan peramban oleh peninjau,dikode dari judul
2,C1 dikode dari judul,gongal2014identification,C1,2014,Gongal A.,Identification of repetitive apples for improved crop-load estimation with dual-side imaging,American Society of Agricultural and Biological Engineers Annual International Meeting 2014 Asabe 2014,10.13031/aim.20141888882,ASABE,Y,- (PDF sudah ada),,diunduh manual 2026-10-05,,unduhan peramban oleh peninjau,dikode dari judul
3,C1 lainnya,wang2026semantic,C1,2026,Wang Y.,Semantic NeRF-Oriented 3-D Object Counting for Industrial Fruit Harvesting,IEEE Transactions on Automation Science and Engineering,10.1109/tase.2026.3700861,IEEE,N,perpustakaan ULM,,,,,
3,C1 lainnya,lu2025iot,C1,2025,Lu J.,IoT-Based Precision Litchi Tracking and Counting Method Using Gated Metrics,IEEE Internet of Things Journal,10.1109/jiot.2025.3561130,IEEE,N,perpustakaan ULM,,,,,
3,C1 lainnya,yang2025hierarchical,C1,2025,Yang W.,Hierarchical 3D Scene Graph based Semantic-Metric SLAM for Plant Inspection and Fruit Counting in Intelligent Hydroponics System,IEEE Internet of Things Journal,10.1109/jiot.2025.3600531,IEEE,N,perpustakaan ULM,,,,,
3,C1 lainnya,zheng2023efficient,C1,2023,Zheng Z.,An efficient online citrus counting system for large-scale unstructured orchards based on the unmanned aerial vehicle,Journal of Field Robotics,10.1002/rob.22147,Wiley,N,perpustakaan ULM,,,,,
3,C1 lainnya,gao2026vision,C1,2026,Gao Z.,Vision-Based 3D Fruit Localization for Robotic Harvesting Using Recursive State Estimation,2026 7th International Conference on Artificial Intelligence and Electromechanical Automation Aiea 2026,10.1109/aiea70743.2026.11633088,IEEE,N,Bu Fatma,,,,,
3,C1 lainnya,si2026citrus,C1,2026,Si N.,Citrus yield estimation based on multi- object tracking in video streams using an improved YOLOv8n model,Journal of Fruit Science,10.13925/j.cnki.gsxb.20250487,Journal of Fruit Science (Tiongkok),N,Bu Fatma,,,,,"tautan OA dicoba di peramban 4 Oktober 2026, tidak memberi PDF"
3,C1 lainnya,akella2025deep,C1,2025,Akella A.,Deep Learning-Based Coconut Ripeness Classification and Yield Estimation using YOLO and Kalman Filtering,2025 International Conference on Sensors and Related Networks Sennet 2025 Special Focus on Digital Healthcare 64220,10.1109/sennet64220.2025.11136053,IEEE,N,Bu Fatma,,,,,
3,C1 lainnya,cho2025case,C1,2025,Cho S.H.,A case study on the integration of a snapshot hyperspectral field-portable imager solving fruit quality assessment,Proceedings of SPIE the International Society for Optical Engineering,10.1117/12.3042114,SPIE,N,Bu Fatma,,,,,
3,C1 lainnya,garg2025autonomous,C1,2025,Garg K.,Autonomous UAV Navigation and Mapping for Accurate Fruit Detection and Counting in Controlled Environments: Simulation and Real-World Validation,2025 International Conference on Unmanned Aircraft Systems Icuas 2025,10.1109/icuas65942.2025.11007888,IEEE,N,Bu Fatma,,,,,
3,C1 lainnya,issad2025real,C1,2025,Issad H.A.,Real-Time Fruit Detection and Counting,Icrami 2025 2025 International Conference on Recent Advances in Mathematics and Informatics,10.1109/icrami64946.2025.11472714,IEEE,N,Bu Fatma,,,,,
3,C1 lainnya,kemper2025performance,C1,2025,Kemper R.J.H.,Performance Evaluation of Detection and Tracking Algorithms for Automated Grape Cluster Counting,C3 2025 IEEE Colombian Caribbean Conference,10.1109/c366505.2025.11340275,IEEE,N,Bu Fatma,,,,,
3,C1 lainnya,louis2025automated,C1,2025,Louis F.,Automated Muskmelon Counting in Real Farm Environment using YOLOv11n,Proceeding of the IEEE International Conference on Smart Instrumentation Measurement and Applications Icsima,10.1109/icsima66552.2025.11233648,IEEE,N,Bu Fatma,,,,,
3,C1 lainnya,majdalawieh2025optimizing,C1,2025,Majdalawieh M.,"Optimizing Fruit Harvesting Through a High-Performance Deep Learning Framework for Detection, Tracking, and Automated Counting.",Proceedings 2025 27th IEEE International Conference on High Performance Computing and Communications 11th IEEE International Conference on Data Science and Systems 23rd IEEE International Conference on Smart City 11th IEEE International Conference on Dependability in Sensor Cloud and Big Data Systems and Applications and 21st IEEE International Conference on Embedded Software and Systems Hpcc Dss Smartcity Dependsys Icess 2025,10.1109/hpcc67675.2025.00132,IEEE,N,Bu Fatma,,,,,
3,C1 lainnya,sasse2025object,C1,2025,Sasse A.M.,An Object-Tracking Technique for Counting Grape Clusters in Brazilian Northeast's Pergola Vineyards,Proceedings of the 2025 28th International Conference on Information Fusion Fusion 2025,10.23919/fusion65864.2025.11124157,IEEE,N,Bu Fatma,,,,,
3,C1 lainnya,vaishnavi2025fruit,C1,2025,Vaishnavi M.,Fruit Detection and Yield Estimation using Path Aggregation Feature Pyramid Network and Deep SORT Algorithm: A Case Study on Orange Fruit,Proceedings of the 9th International Conference on Electronics Communication and Aerospace Technology Iceca 2025,10.1109/iceca66444.2025.11383116,IEEE,N,Bu Fatma,,,,,
3,C1 lainnya,xieli2025pinesort,C1,2025,Xie-Li D.,PineSORT: A Simple Online Real-Time Tracking Framework for Drone Videos in Agriculture,IEEE Computer Society Conference on Computer Vision and Pattern Recognition Workshops,10.1109/cvprw67362.2025.00012,IEEE,N,Bu Fatma,,,,,"tautan OA dicoba di peramban 4 Oktober 2026, tidak memberi PDF"
3,C1 lainnya,xing2025cb,C1,2025,Xing Y.,CB-YOLO-DeepSORT: Real-Time Yield Estimation for Tomatoes in Greenhouses,15th IEEE International Conference on Cyber Technology in Automation Control and Intelligent Systems Cyber 2025,10.1109/cyber67662.2025.11168194,IEEE,N,Bu Fatma,,,,,
3,C1 lainnya,ahmad2024enabling,C1,2024,Ahmad J.,Enabling Consumer UAVs for Precision Agriculture Applications: A Case Study of Yield Estimation,Digest of Technical Papers IEEE International Conference on Consumer Electronics,10.1109/icce59016.2024.10444191,IEEE,N,Bu Fatma,,,,,
3,C1 lainnya,ashokan2024fruit,C1,2024,Ashokan A.,Fruit yield estimation and forecasting for precision agriculture,Aip Conference Proceedings,10.1063/5.0196960,AIP Publishing,N,Bu Fatma,,,,,
3,C1 lainnya,garderes2024apple,C1,2024,Garderes R.,Apple Detection and Counting Using Neural Networks,Proceedings 2024 50th Latin American Computing Conference Clei 2024,10.1109/clei64178.2024.10700174,IEEE,N,Bu Fatma,,,,,
3,C1 lainnya,ishizuka2024eggplant,C1,2024,Ishizuka T.,Eggplant Detection and Counting Across the Entire Greenhouse Using Deep Learning and Motion Parallax,10th IEEE International Smart Cities Conference Smart Cities Revolution for Mankind Isc2 2024 Proceedings,10.1109/isc260477.2024.11004199,IEEE,N,Bu Fatma,,,,,
3,C1 lainnya,pai2024maturity,C1,2024,Pai C.A.,Maturity and Yield Estimation of Tomatoes Using RGB and Multispectral Images,Proceedings of the IEEE International Conference on Industrial Technology,10.1109/icit58233.2024.10540838,IEEE,N,Bu Fatma,,,,,
3,C1 lainnya,zhang2024stablesort,C1,2024,Zhang W.,StableSort-CMC: a tracking algorithm for robot dog based orchard fruit counting,Proceedings 2024 China Automation Congress Cac 2024,10.1109/cac63892.2024.10865478,IEEE,N,Bu Fatma,,,,,
3,C1 lainnya,zhou2024utilizing,C1,2024,Zhou C.,Utilizing NeRF-Based Rays for Spatial Perception in Fruit Counting Deduplication,Proceedings 2024 International Symposium on Internet of Things and Smart Cities Isitsc 2024,10.1109/isitsc64373.2024.00013,IEEE,N,Bu Fatma,,,,,
3,C1 lainnya,arlotta2023ekf,C1,2023,Arlotta A.,An EKF-Based Multi-Object Tracking Framework for a Mobile Robot in a Precision Agriculture Scenario,Proceedings of the 11th European Conference on Mobile Robots Ecmr 2023,10.1109/ecmr59166.2023.10256338,IEEE,N,Bu Fatma,,,,,
3,C1 lainnya,xie2023fruit,C1,2023,Xie F.,Fruit Distribution Acquisition with Multi-Vision for Multi-Arm Harvesting Robots,2023 8th International Conference on Control Robotics and Cybernetics CRC 2023,10.1109/crc60659.2023.10488608,IEEE,N,Bu Fatma,,,,,
3,C1 lainnya,wang2022research,C1,2022,Wang S.,Research on UAV Online Visual Tracking Algorithm based on YOLOv5 and FlowNet2 for Apple Yield Inspection,Proceedings of the 4th Wrc Symposium on Advanced Robotics and Automation 2022 Wrc Sara 2022,10.1109/wrcsara57040.2022.9903925,IEEE,N,Bu Fatma,,,,,
3,C1 lainnya,osman2021yieldb,C1,2021,Osman Y.,Yield Estimation using Deep Learning for Precision Agriculture,7th IEEE World Forum on Internet of Things Wf Iot 2021,10.1109/wf-iot51360.2021.9595143,IEEE,N,Bu Fatma,,,,,
3,C1 lainnya,serafino2020detection,C1,2020,Serafino S.E.,Detection and Counting of Lemons using Artificial Vision and Tracking Techniques for Real Time Harvest Estimation,Proceedings 2020 46th Latin American Computing Conference Clei 2020,10.1109/clei52000.2020.00064,IEEE,N,Bu Fatma,,,,,
3,C1 lainnya,roy2017active,C1,2017,Roy P.,Active view planning for counting apples in orchards,IEEE International Conference on Intelligent Robots and Systems,10.1109/iros.2017.8206500,IEEE,N,Bu Fatma,,,,,
3,C1 lainnya,roy2016surveying,C1,2016,Roy P.,Surveying apple orchards with a monocular vision system,IEEE International Conference on Automation Science and Engineering,10.1109/coase.2016.7743500,IEEE,N,Bu Fatma,,,,,
3,C1 lainnya,awal2026development,C1,2026,Awal S.M.S.,Development of a plant sensing robot using virtual space and evaluation of its accuracy,Smart Agricultural Technology,10.1016/j.atech.2026.102429,Elsevier,Y,- (PDF sudah ada),,diunduh manual 2026-10-04,,https://doi.org/10.1016/j.atech.2026.102429,"OA menurut OpenAlex/Unpaywall; bila halaman terkunci, pakai perpustakaan ULM"
3,C1 lainnya,bharti2026geo,C1,2026,Bharti D.,Geo-Referenced Factor-Graph SLAM for Orchard-Scale 3D Apple Reconstruction and Yield Estimation,Agriculture Switzerland,10.3390/agriculture16070764,MDPI,Y,- (PDF sudah ada),,,,,
3,C1 lainnya,farhoud2026instance,C1,2026,Farhoud S.A.,Instance segmentation and multi-object tracking for fruit quality grading and dynamic yield estimation in Egyptian citrus orchards,Smart Agricultural Technology,10.1016/j.atech.2026.102529,Elsevier,Y,- (PDF sudah ada),,diunduh manual 2026-10-04,,https://doi.org/10.1016/j.atech.2026.102529,"OA menurut OpenAlex/Unpaywall; bila halaman terkunci, pakai perpustakaan ULM"
3,C1 lainnya,fusaro2026horticultural,C1,2026,Fusaro D.,Horticultural temporal fruit monitoring via 3D instance segmentation and re-identification using colored point clouds,Computers and Electronics in Agriculture,10.1016/j.compag.2026.111723,Elsevier,Y,- (PDF sudah ada),,,,,
3,C1 lainnya,indriani2026sawitmvc,C1,2026,Indriani F.,SawitMVC: A multi-view oil palm fruit bunch dataset for detection and counting,Data in Brief,10.1016/j.dib.2026.112990,Elsevier,Y,- (PDF sudah ada),,diunduh 2026-10-03,,https://pmc-oa-opendata.s3.amazonaws.com/PMC13320392.1/PMC13320392.1.pdf,"OA menurut OpenAlex/Unpaywall; bila halaman terkunci, pakai perpustakaan ULM"
3,C1 lainnya,lee2026lidarcamera,C1,2026,Lee J.,LiDAR–Camera Fusion for 3D Fruit Counting and Density Mapping in Horizontal Trellis Orchards,Journal of Robotics and Mechatronics,10.20965/jrm.2026.p0449,Fuji Technology Press,Y,- (PDF sudah ada),,,,,
3,C1 lainnya,lin2026tomato,C1,2026,Lin H.Y.,Tomato Maturity Classification and Fruit Counting Based on RGB and Multispectral Images †,Applied Sciences Switzerland,10.3390/app16073227,MDPI,Y,- (PDF sudah ada),,,,,
3,C1 lainnya,nguyen2026modular,C1,2026,Nguyen K.,A Modular UAV-Based Framework for Apple Detection and Yield Extrapolation from 3D Point Clouds,Proceedings of the ACM Symposium on Applied Computing,10.1145/3748522.3779768,ACM,Y,- (PDF sudah ada),,diunduh manual 2026-10-04,,https://doi.org/10.1145/3748522.3779768,"OA menurut OpenAlex/Unpaywall; bila halaman terkunci, pakai perpustakaan ULM"
3,C1 lainnya,pardobeainy2026maturity,C1,2026,Pardo-Beainy C.,Maturity and size estimation with yield mapping for hydroponic strawberries using machine vision,Smart Agricultural Technology,10.1016/j.atech.2026.102416,Elsevier,Y,- (PDF sudah ada),,diunduh manual 2026-10-04,,https://doi.org/10.1016/j.atech.2026.102416,"OA menurut OpenAlex/Unpaywall; bila halaman terkunci, pakai perpustakaan ULM"
3,C1 lainnya,santos2026multi,C1,2026,Santos T.T.,Multi-Fruit Tracking and 3-D Structure Recovery via CoTracker,Revista De Informatica Teorica E Aplicada,10.22456/2175-2745.150960,UFRGS,Y,- (PDF sudah ada),,diunduh 2026-10-03,,https://seer.ufrgs.br/index.php/rita/article/download/150960/98712,
3,C1 lainnya,wang2026uav,C1,2026,Wang K.,UAV-based monocular 3D panoptic mapping for fruit shape completion in orchard,ISPRS Journal of Photogrammetry and Remote Sensing,10.1016/j.isprsjprs.2025.11.013,Elsevier,Y,- (PDF sudah ada),,,,,
3,C1 lainnya,woo2026geometry,C1,2026,Woo Y.S.,Geometry-Driven Triangulation and Differentiable Semantic Gaussian Refinement for 3D Grape Bunch Model Reconstruction in the Field,Icict 2026 Proceedings of 2026 the 9th International Conference on Information and Computer Technologies,10.1145/3803291.3803356,ACM,Y,- (PDF sudah ada),,diunduh manual 2026-10-04,,https://doi.org/10.1145/3803291.3803356,"OA menurut OpenAlex/Unpaywall; bila halaman terkunci, pakai perpustakaan ULM"
3,C1 lainnya,yang2026real,C1,2026,Yang R.,A real-time semantic 3D vineyard mapping and fruit localization system for yield estimation in dynamic vineyards,Smart Agricultural Technology,10.1016/j.atech.2026.101784,Elsevier,Y,- (PDF sudah ada),,diunduh manual 2026-10-04,,https://doi.org/10.1016/j.atech.2026.101784,"OA menurut OpenAlex/Unpaywall; bila halaman terkunci, pakai perpustakaan ULM"
3,C1 lainnya,yoshida2026cross,C1,2026,Yoshida T.,Cross-Day Grape Cluster Tracking Using Branch-Based 3D Alignment in Vineyards,Journal of Robotics and Mechatronics,10.20965/jrm.2026.p0953,Fuji Technology Press,Y,- (PDF sudah ada),,diunduh manual 2026-10-04,,https://doi.org/10.20965/jrm.2026.p0953,"OA menurut OpenAlex/Unpaywall; bila halaman terkunci, pakai perpustakaan ULM"
3,C1 lainnya,zhao2026adapting,C1,2026,Zhao K.,Adapting SAM3 for 3D fruit counting with cross-view contrastive learning and Hough voting,Computers and Electronics in Agriculture,10.1016/j.compag.2026.112325,Elsevier,Y,- (PDF sudah ada),,diunduh manual 2026-10-04,,https://doi.org/10.1016/j.compag.2026.112325,"OA menurut OpenAlex/Unpaywall; bila halaman terkunci, pakai perpustakaan ULM"
3,C1 lainnya,zhao2026two,C1,2026,Zhao J.,A two-stage fine-tuning strategy for 3D object segmentation from multi-view images,Smart Agricultural Technology,10.1016/j.atech.2026.102443,Elsevier,Y,- (PDF sudah ada),,diunduh manual 2026-10-04,,https://doi.org/10.1016/j.atech.2026.102443,"OA menurut OpenAlex/Unpaywall; bila halaman terkunci, pakai perpustakaan ULM"
3,C1 lainnya,zhu2026research,C1,2026,Zhu J.,Research on Greenhouse Eggplant Fruit Detection and Tracking-Based Counting Using an Improved YOLOv5s-DeepSORT,Agriculture Switzerland,10.3390/agriculture16020253,MDPI,Y,- (PDF sudah ada),,,,,
3,C1 lainnya,cao2025research,C1,2025,Cao D.,Research on Apple Detection and Tracking Count in Complex Scenes Based on the Improved YOLOv7-Tiny-PDE,Agriculture Switzerland,10.3390/agriculture15050483,MDPI,Y,- (PDF sudah ada),,,,,
3,C1 lainnya,dong2025fruit,C1,2025,Dong Z.,Fruit detection and yield estimation in Camellia oleifera based on improved YOLOv8 and ByteTrack algorithm,Smart Agricultural Technology,10.1016/j.atech.2025.101435,Elsevier,Y,- (PDF sudah ada),,diunduh manual 2026-10-04,,https://doi.org/10.1016/j.atech.2025.101435,"OA menurut OpenAlex/Unpaywall; bila halaman terkunci, pakai perpustakaan ULM"
3,C1 lainnya,hassan2025orange,C1,2025,Hassan A.,Orange yield estimation using object tracking and 3D reconstruction,Smart Agricultural Technology,10.1016/j.atech.2025.101088,Elsevier,Y,- (PDF sudah ada),,,,,
3,C1 lainnya,hobart2025fruit,C1,2025,Hobart M.,Fruit Detection and Yield Mass Estimation from a UAV Based RGB Dense Cloud for an Apple Orchard,Drones,10.3390/drones9010060,MDPI,Y,- (PDF sudah ada),,,,,
3,C1 lainnya,isobe2025mandarin,C1,2025,Isobe D.,Mandarin count estimation with 360-degree tree video and transformer-based deep learning,Smart Agricultural Technology,10.1016/j.atech.2025.100874,Elsevier,Y,- (PDF sudah ada),,diunduh manual 2026-10-04,,https://doi.org/10.1016/j.atech.2025.100874,"OA menurut OpenAlex/Unpaywall; bila halaman terkunci, pakai perpustakaan ULM"
3,C1 lainnya,jiang2025neural,C1,2025,Jiang L.,Neural Radiance Fields for Plot-level Cotton Crop Three-dimensional Reconstruction and Yield Estimation,2025 Asabe Annual International Meeting,10.13031/aim.202500502,ASABE,Y,- (PDF sudah ada),,diunduh manual 2026-10-05,,unduhan peramban oleh peninjau,
3,C1 lainnya,kutyrev2025uav,C1,2025,Kutyrev A.,UAV-based sustainable orchard management: deep learning for apple detection and yield estimation,E3s Web of Conferences,10.1051/e3sconf/202561403021,EDP Sciences,Y,- (PDF sudah ada),,diunduh manual 2026-10-04,,https://www.e3s-conferences.org/articles/e3sconf/pdf/2025/14/e3sconf_icaw2024_03021.pdf,
3,C1 lainnya,mendez2025capsicum,C1,2025,Mendez E.,Capsicum Counting Algorithm Using Infrared Imaging and YOLO11,Agriculture Switzerland,10.3390/agriculture15242574,MDPI,Y,- (PDF sudah ada),,,,,
3,C1 lainnya,meyer2025fruitnerf,C1,2025,Meyer L.,FruitNeRF++: A Generalized Multi-Fruit Counting Method Utilizing Contrastive Learning and Neural Radiance Fields,IEEE International Conference on Intelligent Robots and Systems,10.1109/iros60139.2025.11247341,IEEE,Y,- (PDF sudah ada),,diunduh 2026-10-03,,https://arxiv.org/pdf/2505.19863 (pracetak arXiv),OA = pracetak arXiv; periksa selisih dengan versi IROS
3,C1 lainnya,ogundele2025real,C1,2025,Ogundele O.M.,Real-Time Strawberry Ripeness Classification and Counting: An Optimized YOLOv8s Framework with Class-Aware Multi-Object Tracking,Agriculture Switzerland,10.3390/agriculture15181906,MDPI,Y,- (PDF sudah ada),,,,,
3,C1 lainnya,singh2025robust,C1,2025,Singh R.,Robust real-time strawberry maturity detection using UAV-mounted deep learning for precision agriculture,BMC Plant Biology,10.1186/s12870-025-07246-7,BMC Plant Biology,Y,- (PDF sudah ada),,diunduh 2026-10-04,,https://pmc-oa-opendata.s3.amazonaws.com/PMC12516899.1/PMC12516899.1.pdf,
3,C1 lainnya,tan2025appleyolo,C1,2025,Tan S.,AppleYOLO: Apple yield estimation method using improved YOLOv8 based on Deep OC-SORT,Expert Systems with Applications,10.1016/j.eswa.2025.126764,Elsevier,Y,- (PDF sudah ada),,diunduh manual 2026-10-04,,https://doi.org/10.2139/ssrn.4861527,"OA = pracetak SSRN; periksa selisih dengan versi Expert Systems with Applications; OA menurut OpenAlex/Unpaywall; bila halaman terkunci, pakai perpustakaan ULM"
3,C1 lainnya,wang2025phenotypic,C1,2025,Wang P.,Phenotypic Trait Acquisition Method for Tomato Plants Based on RGB-D SLAM,Agriculture Switzerland,10.3390/agriculture15151574,MDPI,Y,- (PDF sudah ada),,diunduh 2026-10-03,,https://mdpi-res.com/d_attachment/agriculture/agriculture-15-01574/article_deploy/agriculture-15-01574.pdf,
3,C1 lainnya,wang2025tomato,C1,2025,Wang A.,Tomato Yield Estimation Using an Improved Lightweight YOLO11n Network and an Optimized Region Tracking-Counting Method,Agriculture Switzerland,10.3390/agriculture15131353,MDPI,Y,- (PDF sudah ada),,,,,
3,C1 lainnya,wu2025maturity,C1,2025,Wu N.,Maturity detection and counting of blueberries in real orchards using a 1novel STF-YOLO model integrated with ByteTrack algorithm,Frontiers in Plant Science,10.3389/fpls.2025.1682024,Frontiers,Y,- (PDF sudah ada),,,,,
3,C1 lainnya,yan2025research,C1,2025,Yan Z.,Research on an Apple Recognition and Yield Estimation Model Based on the Fusion of Improved YOLOv11 and DeepSORT,Agriculture Switzerland,10.3390/agriculture15070765,MDPI,Y,- (PDF sudah ada),,,,,
3,C1 lainnya,yang2025safe,C1,2025,Yang T.,Towards Safe and Efficient Through-the-Canopy Autonomous Fruit Counting with UAVs,Proceedings IEEE International Conference on Robotics and Automation,10.1109/icra55743.2025.11127839,IEEE,Y,- (PDF sudah ada),,diunduh 2026-10-03,,https://arxiv.org/pdf/2409.18293 (pracetak arXiv),OA = pracetak arXiv; periksa selisih dengan versi ICRA
3,C1 lainnya,zhai2025dynamic,C1,2025,Zhai Y.,A Dynamic Kalman Filtering Method for Multi-Object Fruit Tracking and Counting in Complex Orchards,Sensors,10.3390/s25134138,MDPI,Y,- (PDF sudah ada),,,,,
3,C1 lainnya,zhang2025robust,C1,2025,Zhang N.,Robust real-time blueberry counting in greenhouses using small-object detection and mamba-driven multi-step trajectory completion,Smart Agricultural Technology,10.1016/j.atech.2025.101402,Elsevier,Y,- (PDF sudah ada),,diunduh manual 2026-10-04,,https://doi.org/10.1016/j.atech.2025.101402,"OA menurut OpenAlex/Unpaywall; bila halaman terkunci, pakai perpustakaan ULM"
3,C1 lainnya,zheng2025robust,C1,2025,Zheng W.,A Robust Tomato Counting Framework for Greenhouse Inspection Robots Using YOLOv8 and Inter-Frame Prediction,Agronomy,10.3390/agronomy15051135,MDPI,Y,- (PDF sudah ada),,,,,
3,C1 lainnya,zhou2025yield,C1,2025,Zhou L.,Yield Estimation in Banana Orchards Based on DeepSORT and RGB-Depth Images,Agronomy,10.3390/agronomy15051119,MDPI,Y,- (PDF sudah ada),,,,,
3,C1 lainnya,ahmedtaristizabal2024field,C1,2024,Ahmedt-Aristizabal D.,An In-Field Dynamic Vision-Based Analysis for Vineyard Yield Estimation,IEEE Access,10.1109/access.2024.3431244,IEEE,Y,- (PDF sudah ada),,diunduh 2026-10-03,,https://ieeexplore.ieee.org/stampPDF/getPDF.jsp?tp=&arnumber=10604813&ref=,"OA menurut OpenAlex/Unpaywall; bila halaman terkunci, pakai perpustakaan ULM"
3,C1 lainnya,arizasentis2024grapemots,C1,2024,Ariza-Sentís M.,GrapeMOTS: UAV vineyard dataset with MOTS grape bunch annotations recorded from multiple perspectives for enhanced object detection and tracking,Data in Brief,10.1016/j.dib.2024.110432,Elsevier,Y,- (PDF sudah ada),,,,,
3,C1 lainnya,du2024green,C1,2024,Du P.,Green pepper fruits counting based on improved DeepSort and optimized Yolov5s,Frontiers in Plant Science,10.3389/fpls.2024.1417682,Frontiers,Y,- (PDF sudah ada),,,,,
3,C1 lainnya,feng2024approach,C1,2024,Feng Y.,Approach of Dynamic Tracking and Counting for Obscured Citrus in Smart Orchard Based on Machine Vision,Applied Sciences Switzerland,10.3390/app14031136,MDPI,Y,- (PDF sudah ada),,,,,
3,C1 lainnya,huang2024automatic,C1,2024,Huang T.,An automatic tracking method for fruit abscission of litchi using convolutional networks,Computers and Electronics in Agriculture,10.1016/j.compag.2024.109213,Elsevier,Y,- (PDF sudah ada),,diunduh manual 2026-10-04,,https://doi.org/10.1016/j.compag.2024.109213,"OA menurut OpenAlex/Unpaywall; bila halaman terkunci, pakai perpustakaan ULM"
3,C1 lainnya,kang2024real,C1,2024,Kang R.,Toward Real Scenery: A Lightweight Tomato Growth Inspection Algorithm for Leaf Disease Detection and Fruit Counting,Plant Phenomics,10.34133/plantphenomics.0174,AAAS (Science Partner Journals),Y,- (PDF sudah ada),,diunduh 2026-10-03,,https://pmc-oa-opendata.s3.amazonaws.com/PMC11018486.1/PMC11018486.1.pdf,
3,C1 lainnya,magalhaes2024monovisual3dfilter,C1,2024,Magalhães S.A.C.,MonoVisual3DFilter: 3D tomatoes' localisation with monocular cameras using histogram filters,Robotica,10.1017/s0263574724000936,Cambridge University Press,Y,- (PDF sudah ada),,,,,
3,C1 lainnya,matos2024tracking,C1,2024,Matos G.P.,Tracking and Counting Apples in Orchards under Intermittent Occlusions and Low Frame Rates,IEEE Computer Society Conference on Computer Vision and Pattern Recognition Workshops,10.1109/cvprw63382.2024.00550,IEEE,Y,- (PDF sudah ada),,diunduh 2026-10-03,,https://openaccess.thecvf.com/content/CVPR2024W/Vision4Ag/papers/Matos_Tracking_and_Counting_Apples_in_Orchards_Under_Intermittent_Occlusions_and_CVPRW_2024_paper.pdf,OA = versi CVF Open Access (setara versi terbit)
3,C1 lainnya,meyer2024fruitnerf,C1,2024,Meyer L.,FruitNeRF: A Unified Neural Radiance Field based Fruit Counting Framework,IEEE International Conference on Intelligent Robots and Systems,10.1109/iros58592.2024.10802065,IEEE,Y,- (PDF sudah ada),,diunduh 2026-10-03,,https://arxiv.org/pdf/2408.06190 (pracetak arXiv),OA = pracetak arXiv; periksa selisih dengan versi IROS
3,C1 lainnya,muzaddid2024ntrack,C1,2024,Muzaddid M.A.A.,NTrack: A Multiple-Object Tracker and Dataset for Infield Cotton Boll Counting,IEEE Transactions on Automation Science and Engineering,10.1109/tase.2023.3342791,IEEE,Y,- (PDF sudah ada),,,,,
3,C1 lainnya,nenavath2024tree,C1,2024,Nenavath D.N.,On-Tree Mango Fruit Count Using Live Video-Split Image Dataset to Predict Better Yield at Pre-Harvesting Stage,International Journal of Electrical and Computer Engineering Systems,10.32985/ijeces.15.9.5,IJECES (Univ. Osijek),Y,- (PDF sudah ada),,,,,
3,C1 lainnya,saraceni2024agrisort,C1,2024,Saraceni L.,AgriSORT: A Simple Online Real-time Tracking-by-Detection framework for robotics in precision agriculture,Proceedings IEEE International Conference on Robotics and Automation,10.1109/icra57147.2024.10610231,IEEE,Y,- (PDF sudah ada),,,,,
3,C1 lainnya,sekharamantry2024seamless,C1,2024,Sekharamantry P.K.,"A Seamless Deep Learning Approach for Apple Detection, Depth Estimation, and Tracking Using YOLO Models Enhanced by Multi-Head Attention Mechanism",Computers,10.3390/computers13030083,MDPI,Y,- (PDF sudah ada),,,,,
3,C1 lainnya,viveros2024maturity,C1,2024,Viveros Escamilla L.D.,Maturity Recognition and Fruit Counting for Sweet Peppers in Greenhouses Using Deep Learning Neural Networks,Agriculture Switzerland,10.3390/agriculture14030331,MDPI,Y,- (PDF sudah ada),,,,,
3,C1 lainnya,xiao20243d,C1,2024,Xiao S.,3D reconstruction and characterization of cotton bolls in situ based on UVA technology,ISPRS Journal of Photogrammetry and Remote Sensing,10.1016/j.isprsjprs.2024.01.027,Elsevier,Y,- (PDF sudah ada),,diunduh manual 2026-10-05,,unduhan peramban oleh peninjau,
3,C1 lainnya,yang2024automatic,C1,2024,Yang X.,Automatic Apple Detection and Counting with AD-YOLO and MR-SORT,Sensors,10.3390/s24217012,MDPI,Y,- (PDF sudah ada),,,,,
3,C1 lainnya,yuan2024simultaneous,C1,2024,Yuan Q.,Simultaneous Localization and Mapping System for Agricultural Yield Estimation Based on Improved VINS-RGBD: A Case Study of a Strawberry Field,Agriculture Switzerland,10.3390/agriculture14050784,MDPI,Y,- (PDF sudah ada),,,,,
3,C1 lainnya,zhou2024advancing,C1,2024,Zhou X.,Advancing tracking-by-detection with MultiMap: Towards occlusion-resilient online multiclass strawberry counting,Expert Systems with Applications,10.1016/j.eswa.2024.124587,Elsevier,Y,- (PDF sudah ada),,diunduh manual 2026-10-04,,https://doi.org/10.1016/j.eswa.2024.124587,"OA menurut OpenAlex/Unpaywall; bila halaman terkunci, pakai perpustakaan ULM"
3,C1 lainnya,zhu2024citrus,C1,2024,Zhu Y.,Citrus yield estimation for individual trees integrating pruning intensity and image views,European Journal of Agronomy,10.1016/j.eja.2024.127349,Elsevier,Y,- (PDF sudah ada),,diunduh manual 2026-10-04,,https://doi.org/10.1016/j.eja.2024.127349,"OA menurut OpenAlex/Unpaywall; bila halaman terkunci, pakai perpustakaan ULM"
3,C1 lainnya,abeyrathna2023recognition,C1,2023,Abeyrathna R.M.R.D.,Recognition and Counting of Apples in a Dynamic State Using a 3D Camera and Deep Learning Algorithms for Robotic Harvesting Systems,Sensors,10.3390/s23083810,MDPI,Y,- (PDF sudah ada),,,,,
3,C1 lainnya,arizasentis2023dataset,C1,2023,Ariza-Sentís M.,Dataset on UAV RGB videos acquired over a vineyard including bunch labels for object detection and tracking,Data in Brief,10.1016/j.dib.2022.108848,Elsevier,Y,- (PDF sudah ada),,,,,
3,C1 lainnya,arizasentis2023object,C1,2023,Ariza-Sentís M.,Object detection and tracking on UAV RGB videos for early extraction of grape phenotypic traits,Computers and Electronics in Agriculture,10.1016/j.compag.2023.108051,Elsevier,Y,- (PDF sudah ada),,diunduh 2026-10-03,,https://riubu.ubu.es/bitstream/handle/10259/10060/Ariza-caeia_2023.pdf?sequence=1,
3,C1 lainnya,ciarfuglia2023weakly,C1,2023,Ciarfuglia T.A.,"Weakly and semi-supervised detection, segmentation and tracking of table grapes with limited and noisy data",Computers and Electronics in Agriculture,10.1016/j.compag.2023.107624,Elsevier,Y,- (PDF sudah ada),,,,,
3,C1 lainnya,gremes2023system,C1,2023,Gremes M.F.,System of Counting Green Oranges Directly from Trees Using Artificial Intelligence,Agriengineering,10.3390/agriengineering5040111,MDPI,Y,- (PDF sudah ada),,,,,
3,C1 lainnya,hu2023fruit,C1,2023,Hu J.,Fruit Detection and Counting in Apple Orchards Based on Improved Yolov7 and Multi-Object Tracking Methods,Sensors,10.3390/s23135903,MDPI,Y,- (PDF sudah ada),,,,,
3,C1 lainnya,lawal2023simplified,C1,2023,Lawal O.M.,"A simplified network topology for fruit detection, counting and mobile-phone deployment",Plos One,10.1371/journal.pone.0292600,PLOS,Y,- (PDF sudah ada),,,,,
3,C1 lainnya,li2023blueberry,C1,2023,Li Z.,Blueberry Yield Estimation Through Multi-View Imagery with YOLOv8 Object Detection,2023 Asabe Annual International Meeting,10.13031/aim.202300883,ASABE,Y,- (PDF sudah ada),,diunduh manual 2026-10-05,,unduhan peramban oleh peninjau,
3,C1 lainnya,lin2023citrus,C1,2023,Lin Y.,Citrus Identification and Counting Algorithm Based on Improved YOLOv5s and DeepSort,Agronomy,10.3390/agronomy13071674,MDPI,Y,- (PDF sudah ada),,,,,
3,C1 lainnya,rapadorincon2023development,C1,2023,Rapado-Rincón D.,Development and evaluation of automated localisation and reconstruction of all fruits on tomato plants in a greenhouse based on multi-view perception and 3D multi-object tracking,Biosystems Engineering,10.1016/j.biosystemseng.2023.06.003,Elsevier,Y,- (PDF sudah ada),,,,,
3,C1 lainnya,wu2023twice,C1,2023,Wu Z.,Twice matched fruit counting system: An automatic fruit counting pipeline in modern apple orchard using mutual and secondary matches,Biosystems Engineering,10.1016/j.biosystemseng.2023.09.005,Elsevier,Y,- (PDF sudah ada),,diunduh manual 2026-10-05,,unduhan peramban oleh peninjau,
3,C1 lainnya,zaenker2023graph,C1,2023,Zaenker T.,Graph-Based View Motion Planning for Fruit Detection,IEEE International Conference on Intelligent Robots and Systems,10.1109/iros55552.2023.10342532,IEEE,Y,- (PDF sudah ada),,diunduh 2026-10-03,,https://arxiv.org/pdf/2303.03048 (pracetak arXiv),OA = pracetak arXiv; periksa selisih dengan versi IROS
3,C1 lainnya,zheng2023object,C1,2023,Zheng C.,Object-Detection from Multi-View remote sensing Images: A case study of fruit and flower detection and counting on a central Florida strawberry farm,International Journal of Applied Earth Observation and Geoinformation,10.1016/j.jag.2023.103457,Elsevier,Y,- (PDF sudah ada),,diunduh manual 2026-10-05,,unduhan peramban oleh peninjau,"tautan OA dicoba di peramban 4 Oktober 2026, tidak memberi PDF"
3,C1 lainnya,zhou2023dynamic,C1,2023,Zhou X.,A Dynamic Object Counting Method for Strawberry Fruits using Vision Transformer Networks and Kalman Filter Tracking,2023 Asabe Annual International Meeting,10.13031/aim.202301450,ASABE,Y,- (PDF sudah ada),,diunduh manual 2026-10-05,,unduhan peramban oleh peninjau,
3,C1 lainnya,egi2022drone,C1,2022,Egi Y.,Drone-Computer Communication Based Tomato Generative Organ Counting Model Using YOLO V5 and Deep-Sort,Agriculture Switzerland,10.3390/agriculture12091290,MDPI,Y,- (PDF sudah ada),,diunduh 2026-10-03,,https://openaccess.sirnak.edu.tr/server/api/core/bitstreams/534b2e29-7526-453a-bb6e-6c124819fb2e/content,
3,C1 lainnya,ge2022tracking,C1,2022,Ge Y.,Tracking and Counting of Tomato at Different Growth Period Using an Improving YOLO-Deepsort Network for Inspection Robot,Machines,10.3390/machines10060489,MDPI,Y,- (PDF sudah ada),,,,,
3,C1 lainnya,marangoz2022fruit,C1,2022,Marangoz S.,Fruit Mapping with Shape Completion for Autonomous Crop Monitoring,IEEE International Conference on Automation Science and Engineering,10.1109/case49997.2022.9926466,IEEE,Y,- (PDF sudah ada),,,,,
3,C1 lainnya,xia2022culling,C1,2022,Xia X.,Culling Double Counting in Sequence Images for Fruit Yield Estimation,Agronomy,10.3390/agronomy12020440,MDPI,Y,- (PDF sudah ada),,,,,
3,C1 lainnya,zhang2022yield,C1,2022,Zhang X.,Yield and maturity estimation of apples in orchards using a 3-step deep learning-based method,Quality Assurance and Safety of Crops and Foods,10.15586/qas.v14i2.1008,Codon Publications,Y,- (PDF sudah ada),,,,,
3,C1 lainnya,gao2021appleb,C1,2021,Gao F.,Apple fruit detection and counting based on deep learning and trunk tracking,American Society of Agricultural and Biological Engineers Annual International Meeting Asabe 2021,10.13031/aim.202100193,ASABE,Y,- (PDF sudah ada),,diunduh manual 2026-10-05,,unduhan peramban oleh peninjau,
3,C1 lainnya,itakura2021automatic,C1,2021,Itakura K.,Automatic pear and apple detection by videos using deep learning and a Kalman filter,OSA Continuum,10.1364/osac.424583,Optica,Y,- (PDF sudah ada),,diunduh manual 2026-10-04,,https://doi.org/10.1364/osac.424583,"OA menurut OpenAlex/Unpaywall; bila halaman terkunci, pakai perpustakaan ULM"
3,C1 lainnya,osman2021yield,C1,2021,Osman Y.,Yield estimation and visualization solution for precision agriculture,Sensors,10.3390/s21196657,MDPI,Y,- (PDF sudah ada),,,,,
3,C1 lainnya,parico2021real,C1,2021,Parico A.I.B.,Real time pear fruit detection and counting using yolov4 models and deep sort,Sensors,10.3390/s21144803,MDPI,Y,- (PDF sudah ada),,,,,
3,C1 lainnya,torressanchez2021grape,C1,2021,Torres‐sánchez J.,Grape cluster detection using uav photogrammetric point clouds as a low‐cost tool for yield forecasting in vineyards,Sensors,10.3390/s21093083,MDPI,Y,- (PDF sudah ada),,,,,
3,C1 lainnya,zaenker2021viewpoint,C1,2021,Zaenker T.,Viewpoint Planning for Fruit Size and Position Estimation,IEEE International Conference on Intelligent Robots and Systems,10.1109/iros51168.2021.9636701,IEEE,Y,- (PDF sudah ada),,,,,
3,C1 lainnya,zhang2021method,C1,2021,Zhang C.,A method for organs classification and fruit counting on pomegranate trees based on multi-features fusion and support vector machine by 3D point cloud,Scientia Horticulturae,10.1016/j.scienta.2020.109791,Elsevier,Y,- (PDF sudah ada),,diunduh manual 2026-10-05,,unduhan peramban oleh peninjau,
3,C1 lainnya,zineelabidine2021assigning,C1,2021,Zine-El-Abidine M.,Assigning apples to individual trees in dense orchards using 3D colour point clouds,Biosystems Engineering,10.1016/j.biosystemseng.2021.06.015,Elsevier,Y,- (PDF sudah ada),,,,,
3,C1 lainnya,apoloapolo2020cloud,C1,2020,Apolo-Apolo O.E.,A Cloud-Based Environment for Generating Yield Estimation Maps From Apple Orchards Using UAV Imagery and a Deep Learning Technique,Frontiers in Plant Science,10.3389/fpls.2020.01086,Frontiers,Y,- (PDF sudah ada),,,,,
3,C1 lainnya,dong2020semantic,C1,2020,Dong W.,Semantic mapping for orchard environments by merging two-sides reconstructions of tree rows,Journal of Field Robotics,10.1002/rob.21876,Wiley,Y,- (PDF sudah ada),,,,,
3,C1 lainnya,genemola2020fuji,C1,2020,Gené-Mola J.,Fuji-SfM dataset: A collection of annotated images and point clouds for Fuji apple detection and location using structure-from-motion photogrammetry,Data in Brief,10.1016/j.dib.2020.105591,Elsevier,Y,- (PDF sudah ada),,diunduh 2026-10-03,,https://pmc-oa-opendata.s3.amazonaws.com/PMC7184157.1/PMC7184157.1.pdf,
3,C1 lainnya,genemola2020lfuji,C1,2020,Gené-Mola J.,LFuji-air dataset: Annotated 3D LiDAR point clouds of Fuji apple trees for fruit detection scanned under different forced air flow conditions,Data in Brief,10.1016/j.dib.2020.105248,Elsevier,Y,- (PDF sudah ada),,diunduh 2026-10-03,,https://pmc-oa-opendata.s3.amazonaws.com/PMC7031136.1/PMC7031136.1.pdf,
3,C1 lainnya,santos2020grape,C1,2020,Santos T.T.,"Grape detection, segmentation, and tracking using deep neural networks and three-dimensional association",Computers and Electronics in Agriculture,10.1016/j.compag.2020.105247,Elsevier,Y,- (PDF sudah ada),,,,,
3,C1 lainnya,sun2020three,C1,2020,Sun S.,Three-dimensional photogrammetric mapping of cotton bolls in situ based on point cloud segmentation and clustering,ISPRS Journal of Photogrammetry and Remote Sensing,10.1016/j.isprsjprs.2019.12.011,Elsevier,Y,- (PDF sudah ada),,diunduh manual 2026-10-04,,https://doi.org/10.1016/j.isprsjprs.2019.12.011,"OA menurut OpenAlex/Unpaywall; bila halaman terkunci, pakai perpustakaan ULM"
3,C1 lainnya,huang2019high,C1,2019,Huang Y.H.,"High-throughput image analysis framework for fruit detection, localization and measurement from video streams",2019 Asabe Annual International Meeting,10.13031/aim.201900487,ASABE,Y,- (PDF sudah ada),,diunduh manual 2026-10-05,,unduhan peramban oleh peninjau,
3,C1 lainnya,liu2019monocular,C1,2019,Liu X.,Monocular Camera Based Fruit Counting and Mapping with Semantic Data Association,IEEE Robotics and Automation Letters,10.1109/lra.2019.2901987,IEEE,Y,- (PDF sudah ada),,,,,
3,C1 lainnya,nellithimaru2019rols,C1,2019,Nellithimaru A.K.,ROLS : Robust object-level SLAM for grape counting,IEEE Computer Society Conference on Computer Vision and Pattern Recognition Workshops,10.1109/cvprw.2019.00321,IEEE,Y,- (PDF sudah ada),,diunduh 2026-10-03,,https://openaccess.thecvf.com/content_CVPRW_2019/papers/CVPPP/Nellithimaru_ROLS__Robust_Object-Level_SLAM_for_Grape_Counting_CVPRW_2019_paper.pdf,OA = versi CVF Open Access (setara versi terbit)
3,C1 lainnya,roy2019vision,C1,2019,Roy P.,Vision-based preharvest yield mapping for apple orchards,Computers and Electronics in Agriculture,10.1016/j.compag.2019.104897,Elsevier,Y,- (PDF sudah ada),,,,,
3,C1 lainnya,linker2015estimation,C1,2015,Linker R.,Estimation of apple orchard yield using night time imaging,Precision Agriculture 2015 Papers Presented at the 10th European Conference on Precision Agriculture Ecpa 2015,10.3920/978-90-8686-814-8_66,Wageningen Academic,Y,- (PDF sudah ada),,,,,
3,C1 lainnya,nuske2014automated,C1,2014,Nuske S.,Automated visual yield estimation in vineyards,Journal of Field Robotics,10.1002/rob.21541,Wiley,Y,- (PDF sudah ada),,diunduh 2026-10-03,,https://publications.ri.cmu.edu/storage/publications/pub_files/2014/9/rob21541.pdf,OA = salinan di situs Robotics Institute CMU
3,C1 lainnya,nuske2014modeling,C1,2014,Nuske S.,Modeling and calibrating visual yield estimates in vineyards,Springer Tracts in Advanced Robotics,10.1007/978-3-642-40686-7_23,Springer,Y,- (PDF sudah ada),,diunduh manual 2026-10-04,,https://figshare.com/articles/Modeling_and_Calibrating_Visual_Yield_Estimates_in_Vineyards/6555602,
3,C1 lainnya,song2014automatic,C1,2014,Song Y.,Automatic fruit recognition and counting from multiple images,Biosystems Engineering,10.1016/j.biosystemseng.2013.12.008,Elsevier,Y,- (PDF sudah ada),,diunduh manual 2026-10-05,,unduhan peramban oleh peninjau,"tautan OA dicoba di peramban 4 Oktober 2026, tidak memberi PDF"
3,C1 lainnya,wang2013automated,C1,2013,Wang Q.,Automated Crop Yield Estimation for Apple Orchards,Springer Tracts in Advanced Robotics,10.1007/978-3-319-00065-7_50,Springer,Y,- (PDF sudah ada),,diunduh manual 2026-10-04,,https://figshare.com/articles/Automated_Crop_Yield_Estimation_for_Apple_Orchards/6551996,
4,C3 pencacahan,narendran2024palm,C3,2024,Narendran R.,Palm fruit harvesting using IoT-based fruit counting system,Aip Conference Proceedings,10.1063/5.0229292,AIP Publishing,N,penulis,,,,,dikutip di seksi Oil palm; dikode dari judul
4,C3 pencacahan,hutapea2024palm,C3,2024,Hutapea R.R.,Palm Fruit Ripeness Detection and Counting Using YOLOv8 Algorithm in PTPN IV Medan North Sumatera Indonesia,2024 6th International Conference on Cybernetics and Intelligent System Icoris 2024,10.1109/icoris63540.2024.10903790,IEEE,N,penulis,,,,,dikutip di seksi Oil palm
4,C3 pencacahan,hidayat2024establishing,C3,2024,Hidayat M.R.,Establishing a Standard Operating Procedure (SOP) for Palm Oil Plantation FFB Image Capture: Utilizing YOLOv8 for Counting and Ripeness Classification,2024 6th International Conference on Cybernetics and Intelligent System Icoris 2024,10.1109/icoris63540.2024.10903724,IEEE,N,penulis,,,,,dikutip di seksi Oil palm
4,C3 pencacahan,daud2022loose,C3,2022,Daud M.M.,Loose Fruitlet and Fresh Fruit Bunch Detection for Palm Oil Harvest Management,Proceedings of the 2022 IEEE International Conference on Internet of Things and Intelligence Systems Iotais 2022,10.1109/iotais56727.2022.9975972,IEEE,N,penulis,,,,,dikutip di seksi Oil palm
4,C3 pencacahan+multipandang,aji2021automatic,C3,2021,Aji W.S.,Automatic Oil Palm Unstripped Bunch (USB) Counting System based on Faster RCNN and Object Tracking,Proceedings 2nd International Conference on Computer Science and Engineering the Effects of the Digital World After Pandemic Edwap Ic2se 2021,10.1109/ic2se52832.2021.9792068,IEEE,N,penulis,,,,,dikutip di seksi Oil palm
4,C3 pencacahan,hamdani2026automated,C3,2026,Hamdani H.,Automated oil palm fruit counting using deep learning for reliable yield estimation in natural background,Smart Agricultural Technology,10.1016/j.atech.2026.102376,Elsevier,Y,- (PDF sudah ada),,diunduh manual 2026-10-04,,https://doi.org/10.1016/j.atech.2026.102376,dikutip di seksi Oil palm
4,C3 multipandang,arief2026machine,C3,2026,Arief D.S.,Machine vision for detection of defective oil palm fresh fruit bunches using YOLO Algorithm,Journal of Physics Conference Series,10.1088/1742-6596/3186/1/012026,IOP Publishing,Y,- (PDF sudah ada),,,,,tidak dikutip di seksi Oil palm (hanya masuk hitungan 11 multipandang)
4,C3 multipandang,suharjito2025oil,C3,2025,Suharjito ,Oil Palm Fruits Dataset in Plantations for Harvest Estimation Using Digital Census and Smartphone,Scientific Data,10.1038/s41597-025-05227-x,Springer Nature,Y,- (PDF sudah ada),,,,,dikutip di seksi Oil palm
4,C3 multipandang,omar2024outdoor,C3,2024,Omar Z.,Outdoor oil palm fruit ripeness dataset,Data in Brief,10.1016/j.dib.2024.110667,Elsevier,Y,- (PDF sudah ada),,diunduh 2026-10-03,,https://pmc-oa-opendata.s3.amazonaws.com/PMC11283051.1/PMC11283051.1.pdf,tidak dikutip di seksi Oil palm (hanya masuk hitungan 11 multipandang)
4,C3 multipandang,wang2024novel,C3,2024,Wang H.H.,Novel Feature Extraction for Oil Palm Bunches Classification,Journal of Advanced Research in Applied Sciences and Engineering Technology,10.37934/araset.34.1.350360,Journal of Advanced Research in Applied Sciences and Engineering Technology,Y,- (PDF sudah ada),,,,,tidak dikutip di seksi Oil palm (hanya masuk hitungan 11 multipandang)
4,C3 pencacahan,naftali2024palm,C3,2024,Naftali M.G.,Palm Oil Counter: State-of-the-Art Deep Learning Models for Detection and Counting in Plantations,IEEE Access,10.1109/access.2024.3419835,IEEE,Y,- (PDF sudah ada),,diunduh 2026-10-03,,https://ieeexplore.ieee.org/stampPDF/getPDF.jsp?tp=&arnumber=10574233&ref=,dikutip di seksi Oil palm
4,C3 pencacahan+multipandang,shiddiq2023counting,C3,2023,Shiddiq M.,COUNTING OF OIL PALM FRESH FRUIT BUNCHES USING COMPUTER VISION,Journal of Oil Palm Research,10.21894/jopr.2022.0029,MPOB,Y,- (PDF sudah ada),,,,,dikutip di seksi Oil palm
4,C3 multipandang,daud2023detection,C3,2023,Daud M.M.,Detection of Oil Palm Tree and Loose Fruitlets for Fresh Fruit Bunch's Ready-to-Harvest Prediction via Deep Learning Approach,Iaeng International Journal of Computer Science,,IAENG,Y,- (PDF sudah ada),,diunduh 2026-10-05,,https://www.iaeng.org/IJCS/issues_v50/issue_4/IJCS_50_4_06.pdf,tidak dikutip di seksi Oil palm (hanya masuk hitungan 11 multipandang); dikode dari judul
4,C3 multipandang,suharjito2023annotated,C3,2023,Suharjito ,Annotated Datasets of Oil Palm Fruit Bunch Piles for Ripeness Grading Using Deep Learning,Scientific Data,10.1038/s41597-023-01958-x,Springer Nature,Y,- (PDF sudah ada),,,,,dikutip di seksi Oil palm
4,C3 multipandang,suharjito2023real,C3,2023,Suharjito ,Real-Time Oil Palm Fruit Grading System Using Smartphone and Modified YOLOv4,IEEE Access,10.1109/access.2023.3285537,IEEE,Y,- (PDF sudah ada),,,,,dikutip di seksi Oil palm
4,C3 multipandang,makky2021pre,C3,2021,Makky M.,Pre-harvest oil palm FFB nondestructive evaluation technique using thermal-imaging device,Iop Conference Series Earth and Environmental Science,10.1088/1755-1315/757/1/012003,IOP Publishing,Y,- (PDF sudah ada),,,,,tidak dikutip di seksi Oil palm (hanya masuk hitungan 11 multipandang)
4,C3 pencacahan,prasetyo2020automatic,C3,2020,Prasetyo N.A.,Automatic detection and calculation of palm oil fresh fruit bunches using faster R-CNN,International Journal of Applied Science and Engineering,10.6703/ijase.202005_17(2).121,IJASE (Chaoyang Univ.),Y,- (PDF sudah ada),,diunduh manual 2026-10-04,,https://gigvvy.com/journals/ijase/articles/ijase-202005-17-2-121,dikutip di seksi Oil palm; dikode dari judul
4,C3 multipandang,cherie2020optical,C3,2020,Cherie D.,Optical properties of oil palm Fresh Fruits Bunch (FFB) for optimum harvest-window prediction,Journal of Physics Conference Series,10.1088/1742-6596/1469/1/012105,IOP Publishing,Y,- (PDF sudah ada),,,,,tidak dikutip di seksi Oil palm (hanya masuk hitungan 11 multipandang)
4,C3 multipandang,kassim2012oil,C3,2012,Kassim M.S.M.,Oil palm fresh fruit bunches (FFB) growth determination system to support harvesting operation,Journal of Food Agriculture and Environment,,WFL Publisher,Y,- (PDF sudah ada),,diunduh manual 2026-10-05,,unduhan peramban oleh peninjau,tidak dikutip di seksi Oil palm (hanya masuk hitungan 11 multipandang); dikode dari judul
