key,words,prisma,scopus,wos,ieee_xplore,google_scholar,research_question,inclusion,boolean,prior_reviews,taxonomy,challenges,future,limitations,contrib,year_range
tang2020picking,12042,0,0,0,0,0,0,0,0,0,0,6,1,0,0,1
patricio2018,13361,0,2,2,1,0,0,0,1,0,0,7,3,1,0,1
luo2021mot,14517,0,0,0,0,0,0,0,0,2,0,4,5,0,1,1
zhao2019detection,18828,0,0,0,0,0,0,0,0,0,0,3,3,0,0,2
zhou2021rgbdsod,17489,0,0,0,0,0,0,0,0,1,0,11,5,4,1,0
khan2021oilpalm,11134,4,1,1,0,1,11,4,2,0,0,9,2,3,0,3
lai2023ffb,8096,0,0,0,0,1,0,1,0,0,0,1,0,0,0,1
hasan2021weed,18465,0,2,2,2,2,2,0,10,1,9,2,3,1,0,1
naranjo2020cnnfruit,14357,0,0,1,1,0,0,0,0,4,0,3,2,2,1,1
abade2021disease,15228,2,2,0,1,0,3,3,0,0,0,4,0,7,0,4
sharma2021ml,19015,0,0,0,0,0,0,0,0,0,0,14,5,8,0,4
