key,role,doi,eid,title,first_author,year,source,cited_by,doc_type
snyder2019,panduan,10.1016/j.jbusres.2019.07.039,2-s2.0-85069969175,Literature review as a research methodology: An overview and guidelines,Snyder H.,2019,Journal of Business Research,7503,Article
torraco2005,panduan,10.1177/1534484305278283,2-s2.0-84992782655,Writing Integrative Literature Reviews: Guidelines and Examples,Torraco R.J.,2005,Human Resource Development Review,2565,Article
torraco2016,panduan,10.1177/1534484316671606,2-s2.0-84996522120,Writing Integrative Literature Reviews: Using the Past and Present to Explore the Future,Torraco R.J.,2016,Human Resource Development Review,1090,Review
paul2020art,panduan,10.1016/j.ibusrev.2020.101717,2-s2.0-85086596239,The art of writing literature review: What do we know and what do we need to know?,Paul J.,2020,International Business Review,2271,Article
pare2015typology,panduan,10.1016/j.im.2014.08.008,2-s2.0-84922268393,Synthesizing information systems knowledge: A typology of literature reviews,Paré G.,2015,Information and Management,1668,Article
templier2015framework,panduan,10.17705/1cais.03706,2-s2.0-84940387810,A framework for guiding and evaluating literature reviews,Templier M.,2015,Communications of the Association for Information Systems,518,Article
kraus2022,panduan,10.1007/s11846-022-00588-8,2-s2.0-85139218895,Literature reviews as independent studies: guidelines for academic practice,Kraus S.,2022,Review of Managerial Science,977,Article
lim2022,panduan,10.1080/02642069.2022.2047941,2-s2.0-85126672635,"Advancing knowledge through literature reviews: ‘what’, ‘why’, and ‘how to contribute’",Lim W.M.,2022,Service Industries Journal,507,Article
tranfield2003,panduan,10.1111/1467-8551.00375,2-s2.0-0141888108,Towards a Methodology for Developing Evidence-Informed Management Knowledge by Means of Systematic Review,Tranfield D.,2003,British Journal of Management,12934,Review
petersen2015mapping,panduan,10.1016/j.infsof.2015.03.007,2-s2.0-84929464206,Guidelines for conducting systematic mapping studies in software engineering: An update,Petersen K.,2015,Information and Software Technology,2246,Article
paul2021spar4slr,panduan,10.1111/ijcs.12695,2-s2.0-85112125343,Scientific procedures and rationales for systematic literature reviews (SPAR-4-SLR),Paul J.,2021,International Journal of Consumer Studies,2186,Article
sauer2023sixsteps,panduan,10.1007/s11846-023-00668-3,2-s2.0-85159366189,How to conduct systematic literature reviews in management research: a guide in 6 steps and 14 decisions,Sauer P.C.,2023,Review of Managerial Science,443,Review
vanwee2016howto,panduan,10.1080/01441647.2015.1065456,2-s2.0-84955719015,How to Write a Literature Review Paper?,Wee B.V.,2016,Transport Reviews,486,Article
page2021prisma,panduan,10.1136/bmj.n71,2-s2.0-85103451714,The PRISMA 2020 statement: An updated guideline for reporting systematic reviews,Page M.J.,2021,BMJ,99709,Review
tricco2018prismascr,panduan,10.7326/m18-0850,2-s2.0-85054287365,PRISMA extension for scoping reviews (PRISMA-ScR): Checklist and explanation,Tricco A.C.,2018,Annals of Internal Medicine,35758,Review
whittemore2005,panduan,10.1111/j.1365-2648.2005.03621.x,2-s2.0-28044463360,The integrative review: Updated methodology,Whittemore R.,2005,Journal of Advanced Nursing,6669,Review
baumeister1997,panduan,10.1037/1089-2680.1.3.311,2-s2.0-3342963647,Writing narrative literature reviews,Baumeister R.F.,1997,Review of General Psychology,1091,Article
green2006narrative,panduan,10.1016/s0899-3467(07)60142-6,2-s2.0-34848925195,Writing narrative literature reviews for peer-reviewed journals: secrets of the trade,Green B.N.,2006,Journal of Chiropractic Medicine,1609,Article
shaffril2021abc,panduan,10.1007/s11135-020-01059-6,2-s2.0-85093971255,The ABC of systematic literature review: the basic methodological guidance for beginners,Mohamed Shaffril H.A.,2021,Quality and Quantity,531,Article
garousi2019mlr,panduan,10.1016/j.infsof.2018.09.006,2-s2.0-85053877709,Guidelines for including grey literature and conducting multivocal literature reviews in software engineering,Garousi V.,2019,Information and Software Technology,713,Article
marzi2025bslr,panduan,10.1111/ijmr.12381,2-s2.0-85205933058,"Guidelines for Bibliometric-Systematic Literature Reviews: 10 steps to combine analysis, synthesis and theory development",Marzi G.,2025,International Journal of Management Reviews,490,Article
arksey2005scoping,panduan,10.1080/1364557032000119616,2-s2.0-14644388070,Scoping studies: Towards a methodological framework,Arksey H.,2005,International Journal of Social Research Methodology Theory and Practice,30332,Article
grant2009typology,panduan,10.1111/j.1471-1842.2009.00848.x,2-s2.0-67649899332,A typology of reviews: An analysis of 14 review types and associated methodologies,Grant M.J.,2009,Health Information and Libraries Journal,8771,Review
kitchenham2009,panduan,10.1016/j.infsof.2008.09.009,2-s2.0-56649086628,Systematic literature reviews in software engineering - A systematic literature review,Kitchenham B.,2009,Information and Software Technology,3852,Review
wohlin2014snowballing,panduan,10.1145/2601248.2601268,2-s2.0-84905448310,Guidelines for snowballing in systematic literature studies and a replication in software engineering,Wohlin C.,2014,ACM International Conference Proceeding Series,1864,Conference Paper
alvesson2011problematization,panduan,10.5465/amr.2009.0188,2-s2.0-79952786467,Generating research questions through problematization,Alvesson M.,2011,Academy of Management Review,1444,Article
linnenluecke2020,panduan,10.1177/0312896219877678,2-s2.0-85074036323,Conducting systematic literature reviews and bibliometric analyses,Linnenluecke M.K.,2020,Australian Journal of Management,1418,Review
rowe2014,panduan,10.1057/ejis.2014.7,2-s2.0-84901365737,"What literature review is not: Diversity, boundaries and recommendations",Rowe F.,2014,European Journal of Information Systems,532,Review
post2020theory,panduan,10.1111/joms.12549,2-s2.0-85077848093,Advancing Theory with Review Articles,Post C.,2020,Journal of Management Studies,485,Editorial
elsbach2020integrative,panduan,10.1111/joms.12581,2-s2.0-85084462034,Creating High-Impact Literature Reviews: An Argument for ‘Integrative Reviews’,Elsbach K.D.,2020,Journal of Management Studies,395,Article
watson2020roadmap,panduan,10.1080/12460125.2020.1798591,2-s2.0-85088821578,Analysing the past to prepare for the future: Writing a literature review a roadmap for release 2.0,Watson R.T.,2020,Journal of Decision Systems,250,Article
breslin2023miner,panduan,10.1177/1094428120943288,2-s2.0-85089179258,Theorizing Through Literature Reviews: The Miner-Prospector Continuum,Breslin D.,2023,Organizational Research Methods,242,Article
kunisch2023,panduan,10.1177/10944281221127292,2-s2.0-85145240026,Review Research as Scientific Inquiry,Kunisch S.,2023,Organizational Research Methods,212,Article
wohlin2020update,panduan,10.1016/j.infsof.2020.106366,2-s2.0-85086562618,Guidelines for the search strategy to update systematic literature reviews in software engineering,Wohlin C.,2020,Information and Software Technology,121,Article
page2021elaboration,panduan,10.1136/bmj.n160,2-s2.0-85103235741,PRISMA 2020 explanation and elaboration: Updated guidance and exemplars for reporting systematic reviews,Page M.J.,2021,BMJ,11065,Review
zhou2016threats,panduan,10.1109/apsec.2016.031,2-s2.0-85018476980,A map of threats to validity of systematic literature reviews in software engineering,Zhou X.,2016,Proceedings Asia Pacific Software Engineering Conference APSEC,295,Conference Paper
koirala2019review,contoh,10.1016/j.compag.2019.04.017,2-s2.0-85064313579,Deep learning – Method overview and review of use for fruit detection and yield estimation,Koirala A.,2019,Computers and Electronics in Agriculture,574,Review
gongal2015review,contoh,10.1016/j.compag.2015.05.021,2-s2.0-84934980536,Sensors and systems for fruit detection and localization: A review,Gongal A.,2015,Computers and Electronics in Agriculture,563,Review
fu2020rgbd,contoh,10.1016/j.compag.2020.105687,2-s2.0-85089090781,Application of consumer RGB-D cameras for fruit detection and localization in field: A critical review,Fu L.,2020,Computers and Electronics in Agriculture,334,Review
tang2020picking,contoh,10.3389/fpls.2020.00510,2-s2.0-85085583985,Recognition and Localization Methods for Vision-Based Fruit Picking Robots: A Review,Tang Y.,2020,Frontiers in Plant Science,605,Review
vanklompenburg2020,contoh,10.1016/j.compag.2020.105709,2-s2.0-85089952995,Crop yield prediction using machine learning: A systematic literature review,van Klompenburg T.,2020,Computers and Electronics in Agriculture,1741,Review
patricio2018,contoh,10.1016/j.compag.2018.08.001,2-s2.0-85051123154,Computer vision and artificial intelligence in precision agriculture for grain crops: A systematic review,Patrício D.I.,2018,Computers and Electronics in Agriculture,923,Review
lu2020datasets,contoh,10.1016/j.compag.2020.105760,2-s2.0-85090325375,A survey of public datasets for computer vision tasks in precision agriculture,Lu Y.,2020,Computers and Electronics in Agriculture,366,Review
luo2021mot,contoh,10.1016/j.artint.2020.103448,2-s2.0-85099231725,Multiple object tracking: A literature review,Luo W.,2021,Artificial Intelligence,883,Review
zhao2019detection,contoh,10.1109/tnnls.2018.2876865,2-s2.0-85060944960,Object Detection with Deep Learning: A Review,Zhao Z.Q.,2019,IEEE Transactions on Neural Networks and Learning Systems,5085,Review
zhou2021rgbdsod,contoh,10.1007/s41095-020-0199-z,2-s2.0-85099904462,RGB-D salient object detection: A survey,Zhou T.,2021,Computational Visual Media,318,Review
khan2021oilpalm,contoh,10.3390/agriculture11090832,2-s2.0-85114348669,"Oil palm and machine learning: Reviewing one decade of ideas, innovations, applications, and gaps",Khan N.,2021,Agriculture Switzerland,62,Review
lai2023ffb,contoh,10.3390/agriculture13010156,2-s2.0-85146704652,Oil Palm Fresh Fruit Bunch Ripeness Detection Methods: A Systematic Review,Lai J.W.,2023,Agriculture Switzerland,47,Review
goh2025ffb,contoh,10.1007/s11947-024-03483-0,2-s2.0-85197384719,Fresh Fruit Bunch Ripeness Classification Methods: A Review,Goh J.Y.,2025,Food and Bioprocess Technology,32,Review
kipli2023oilpalm,contoh,10.1016/j.atech.2023.100241,2-s2.0-85158062253,Deep learning applications for oil palm tree detection and counting,Kipli K.,2023,Smart Agricultural Technology,39,Review
rosell2012geometry,contoh,10.1016/j.compag.2011.09.007,2-s2.0-84855738820,A review of methods and applications of the geometric characterization of tree crops in agricultural activities,Rosell J.R.,2012,Computers and Electronics in Agriculture,299,Review
bai2023navigation,contoh,10.1016/j.compag.2022.107584,2-s2.0-85145652177,Vision-based navigation and guidance for agricultural autonomous vehicles and robots: A review,Bai Y.,2023,Computers and Electronics in Agriculture,375,Review
saputra2019slam,contoh,10.1145/3177853,2-s2.0-85042601417,Visual SLAM and structure from motion in dynamic environments: A survey,Saputra M.R.U.,2019,ACM Computing Surveys,430,Review
wang2019weed,contoh,10.1016/j.compag.2019.02.005,2-s2.0-85061429740,A review on weed detection using ground-based machine vision and image processing techniques,Wang A.,2019,Computers and Electronics in Agriculture,661,Review
tian2020cv,contoh,10.1016/j.inpa.2019.09.006,2-s2.0-85072784153,Computer vision technology in agricultural automation —A review,Tian H.,2020,Information Processing in Agriculture,759,Review
hasan2021weed,contoh,10.1016/j.compag.2021.106067,2-s2.0-85102421820,A survey of deep learning techniques for weed detection from images,Hasan A.S.M.M.,2021,Computers and Electronics in Agriculture,481,Review
naranjo2020cnnfruit,contoh,10.3390/app10103443,2-s2.0-85085702806,A review of convolutional neural network applied to fruit image processing,Naranjo-Torres J.,2020,Applied Sciences Switzerland,401,Review
tong2020small,contoh,10.1016/j.imavis.2020.103910,2-s2.0-85082683364,Recent advances in small object detection based on deep learning: A review,Tong K.,2020,Image and Vision Computing,596,Review
abade2021disease,contoh,10.1016/j.compag.2021.106125,2-s2.0-85104396240,Plant diseases recognition on images using convolutional neural networks: A systematic review,Abade A.,2021,Computers and Electronics in Agriculture,316,Review
sharma2021ml,contoh,10.1109/access.2020.3048415,2-s2.0-85099098407,Machine Learning Applications for Precision Agriculture: A Comprehensive Review,Sharma A.,2021,IEEE Access,1045,Review
