key,doi,status,source_url,bytes,note
kraus2022,10.1007/s11846-022-00588-8,ok,https://repozitorij.uni-lj.si/Dokument.php?id=165773&amp;dn=,1643848,
sauer2023sixsteps,10.1007/s11846-023-00668-3,ok,https://www.econstor.eu/bitstream/10419/306669/1/s11846-023-00668-3.pdf,1105918,
vanwee2016howto,10.1080/01441647.2015.1065456,ok,http://resolver.tudelft.nl/uuid:b00bf768-26a7-4f7a-8f14-6da7f5ba0691,457843,
page2021prisma,10.1136/bmj.n71,ok,https://eprints.whiterose.ac.uk/id/eprint/173287/1/PIIS0895435621000731.pdf,820184,
tricco2018prismascr,10.7326/m18-0850,ok,https://eprints.whiterose.ac.uk/id/eprint/136633/1/PRISMA_ScR_Manuscript_July6th_clean_1_.pdf,426500,
baumeister1997,10.1037/1089-2680.1.3.311,ok,http://psychology.yale.edu/sites/default/files/baumeister-leary.pdf,752993,
marzi2025bslr,10.1111/ijmr.12381,ok,https://ray.yorksj.ac.uk/id/eprint/15228/1/Int%20J%20Management%20Reviews%20-%202024%20-%20Marzi%20-%20Guidelines%20for%20Bibliometric%E2%80%90Systematic%20Literature%20Reviews%20%2010%20steps%20to%20combine.pdf,574701,
arksey2005scoping,10.1080/1364557032000119616,ok,https://eprints.whiterose.ac.uk/1618/1/Scopingstudies.pdf,257595,
wohlin2014snowballing,10.1145/2601248.2601268,ok,http://www.wohlin.eu/ease14.pdf,377066,
breslin2023miner,10.1177/1094428120943288,ok,https://eprints.whiterose.ac.uk/164508/8/1094428120943288.pdf,526784,
kunisch2023,10.1177/10944281221127292,ok,https://pure.au.dk/ws/files/399700784/Review_Research_as_Scientific_Inquiry_Publishers_version_2023.pdf,906908,
wohlin2020update,10.1016/j.infsof.2020.106366,ok,https://arxiv.org/pdf/2006.05542,573091,
page2021elaboration,10.1136/bmj.n160,ok,https://eprints.whiterose.ac.uk/id/eprint/173314/1/bmj.n160.full.pdf,768109,
tang2020picking,10.3389/fpls.2020.00510,ok,https://www.frontiersin.org/articles/10.3389/fpls.2020.00510/pdf,829380,
patricio2018,10.1016/j.compag.2018.08.001,ok,http://www.alice.cnptia.embrapa.br/bitstream/doc/1099103/1/ID444052008CompElectroAgricv153p69.pdf,264227,
luo2021mot,10.1016/j.artint.2020.103448,ok,https://arxiv.org/pdf/1409.7618,1424901,
zhao2019detection,10.1109/tnnls.2018.2876865,ok,https://arxiv.org/pdf/1807.05511,3864737,
zhou2021rgbdsod,10.1007/s41095-020-0199-z,ok,https://arxiv.org/pdf/2008.00230,3002006,
khan2021oilpalm,10.3390/agriculture11090832,ok,https://mdpi-res.com/d_attachment/agriculture/agriculture-11-00832/article_deploy/agriculture-11-00832.pdf,1017983,
lai2023ffb,10.3390/agriculture13010156,ok,https://mdpi-res.com/d_attachment/agriculture/agriculture-13-00156/article_deploy/agriculture-13-00156.pdf,603253,
hasan2021weed,10.1016/j.compag.2021.106067,ok,https://arxiv.org/pdf/2103.01415,13100870,
naranjo2020cnnfruit,10.3390/app10103443,ok,https://mdpi-res.com/d_attachment/applsci/applsci-10-03443/article_deploy/applsci-10-03443.pdf,1942305,
abade2021disease,10.1016/j.compag.2021.106125,ok,https://arxiv.org/pdf/2009.04365,2117510,
sharma2021ml,10.1109/access.2020.3048415,ok,https://ieeexplore.ieee.org/ielx7/6287639/9312710/09311735.pdf,8835059,
snyder2019,10.1016/j.jbusres.2019.07.039,gagal,,0,https://hdl.handle.net/11250/2733371: HTML tanpa tautan PDF | https://doi.org/10.1016/j.jbusres.2019.07.039: HTML tanpa tautan PDF
torraco2005,10.1177/1534484305278283,gagal,,0,https://doi.org/10.1177/1534484305278283: HTTP 403
torraco2016,10.1177/1534484316671606,gagal,,0,https://doi.org/10.1177/1534484316671606: HTTP 403
paul2020art,10.1016/j.ibusrev.2020.101717,gagal,,0,https://doi.org/10.1016/j.ibusrev.2020.101717: HTML tanpa tautan PDF
pare2015typology,10.1016/j.im.2014.08.008,gagal,,0,https://doi.org/10.1016/j.im.2014.08.008: HTML tanpa tautan PDF
templier2015framework,10.17705/1cais.03706,gagal,,0,https://aisel.aisnet.org/cgi/viewcontent.cgi?article=3871&context=cais: HTTP 403 | https://aisel.aisnet.org/cais/vol37/iss1/6: HTML tanpa tautan PDF | https://doi.org/10.17705/1cais.03706: HTML tanpa tautan PDF
lim2022,10.1080/02642069.2022.2047941,gagal,,0,https://doi.org/10.1080/02642069.2022.2047941: HTTP 403
tranfield2003,10.1111/1467-8551.00375,gagal,,0,https://papers.ssrn.com/sol3/Delivery.cfm/bjom_375.pdf?abstractid=447301&mirid=3: HTTP 403 | https://doi.org/10.1111/1467-8551.00375: HTTP 403
petersen2015mapping,10.1016/j.infsof.2015.03.007,gagal,,0,https://doi.org/10.1016/j.infsof.2015.03.007: HTML tanpa tautan PDF
paul2021spar4slr,10.1111/ijcs.12695,gagal,,0,https://doi.org/10.1111/ijcs.12695: HTTP 403
whittemore2005,10.1111/j.1365-2648.2005.03621.x,gagal,,0,https://doi.org/10.1111/j.1365-2648.2005.03621.x: HTTP 403
green2006narrative,10.1016/s0899-3467(07)60142-6,gagal,,0,https://www.ncbi.nlm.nih.gov/pmc/articles/2647067: citation_pdf_url gagal (bukan PDF) | https://doi.org/10.1016/s0899-3467(07)60142-6: HTML tanpa tautan PDF
shaffril2021abc,10.1007/s11135-020-01059-6,gagal,,0,https://doi.org/10.1007/s11135-020-01059-6: HTML tanpa tautan PDF
garousi2019mlr,10.1016/j.infsof.2018.09.006,ok,https://edepot.wur.nl/460935,1407369,
grant2009typology,10.1111/j.1471-1842.2009.00848.x,gagal,,0,http://usir.salford.ac.uk/id/eprint/13898/1/A_typology_of_reviews_an_analysis_of: HTTP 403 | https://doi.org/10.1111/j.1471-1842.2009.00848.x: HTTP 403
kitchenham2009,10.1016/j.infsof.2008.09.009,gagal,,0,https://durham-repository.worktribe.com/output/1523957: HTTP 403 | https://doi.org/10.1016/j.infsof.2008.09.009: HTML tanpa tautan PDF
alvesson2011problematization,10.5465/amr.2009.0188,gagal,,0,https://doi.org/10.5465/amr.2009.0188: HTTP 403
linnenluecke2020,10.1177/0312896219877678,gagal,,0,https://doi.org/10.1177/0312896219877678: HTTP 403
rowe2014,10.1057/ejis.2014.7,gagal,,0,https://doi.org/10.1057/ejis.2014.7: HTTP 403
post2020theory,10.1111/joms.12549,gagal,,0,https://doi.org/10.1111/joms.12549: HTTP 403
elsbach2020integrative,10.1111/joms.12581,gagal,,0,https://doi.org/10.1111/joms.12581: HTTP 403
watson2020roadmap,10.1080/12460125.2020.1798591,gagal,,0,https://doi.org/10.1080/12460125.2020.1798591: HTTP 403
zhou2016threats,10.1109/apsec.2016.031,gagal,,0,https://doi.org/10.1109/apsec.2016.031: HTTP 202
koirala2019review,10.1016/j.compag.2019.04.017,gagal,,0,https://doi.org/10.1016/j.compag.2019.04.017: HTML tanpa tautan PDF | https://figshare.com/articles/journal_contribution/Deep_learning_Method_overview: HTTP 202
gongal2015review,10.1016/j.compag.2015.05.021,gagal,,0,https://doi.org/10.1016/j.compag.2015.05.021: HTML tanpa tautan PDF
fu2020rgbd,10.1016/j.compag.2020.105687,gagal,,0,https://doi.org/10.1016/j.compag.2020.105687: HTML tanpa tautan PDF
vanklompenburg2020,10.1016/j.compag.2020.105709,gagal,,0,https://research.wur.nl/en/publications/crop-yield-prediction-using-machine-lear: HTML tanpa tautan PDF | https://doi.org/10.1016/j.compag.2020.105709: HTML tanpa tautan PDF
lu2020datasets,10.1016/j.compag.2020.105760,gagal,,0,https://doi.org/10.1016/j.compag.2020.105760: HTML tanpa tautan PDF | https://digitalcommons.usu.edu/cee_facpub/3797: HTML tanpa tautan PDF
goh2025ffb,10.1007/s11947-024-03483-0,gagal,,0,https://doi.org/10.1007/s11947-024-03483-0: HTML tanpa tautan PDF | https://figshare.com/articles/journal_contribution/Fresh_Fruit_Bunch_Ripeness_Cl: HTTP 202
kipli2023oilpalm,10.1016/j.atech.2023.100241,gagal,,0,https://doi.org/10.1016/j.atech.2023.100241: HTML tanpa tautan PDF | http://ir.unimas.my/id/eprint/42290/1/Deep%20learning.pdf: HTTP 503 | https://doaj.org/article/f04303de69a44014a4da74e3e96d9008: HTTP 403
rosell2012geometry,10.1016/j.compag.2011.09.007,gagal,,0,https://doi.org/10.1016/j.compag.2011.09.007: HTML tanpa tautan PDF
bai2023navigation,10.1016/j.compag.2022.107584,gagal,,0,https://doi.org/10.1016/j.compag.2022.107584: HTML tanpa tautan PDF
saputra2019slam,10.1145/3177853,gagal,,0,https://doi.org/10.1145/3177853: HTTP 403
wang2019weed,10.1016/j.compag.2019.02.005,gagal,,0,https://doi.org/10.1016/j.compag.2019.02.005: HTML tanpa tautan PDF
tian2020cv,10.1016/j.inpa.2019.09.006,gagal,,0,https://doaj.org/article/30486026dbf54ef8ab37a28a59f64db8: HTTP 403 | https://doi.org/10.1016/j.inpa.2019.09.006: HTML tanpa tautan PDF
tong2020small,10.1016/j.imavis.2020.103910,gagal,,0,https://doi.org/10.1016/j.imavis.2020.103910: HTML tanpa tautan PDF
